trade_date,market,industry,moneydj_sector_id,moneydj_market_index,moneydj_sector_index,moneydj_flow_rate_pct,source,source_url
2026-03-13,TWSE,水泥,EB011000,33400.32,123.97,0.12,moneydj,https://www.moneydj.com/Z/ZB/ZBA/CZBA1.DJBCD?a=EB011000
2026-03-16,TWSE,水泥,EB011000,33342.51,123.77,0.13,moneydj,https://www.moneydj.com/Z/ZB/ZBA/CZBA1.DJBCD?a=EB011000
2026-03-17,TWSE,水泥,EB011000,33836.57,123.18,0.09,moneydj,https://www.moneydj.com/Z/ZB/ZBA/CZBA1.DJBCD?a=EB011000
2026-03-18,TWSE,水泥,EB011000,34348.58,123.33,0.11,moneydj,https://www.moneydj.com/Z/ZB/ZBA/CZBA1.DJBCD?a=EB011000
2026-03-19,TWSE,水泥,EB011000,33689.68,121.04,0.14,moneydj,https://www.moneydj.com/Z/ZB/ZBA/CZBA1.DJBCD?a=EB011000
2026-03-20,TWSE,水泥,EB011000,33543.88,120.91,0.17,moneydj,https://www.moneydj.com/Z/ZB/ZBA/CZBA1.DJBCD?a=EB011000
2026-03-23,TWSE,水泥,EB011000,32722.5,118.12,0.16,moneydj,https://www.moneydj.com/Z/ZB/ZBA/CZBA1.DJBCD?a=EB011000
2026-03-24,TWSE,水泥,EB011000,32612.24,118.22,0.13,moneydj,https://www.moneydj.com/Z/ZB/ZBA/CZBA1.DJBCD?a=EB011000
2026-03-25,TWSE,水泥,EB011000,33439.11,119.26,0.15,moneydj,https://www.moneydj.com/Z/ZB/ZBA/CZBA1.DJBCD?a=EB011000
2026-03-26,TWSE,水泥,EB011000,33337.62,118.87,0.11,moneydj,https://www.moneydj.com/Z/ZB/ZBA/CZBA1.DJBCD?a=EB011000
2026-03-27,TWSE,水泥,EB011000,33112.59,118.84,0.11,moneydj,https://www.moneydj.com/Z/ZB/ZBA/CZBA1.DJBCD?a=EB011000
2026-03-30,TWSE,水泥,EB011000,32518.16,118.9,0.13,moneydj,https://www.moneydj.com/Z/ZB/ZBA/CZBA1.DJBCD?a=EB011000
2026-03-31,TWSE,水泥,EB011000,31722.99,119.36,0.18,moneydj,https://www.moneydj.com/Z/ZB/ZBA/CZBA1.DJBCD?a=EB011000
2026-04-01,TWSE,水泥,EB011000,33174.82,122.01,0.17,moneydj,https://www.moneydj.com/Z/ZB/ZBA/CZBA1.DJBCD?a=EB011000
2026-04-02,TWSE,水泥,EB011000,32572.43,121.74,0.13,moneydj,https://www.moneydj.com/Z/ZB/ZBA/CZBA1.DJBCD?a=EB011000
2026-04-07,TWSE,水泥,EB011000,33229.82,122.85,0.18,moneydj,https://www.moneydj.com/Z/ZB/ZBA/CZBA1.DJBCD?a=EB011000
2026-04-08,TWSE,水泥,EB011000,34761.38,126.75,0.22,moneydj,https://www.moneydj.com/Z/ZB/ZBA/CZBA1.DJBCD?a=EB011000
2026-04-09,TWSE,水泥,EB011000,34861.16,126.34,0.18,moneydj,https://www.moneydj.com/Z/ZB/ZBA/CZBA1.DJBCD?a=EB011000
2026-04-10,TWSE,水泥,EB011000,35417.83,126.89,0.2,moneydj,https://www.moneydj.com/Z/ZB/ZBA/CZBA1.DJBCD?a=EB011000
2026-04-13,TWSE,水泥,EB011000,35457.29,126.31,0.12,moneydj,https://www.moneydj.com/Z/ZB/ZBA/CZBA1.DJBCD?a=EB011000
2026-04-14,TWSE,水泥,EB011000,36296.12,126.48,0.1,moneydj,https://www.moneydj.com/Z/ZB/ZBA/CZBA1.DJBCD?a=EB011000
2026-04-15,TWSE,水泥,EB011000,36722.14,124.51,0.12,moneydj,https://www.moneydj.com/Z/ZB/ZBA/CZBA1.DJBCD?a=EB011000
2026-04-16,TWSE,水泥,EB011000,37132.02,125.8,0.1,moneydj,https://www.moneydj.com/Z/ZB/ZBA/CZBA1.DJBCD?a=EB011000
2026-04-17,TWSE,水泥,EB011000,36804.34,126.32,0.1,moneydj,https://www.moneydj.com/Z/ZB/ZBA/CZBA1.DJBCD?a=EB011000
2026-04-20,TWSE,水泥,EB011000,36958.8,124.45,0.11,moneydj,https://www.moneydj.com/Z/ZB/ZBA/CZBA1.DJBCD?a=EB011000
2026-04-21,TWSE,水泥,EB011000,37605.11,124.78,0.08,moneydj,https://www.moneydj.com/Z/ZB/ZBA/CZBA1.DJBCD?a=EB011000
2026-04-22,TWSE,水泥,EB011000,37878.47,124.4,0.09,moneydj,https://www.moneydj.com/Z/ZB/ZBA/CZBA1.DJBCD?a=EB011000
2026-04-23,TWSE,水泥,EB011000,37714.15,124.81,0.1,moneydj,https://www.moneydj.com/Z/ZB/ZBA/CZBA1.DJBCD?a=EB011000
2026-04-24,TWSE,水泥,EB011000,38932.4,124.35,0.09,moneydj,https://www.moneydj.com/Z/ZB/ZBA/CZBA1.DJBCD?a=EB011000
2026-04-27,TWSE,水泥,EB011000,39616.63,123.18,0.09,moneydj,https://www.moneydj.com/Z/ZB/ZBA/CZBA1.DJBCD?a=EB011000
2026-04-28,TWSE,水泥,EB011000,39521.73,123.49,0.08,moneydj,https://www.moneydj.com/Z/ZB/ZBA/CZBA1.DJBCD?a=EB011000
2026-04-29,TWSE,水泥,EB011000,39303.5,124.0,0.09,moneydj,https://www.moneydj.com/Z/ZB/ZBA/CZBA1.DJBCD?a=EB011000
2026-04-30,TWSE,水泥,EB011000,38926.63,123.45,0.09,moneydj,https://www.moneydj.com/Z/ZB/ZBA/CZBA1.DJBCD?a=EB011000
2026-05-04,TWSE,水泥,EB011000,40705.14,122.99,0.1,moneydj,https://www.moneydj.com/Z/ZB/ZBA/CZBA1.DJBCD?a=EB011000
2026-05-05,TWSE,水泥,EB011000,40769.29,122.16,0.09,moneydj,https://www.moneydj.com/Z/ZB/ZBA/CZBA1.DJBCD?a=EB011000
2026-05-06,TWSE,水泥,EB011000,41138.85,124.98,0.09,moneydj,https://www.moneydj.com/Z/ZB/ZBA/CZBA1.DJBCD?a=EB011000
2026-05-07,TWSE,水泥,EB011000,41933.78,125.84,0.1,moneydj,https://www.moneydj.com/Z/ZB/ZBA/CZBA1.DJBCD?a=EB011000
2026-05-08,TWSE,水泥,EB011000,41603.94,124.51,0.07,moneydj,https://www.moneydj.com/Z/ZB/ZBA/CZBA1.DJBCD?a=EB011000
2026-05-11,TWSE,水泥,EB011000,41790.06,125.28,0.08,moneydj,https://www.moneydj.com/Z/ZB/ZBA/CZBA1.DJBCD?a=EB011000
2026-05-12,TWSE,水泥,EB011000,41898.32,123.84,0.07,moneydj,https://www.moneydj.com/Z/ZB/ZBA/CZBA1.DJBCD?a=EB011000
2026-05-13,TWSE,水泥,EB011000,41374.5,123.87,0.08,moneydj,https://www.moneydj.com/Z/ZB/ZBA/CZBA1.DJBCD?a=EB011000
2026-05-14,TWSE,水泥,EB011000,41751.75,123.24,0.1,moneydj,https://www.moneydj.com/Z/ZB/ZBA/CZBA1.DJBCD?a=EB011000
2026-05-15,TWSE,水泥,EB011000,41172.36,120.78,0.09,moneydj,https://www.moneydj.com/Z/ZB/ZBA/CZBA1.DJBCD?a=EB011000
2026-05-18,TWSE,水泥,EB011000,40891.82,120.59,0.11,moneydj,https://www.moneydj.com/Z/ZB/ZBA/CZBA1.DJBCD?a=EB011000
2026-05-19,TWSE,水泥,EB011000,40175.56,121.6,0.09,moneydj,https://www.moneydj.com/Z/ZB/ZBA/CZBA1.DJBCD?a=EB011000
2026-05-20,TWSE,水泥,EB011000,40020.82,121.02,0.09,moneydj,https://www.moneydj.com/Z/ZB/ZBA/CZBA1.DJBCD?a=EB011000
2026-05-21,TWSE,水泥,EB011000,41368.21,121.8,0.07,moneydj,https://www.moneydj.com/Z/ZB/ZBA/CZBA1.DJBCD?a=EB011000
2026-05-22,TWSE,水泥,EB011000,42267.97,120.85,0.08,moneydj,https://www.moneydj.com/Z/ZB/ZBA/CZBA1.DJBCD?a=EB011000
2026-05-25,TWSE,水泥,EB011000,43644.4,120.36,0.13,moneydj,https://www.moneydj.com/Z/ZB/ZBA/CZBA1.DJBCD?a=EB011000
2026-05-26,TWSE,水泥,EB011000,43525.37,119.0,0.08,moneydj,https://www.moneydj.com/Z/ZB/ZBA/CZBA1.DJBCD?a=EB011000
2026-05-27,TWSE,水泥,EB011000,44256.8,118.4,0.08,moneydj,https://www.moneydj.com/Z/ZB/ZBA/CZBA1.DJBCD?a=EB011000
2026-05-28,TWSE,水泥,EB011000,43636.44,117.14,0.1,moneydj,https://www.moneydj.com/Z/ZB/ZBA/CZBA1.DJBCD?a=EB011000
2026-05-29,TWSE,水泥,EB011000,44732.94,121.32,0.43,moneydj,https://www.moneydj.com/Z/ZB/ZBA/CZBA1.DJBCD?a=EB011000
2026-06-01,TWSE,水泥,EB011000,45337.91,121.55,0.09,moneydj,https://www.moneydj.com/Z/ZB/ZBA/CZBA1.DJBCD?a=EB011000
2026-06-02,TWSE,水泥,EB011000,45557.31,121.94,0.1,moneydj,https://www.moneydj.com/Z/ZB/ZBA/CZBA1.DJBCD?a=EB011000
2026-06-03,TWSE,水泥,EB011000,46459.16,123.39,0.12,moneydj,https://www.moneydj.com/Z/ZB/ZBA/CZBA1.DJBCD?a=EB011000
2026-06-04,TWSE,水泥,EB011000,45677.46,122.72,0.11,moneydj,https://www.moneydj.com/Z/ZB/ZBA/CZBA1.DJBCD?a=EB011000
2026-06-05,TWSE,水泥,EB011000,45070.94,122.63,0.1,moneydj,https://www.moneydj.com/Z/ZB/ZBA/CZBA1.DJBCD?a=EB011000
2026-06-08,TWSE,水泥,EB011000,43502.78,120.01,0.16,moneydj,https://www.moneydj.com/Z/ZB/ZBA/CZBA1.DJBCD?a=EB011000
2026-06-09,TWSE,水泥,EB011000,44704.44,120.57,0.09,moneydj,https://www.moneydj.com/Z/ZB/ZBA/CZBA1.DJBCD?a=EB011000
2026-03-13,TWSE,食品,EB012000,33400.32,1906.83,0.2,moneydj,https://www.moneydj.com/Z/ZB/ZBA/CZBA1.DJBCD?a=EB012000
2026-03-16,TWSE,食品,EB012000,33342.51,1919.22,0.19,moneydj,https://www.moneydj.com/Z/ZB/ZBA/CZBA1.DJBCD?a=EB012000
2026-03-17,TWSE,食品,EB012000,33836.57,1928.34,0.19,moneydj,https://www.moneydj.com/Z/ZB/ZBA/CZBA1.DJBCD?a=EB012000
2026-03-18,TWSE,食品,EB012000,34348.58,1939.93,0.13,moneydj,https://www.moneydj.com/Z/ZB/ZBA/CZBA1.DJBCD?a=EB012000
2026-03-19,TWSE,食品,EB012000,33689.68,1916.51,0.15,moneydj,https://www.moneydj.com/Z/ZB/ZBA/CZBA1.DJBCD?a=EB012000
2026-03-20,TWSE,食品,EB012000,33543.88,1913.42,0.17,moneydj,https://www.moneydj.com/Z/ZB/ZBA/CZBA1.DJBCD?a=EB012000
2026-03-23,TWSE,食品,EB012000,32722.5,1894.42,0.21,moneydj,https://www.moneydj.com/Z/ZB/ZBA/CZBA1.DJBCD?a=EB012000
2026-03-24,TWSE,食品,EB012000,32612.24,1902.78,0.16,moneydj,https://www.moneydj.com/Z/ZB/ZBA/CZBA1.DJBCD?a=EB012000
2026-03-25,TWSE,食品,EB012000,33439.11,1917.5,0.2,moneydj,https://www.moneydj.com/Z/ZB/ZBA/CZBA1.DJBCD?a=EB012000
2026-03-26,TWSE,食品,EB012000,33337.62,1932.32,0.12,moneydj,https://www.moneydj.com/Z/ZB/ZBA/CZBA1.DJBCD?a=EB012000
2026-03-27,TWSE,食品,EB012000,33112.59,1942.92,0.2,moneydj,https://www.moneydj.com/Z/ZB/ZBA/CZBA1.DJBCD?a=EB012000
2026-03-30,TWSE,食品,EB012000,32518.16,1937.27,0.27,moneydj,https://www.moneydj.com/Z/ZB/ZBA/CZBA1.DJBCD?a=EB012000
2026-03-31,TWSE,食品,EB012000,31722.99,1919.73,0.21,moneydj,https://www.moneydj.com/Z/ZB/ZBA/CZBA1.DJBCD?a=EB012000
2026-04-01,TWSE,食品,EB012000,33174.82,1939.09,0.19,moneydj,https://www.moneydj.com/Z/ZB/ZBA/CZBA1.DJBCD?a=EB012000
2026-04-02,TWSE,食品,EB012000,32572.43,1947.9,0.18,moneydj,https://www.moneydj.com/Z/ZB/ZBA/CZBA1.DJBCD?a=EB012000
2026-04-07,TWSE,食品,EB012000,33229.82,1949.94,0.24,moneydj,https://www.moneydj.com/Z/ZB/ZBA/CZBA1.DJBCD?a=EB012000
2026-04-08,TWSE,食品,EB012000,34761.38,1953.43,0.15,moneydj,https://www.moneydj.com/Z/ZB/ZBA/CZBA1.DJBCD?a=EB012000
2026-04-09,TWSE,食品,EB012000,34861.16,1941.42,0.11,moneydj,https://www.moneydj.com/Z/ZB/ZBA/CZBA1.DJBCD?a=EB012000
2026-04-10,TWSE,食品,EB012000,35417.83,1940.96,0.17,moneydj,https://www.moneydj.com/Z/ZB/ZBA/CZBA1.DJBCD?a=EB012000
2026-04-13,TWSE,食品,EB012000,35457.29,1946.06,0.18,moneydj,https://www.moneydj.com/Z/ZB/ZBA/CZBA1.DJBCD?a=EB012000
2026-04-14,TWSE,食品,EB012000,36296.12,1943.35,0.13,moneydj,https://www.moneydj.com/Z/ZB/ZBA/CZBA1.DJBCD?a=EB012000
2026-04-15,TWSE,食品,EB012000,36722.14,1948.87,0.15,moneydj,https://www.moneydj.com/Z/ZB/ZBA/CZBA1.DJBCD?a=EB012000
2026-04-16,TWSE,食品,EB012000,37132.02,1961.74,0.12,moneydj,https://www.moneydj.com/Z/ZB/ZBA/CZBA1.DJBCD?a=EB012000
2026-04-17,TWSE,食品,EB012000,36804.34,1968.15,0.14,moneydj,https://www.moneydj.com/Z/ZB/ZBA/CZBA1.DJBCD?a=EB012000
2026-04-20,TWSE,食品,EB012000,36958.8,1951.77,0.19,moneydj,https://www.moneydj.com/Z/ZB/ZBA/CZBA1.DJBCD?a=EB012000
2026-04-21,TWSE,食品,EB012000,37605.11,1939.92,0.15,moneydj,https://www.moneydj.com/Z/ZB/ZBA/CZBA1.DJBCD?a=EB012000
2026-04-22,TWSE,食品,EB012000,37878.47,1941.61,0.16,moneydj,https://www.moneydj.com/Z/ZB/ZBA/CZBA1.DJBCD?a=EB012000
2026-04-23,TWSE,食品,EB012000,37714.15,1923.57,0.14,moneydj,https://www.moneydj.com/Z/ZB/ZBA/CZBA1.DJBCD?a=EB012000
2026-04-24,TWSE,食品,EB012000,38932.4,1911.68,0.14,moneydj,https://www.moneydj.com/Z/ZB/ZBA/CZBA1.DJBCD?a=EB012000
2026-04-27,TWSE,食品,EB012000,39616.63,1892.92,0.13,moneydj,https://www.moneydj.com/Z/ZB/ZBA/CZBA1.DJBCD?a=EB012000
2026-04-28,TWSE,食品,EB012000,39521.73,1897.18,0.11,moneydj,https://www.moneydj.com/Z/ZB/ZBA/CZBA1.DJBCD?a=EB012000
2026-04-29,TWSE,食品,EB012000,39303.5,1888.9,0.17,moneydj,https://www.moneydj.com/Z/ZB/ZBA/CZBA1.DJBCD?a=EB012000
2026-04-30,TWSE,食品,EB012000,38926.63,1870.19,0.14,moneydj,https://www.moneydj.com/Z/ZB/ZBA/CZBA1.DJBCD?a=EB012000
2026-05-04,TWSE,食品,EB012000,40705.14,1872.95,0.15,moneydj,https://www.moneydj.com/Z/ZB/ZBA/CZBA1.DJBCD?a=EB012000
2026-05-05,TWSE,食品,EB012000,40769.29,1867.88,0.12,moneydj,https://www.moneydj.com/Z/ZB/ZBA/CZBA1.DJBCD?a=EB012000
2026-05-06,TWSE,食品,EB012000,41138.85,1861.76,0.13,moneydj,https://www.moneydj.com/Z/ZB/ZBA/CZBA1.DJBCD?a=EB012000
2026-05-07,TWSE,食品,EB012000,41933.78,1873.52,0.18,moneydj,https://www.moneydj.com/Z/ZB/ZBA/CZBA1.DJBCD?a=EB012000
2026-05-08,TWSE,食品,EB012000,41603.94,1927.67,0.27,moneydj,https://www.moneydj.com/Z/ZB/ZBA/CZBA1.DJBCD?a=EB012000
2026-05-11,TWSE,食品,EB012000,41790.06,1929.26,0.17,moneydj,https://www.moneydj.com/Z/ZB/ZBA/CZBA1.DJBCD?a=EB012000
2026-05-12,TWSE,食品,EB012000,41898.32,1912.72,0.14,moneydj,https://www.moneydj.com/Z/ZB/ZBA/CZBA1.DJBCD?a=EB012000
2026-05-13,TWSE,食品,EB012000,41374.5,1941.52,0.2,moneydj,https://www.moneydj.com/Z/ZB/ZBA/CZBA1.DJBCD?a=EB012000
2026-05-14,TWSE,食品,EB012000,41751.75,1931.92,0.13,moneydj,https://www.moneydj.com/Z/ZB/ZBA/CZBA1.DJBCD?a=EB012000
2026-05-15,TWSE,食品,EB012000,41172.36,1940.87,0.16,moneydj,https://www.moneydj.com/Z/ZB/ZBA/CZBA1.DJBCD?a=EB012000
2026-05-18,TWSE,食品,EB012000,40891.82,1922.7,0.15,moneydj,https://www.moneydj.com/Z/ZB/ZBA/CZBA1.DJBCD?a=EB012000
2026-05-19,TWSE,食品,EB012000,40175.56,1928.51,0.13,moneydj,https://www.moneydj.com/Z/ZB/ZBA/CZBA1.DJBCD?a=EB012000
2026-05-20,TWSE,食品,EB012000,40020.82,1904.46,0.16,moneydj,https://www.moneydj.com/Z/ZB/ZBA/CZBA1.DJBCD?a=EB012000
2026-05-21,TWSE,食品,EB012000,41368.21,1906.53,0.16,moneydj,https://www.moneydj.com/Z/ZB/ZBA/CZBA1.DJBCD?a=EB012000
2026-05-22,TWSE,食品,EB012000,42267.97,1880.18,0.16,moneydj,https://www.moneydj.com/Z/ZB/ZBA/CZBA1.DJBCD?a=EB012000
2026-05-25,TWSE,食品,EB012000,43644.4,1872.59,0.14,moneydj,https://www.moneydj.com/Z/ZB/ZBA/CZBA1.DJBCD?a=EB012000
2026-05-26,TWSE,食品,EB012000,43525.37,1875.51,0.14,moneydj,https://www.moneydj.com/Z/ZB/ZBA/CZBA1.DJBCD?a=EB012000
2026-05-27,TWSE,食品,EB012000,44256.8,1855.67,0.18,moneydj,https://www.moneydj.com/Z/ZB/ZBA/CZBA1.DJBCD?a=EB012000
2026-05-28,TWSE,食品,EB012000,43636.44,1859.08,0.15,moneydj,https://www.moneydj.com/Z/ZB/ZBA/CZBA1.DJBCD?a=EB012000
2026-05-29,TWSE,食品,EB012000,44732.94,1878.28,0.19,moneydj,https://www.moneydj.com/Z/ZB/ZBA/CZBA1.DJBCD?a=EB012000
2026-06-01,TWSE,食品,EB012000,45337.91,1907.46,0.19,moneydj,https://www.moneydj.com/Z/ZB/ZBA/CZBA1.DJBCD?a=EB012000
2026-06-02,TWSE,食品,EB012000,45557.31,1925.2,0.24,moneydj,https://www.moneydj.com/Z/ZB/ZBA/CZBA1.DJBCD?a=EB012000
2026-06-03,TWSE,食品,EB012000,46459.16,1918.88,0.24,moneydj,https://www.moneydj.com/Z/ZB/ZBA/CZBA1.DJBCD?a=EB012000
2026-06-04,TWSE,食品,EB012000,45677.46,1922.64,0.21,moneydj,https://www.moneydj.com/Z/ZB/ZBA/CZBA1.DJBCD?a=EB012000
2026-06-05,TWSE,食品,EB012000,45070.94,1925.06,0.19,moneydj,https://www.moneydj.com/Z/ZB/ZBA/CZBA1.DJBCD?a=EB012000
2026-06-08,TWSE,食品,EB012000,43502.78,1895.39,0.21,moneydj,https://www.moneydj.com/Z/ZB/ZBA/CZBA1.DJBCD?a=EB012000
2026-06-09,TWSE,食品,EB012000,44704.44,1916.81,0.19,moneydj,https://www.moneydj.com/Z/ZB/ZBA/CZBA1.DJBCD?a=EB012000
2026-03-13,TWSE,塑膠,EB013000,33400.32,186.11,2.26,moneydj,https://www.moneydj.com/Z/ZB/ZBA/CZBA1.DJBCD?a=EB013000
2026-03-16,TWSE,塑膠,EB013000,33342.51,195.97,3.12,moneydj,https://www.moneydj.com/Z/ZB/ZBA/CZBA1.DJBCD?a=EB013000
2026-03-17,TWSE,塑膠,EB013000,33836.57,191.16,1.57,moneydj,https://www.moneydj.com/Z/ZB/ZBA/CZBA1.DJBCD?a=EB013000
2026-03-18,TWSE,塑膠,EB013000,34348.58,194.08,1.07,moneydj,https://www.moneydj.com/Z/ZB/ZBA/CZBA1.DJBCD?a=EB013000
2026-03-19,TWSE,塑膠,EB013000,33689.68,194.36,1.62,moneydj,https://www.moneydj.com/Z/ZB/ZBA/CZBA1.DJBCD?a=EB013000
2026-03-20,TWSE,塑膠,EB013000,33543.88,186.77,1.58,moneydj,https://www.moneydj.com/Z/ZB/ZBA/CZBA1.DJBCD?a=EB013000
2026-03-23,TWSE,塑膠,EB013000,32722.5,177.57,1.91,moneydj,https://www.moneydj.com/Z/ZB/ZBA/CZBA1.DJBCD?a=EB013000
2026-03-24,TWSE,塑膠,EB013000,32612.24,175.59,1.45,moneydj,https://www.moneydj.com/Z/ZB/ZBA/CZBA1.DJBCD?a=EB013000
2026-03-25,TWSE,塑膠,EB013000,33439.11,179.3,1.26,moneydj,https://www.moneydj.com/Z/ZB/ZBA/CZBA1.DJBCD?a=EB013000
2026-03-26,TWSE,塑膠,EB013000,33337.62,182.28,1.67,moneydj,https://www.moneydj.com/Z/ZB/ZBA/CZBA1.DJBCD?a=EB013000
2026-03-27,TWSE,塑膠,EB013000,33112.59,180.44,1.47,moneydj,https://www.moneydj.com/Z/ZB/ZBA/CZBA1.DJBCD?a=EB013000
2026-03-30,TWSE,塑膠,EB013000,32518.16,194.04,3.41,moneydj,https://www.moneydj.com/Z/ZB/ZBA/CZBA1.DJBCD?a=EB013000
2026-03-31,TWSE,塑膠,EB013000,31722.99,180.12,2.91,moneydj,https://www.moneydj.com/Z/ZB/ZBA/CZBA1.DJBCD?a=EB013000
2026-04-01,TWSE,塑膠,EB013000,33174.82,186.11,2.31,moneydj,https://www.moneydj.com/Z/ZB/ZBA/CZBA1.DJBCD?a=EB013000
2026-04-02,TWSE,塑膠,EB013000,32572.43,183.74,1.76,moneydj,https://www.moneydj.com/Z/ZB/ZBA/CZBA1.DJBCD?a=EB013000
2026-04-07,TWSE,塑膠,EB013000,33229.82,189.47,2.4,moneydj,https://www.moneydj.com/Z/ZB/ZBA/CZBA1.DJBCD?a=EB013000
2026-04-08,TWSE,塑膠,EB013000,34761.38,192.79,1.59,moneydj,https://www.moneydj.com/Z/ZB/ZBA/CZBA1.DJBCD?a=EB013000
2026-04-09,TWSE,塑膠,EB013000,34861.16,193.34,1.85,moneydj,https://www.moneydj.com/Z/ZB/ZBA/CZBA1.DJBCD?a=EB013000
2026-04-10,TWSE,塑膠,EB013000,35417.83,188.63,1.3,moneydj,https://www.moneydj.com/Z/ZB/ZBA/CZBA1.DJBCD?a=EB013000
2026-04-13,TWSE,塑膠,EB013000,35457.29,201.43,2.49,moneydj,https://www.moneydj.com/Z/ZB/ZBA/CZBA1.DJBCD?a=EB013000
2026-04-14,TWSE,塑膠,EB013000,36296.12,211.46,2.7,moneydj,https://www.moneydj.com/Z/ZB/ZBA/CZBA1.DJBCD?a=EB013000
2026-04-15,TWSE,塑膠,EB013000,36722.14,205.14,2.01,moneydj,https://www.moneydj.com/Z/ZB/ZBA/CZBA1.DJBCD?a=EB013000
2026-04-16,TWSE,塑膠,EB013000,37132.02,210.42,1.45,moneydj,https://www.moneydj.com/Z/ZB/ZBA/CZBA1.DJBCD?a=EB013000
2026-04-17,TWSE,塑膠,EB013000,36804.34,205.06,1.35,moneydj,https://www.moneydj.com/Z/ZB/ZBA/CZBA1.DJBCD?a=EB013000
2026-04-20,TWSE,塑膠,EB013000,36958.8,201.6,0.99,moneydj,https://www.moneydj.com/Z/ZB/ZBA/CZBA1.DJBCD?a=EB013000
2026-04-21,TWSE,塑膠,EB013000,37605.11,203.73,0.81,moneydj,https://www.moneydj.com/Z/ZB/ZBA/CZBA1.DJBCD?a=EB013000
2026-04-22,TWSE,塑膠,EB013000,37878.47,204.83,0.83,moneydj,https://www.moneydj.com/Z/ZB/ZBA/CZBA1.DJBCD?a=EB013000
2026-04-23,TWSE,塑膠,EB013000,37714.15,198.64,0.95,moneydj,https://www.moneydj.com/Z/ZB/ZBA/CZBA1.DJBCD?a=EB013000
2026-04-24,TWSE,塑膠,EB013000,38932.4,198.34,0.79,moneydj,https://www.moneydj.com/Z/ZB/ZBA/CZBA1.DJBCD?a=EB013000
2026-04-27,TWSE,塑膠,EB013000,39616.63,200.88,0.7,moneydj,https://www.moneydj.com/Z/ZB/ZBA/CZBA1.DJBCD?a=EB013000
2026-04-28,TWSE,塑膠,EB013000,39521.73,204.48,1.1,moneydj,https://www.moneydj.com/Z/ZB/ZBA/CZBA1.DJBCD?a=EB013000
2026-04-29,TWSE,塑膠,EB013000,39303.5,207.32,1.36,moneydj,https://www.moneydj.com/Z/ZB/ZBA/CZBA1.DJBCD?a=EB013000
2026-04-30,TWSE,塑膠,EB013000,38926.63,205.65,1.21,moneydj,https://www.moneydj.com/Z/ZB/ZBA/CZBA1.DJBCD?a=EB013000
2026-05-04,TWSE,塑膠,EB013000,40705.14,201.83,0.76,moneydj,https://www.moneydj.com/Z/ZB/ZBA/CZBA1.DJBCD?a=EB013000
2026-05-05,TWSE,塑膠,EB013000,40769.29,209.39,1.39,moneydj,https://www.moneydj.com/Z/ZB/ZBA/CZBA1.DJBCD?a=EB013000
2026-05-06,TWSE,塑膠,EB013000,41138.85,207.54,1.16,moneydj,https://www.moneydj.com/Z/ZB/ZBA/CZBA1.DJBCD?a=EB013000
2026-05-07,TWSE,塑膠,EB013000,41933.78,201.52,0.84,moneydj,https://www.moneydj.com/Z/ZB/ZBA/CZBA1.DJBCD?a=EB013000
2026-05-08,TWSE,塑膠,EB013000,41603.94,196.55,0.77,moneydj,https://www.moneydj.com/Z/ZB/ZBA/CZBA1.DJBCD?a=EB013000
2026-05-11,TWSE,塑膠,EB013000,41790.06,201.2,0.65,moneydj,https://www.moneydj.com/Z/ZB/ZBA/CZBA1.DJBCD?a=EB013000
2026-05-12,TWSE,塑膠,EB013000,41898.32,196.35,0.56,moneydj,https://www.moneydj.com/Z/ZB/ZBA/CZBA1.DJBCD?a=EB013000
2026-05-13,TWSE,塑膠,EB013000,41374.5,191.91,0.55,moneydj,https://www.moneydj.com/Z/ZB/ZBA/CZBA1.DJBCD?a=EB013000
2026-05-14,TWSE,塑膠,EB013000,41751.75,188.67,0.54,moneydj,https://www.moneydj.com/Z/ZB/ZBA/CZBA1.DJBCD?a=EB013000
2026-05-15,TWSE,塑膠,EB013000,41172.36,187.62,0.66,moneydj,https://www.moneydj.com/Z/ZB/ZBA/CZBA1.DJBCD?a=EB013000
2026-05-18,TWSE,塑膠,EB013000,40891.82,187.5,0.56,moneydj,https://www.moneydj.com/Z/ZB/ZBA/CZBA1.DJBCD?a=EB013000
2026-05-19,TWSE,塑膠,EB013000,40175.56,184.46,0.59,moneydj,https://www.moneydj.com/Z/ZB/ZBA/CZBA1.DJBCD?a=EB013000
2026-05-20,TWSE,塑膠,EB013000,40020.82,182.7,0.53,moneydj,https://www.moneydj.com/Z/ZB/ZBA/CZBA1.DJBCD?a=EB013000
2026-05-21,TWSE,塑膠,EB013000,41368.21,191.07,0.74,moneydj,https://www.moneydj.com/Z/ZB/ZBA/CZBA1.DJBCD?a=EB013000
2026-05-22,TWSE,塑膠,EB013000,42267.97,189.96,0.46,moneydj,https://www.moneydj.com/Z/ZB/ZBA/CZBA1.DJBCD?a=EB013000
2026-05-25,TWSE,塑膠,EB013000,43644.4,189.46,0.39,moneydj,https://www.moneydj.com/Z/ZB/ZBA/CZBA1.DJBCD?a=EB013000
2026-05-26,TWSE,塑膠,EB013000,43525.37,192.79,0.76,moneydj,https://www.moneydj.com/Z/ZB/ZBA/CZBA1.DJBCD?a=EB013000
2026-05-27,TWSE,塑膠,EB013000,44256.8,199.18,0.87,moneydj,https://www.moneydj.com/Z/ZB/ZBA/CZBA1.DJBCD?a=EB013000
2026-05-28,TWSE,塑膠,EB013000,43636.44,193.89,0.67,moneydj,https://www.moneydj.com/Z/ZB/ZBA/CZBA1.DJBCD?a=EB013000
2026-05-29,TWSE,塑膠,EB013000,44732.94,207.91,1.09,moneydj,https://www.moneydj.com/Z/ZB/ZBA/CZBA1.DJBCD?a=EB013000
2026-06-01,TWSE,塑膠,EB013000,45337.91,224.11,1.25,moneydj,https://www.moneydj.com/Z/ZB/ZBA/CZBA1.DJBCD?a=EB013000
2026-06-02,TWSE,塑膠,EB013000,45557.31,231.47,1.55,moneydj,https://www.moneydj.com/Z/ZB/ZBA/CZBA1.DJBCD?a=EB013000
2026-06-03,TWSE,塑膠,EB013000,46459.16,235.83,1.2,moneydj,https://www.moneydj.com/Z/ZB/ZBA/CZBA1.DJBCD?a=EB013000
2026-06-04,TWSE,塑膠,EB013000,45677.46,231.29,1.21,moneydj,https://www.moneydj.com/Z/ZB/ZBA/CZBA1.DJBCD?a=EB013000
2026-06-05,TWSE,塑膠,EB013000,45070.94,220.37,0.76,moneydj,https://www.moneydj.com/Z/ZB/ZBA/CZBA1.DJBCD?a=EB013000
2026-06-08,TWSE,塑膠,EB013000,43502.78,206.24,0.77,moneydj,https://www.moneydj.com/Z/ZB/ZBA/CZBA1.DJBCD?a=EB013000
2026-06-09,TWSE,塑膠,EB013000,44704.44,207.36,0.81,moneydj,https://www.moneydj.com/Z/ZB/ZBA/CZBA1.DJBCD?a=EB013000
2026-03-13,TWSE,紡織纖維,EB014000,33400.32,492.04,0.28,moneydj,https://www.moneydj.com/Z/ZB/ZBA/CZBA1.DJBCD?a=EB014000
2026-03-16,TWSE,紡織纖維,EB014000,33342.51,493.05,0.22,moneydj,https://www.moneydj.com/Z/ZB/ZBA/CZBA1.DJBCD?a=EB014000
2026-03-17,TWSE,紡織纖維,EB014000,33836.57,492.97,0.21,moneydj,https://www.moneydj.com/Z/ZB/ZBA/CZBA1.DJBCD?a=EB014000
2026-03-18,TWSE,紡織纖維,EB014000,34348.58,502.22,0.23,moneydj,https://www.moneydj.com/Z/ZB/ZBA/CZBA1.DJBCD?a=EB014000
2026-03-19,TWSE,紡織纖維,EB014000,33689.68,493.77,0.28,moneydj,https://www.moneydj.com/Z/ZB/ZBA/CZBA1.DJBCD?a=EB014000
2026-03-20,TWSE,紡織纖維,EB014000,33543.88,486.66,0.28,moneydj,https://www.moneydj.com/Z/ZB/ZBA/CZBA1.DJBCD?a=EB014000
2026-03-23,TWSE,紡織纖維,EB014000,32722.5,474.78,0.26,moneydj,https://www.moneydj.com/Z/ZB/ZBA/CZBA1.DJBCD?a=EB014000
2026-03-24,TWSE,紡織纖維,EB014000,32612.24,473.66,0.26,moneydj,https://www.moneydj.com/Z/ZB/ZBA/CZBA1.DJBCD?a=EB014000
2026-03-25,TWSE,紡織纖維,EB014000,33439.11,472.68,0.26,moneydj,https://www.moneydj.com/Z/ZB/ZBA/CZBA1.DJBCD?a=EB014000
2026-03-26,TWSE,紡織纖維,EB014000,33337.62,469.83,0.27,moneydj,https://www.moneydj.com/Z/ZB/ZBA/CZBA1.DJBCD?a=EB014000
2026-03-27,TWSE,紡織纖維,EB014000,33112.59,469.15,0.27,moneydj,https://www.moneydj.com/Z/ZB/ZBA/CZBA1.DJBCD?a=EB014000
2026-03-30,TWSE,紡織纖維,EB014000,32518.16,463.49,0.24,moneydj,https://www.moneydj.com/Z/ZB/ZBA/CZBA1.DJBCD?a=EB014000
2026-03-31,TWSE,紡織纖維,EB014000,31722.99,458.17,0.21,moneydj,https://www.moneydj.com/Z/ZB/ZBA/CZBA1.DJBCD?a=EB014000
2026-04-01,TWSE,紡織纖維,EB014000,33174.82,464.77,0.41,moneydj,https://www.moneydj.com/Z/ZB/ZBA/CZBA1.DJBCD?a=EB014000
2026-04-02,TWSE,紡織纖維,EB014000,32572.43,455.87,0.26,moneydj,https://www.moneydj.com/Z/ZB/ZBA/CZBA1.DJBCD?a=EB014000
2026-04-07,TWSE,紡織纖維,EB014000,33229.82,454.68,0.18,moneydj,https://www.moneydj.com/Z/ZB/ZBA/CZBA1.DJBCD?a=EB014000
2026-04-08,TWSE,紡織纖維,EB014000,34761.38,458.71,0.19,moneydj,https://www.moneydj.com/Z/ZB/ZBA/CZBA1.DJBCD?a=EB014000
2026-04-09,TWSE,紡織纖維,EB014000,34861.16,463.02,0.18,moneydj,https://www.moneydj.com/Z/ZB/ZBA/CZBA1.DJBCD?a=EB014000
2026-04-10,TWSE,紡織纖維,EB014000,35417.83,461.13,0.16,moneydj,https://www.moneydj.com/Z/ZB/ZBA/CZBA1.DJBCD?a=EB014000
2026-04-13,TWSE,紡織纖維,EB014000,35457.29,461.03,0.26,moneydj,https://www.moneydj.com/Z/ZB/ZBA/CZBA1.DJBCD?a=EB014000
2026-04-14,TWSE,紡織纖維,EB014000,36296.12,467.28,0.17,moneydj,https://www.moneydj.com/Z/ZB/ZBA/CZBA1.DJBCD?a=EB014000
2026-04-15,TWSE,紡織纖維,EB014000,36722.14,465.75,0.18,moneydj,https://www.moneydj.com/Z/ZB/ZBA/CZBA1.DJBCD?a=EB014000
2026-04-16,TWSE,紡織纖維,EB014000,37132.02,468.58,0.17,moneydj,https://www.moneydj.com/Z/ZB/ZBA/CZBA1.DJBCD?a=EB014000
2026-04-17,TWSE,紡織纖維,EB014000,36804.34,466.55,0.13,moneydj,https://www.moneydj.com/Z/ZB/ZBA/CZBA1.DJBCD?a=EB014000
2026-04-20,TWSE,紡織纖維,EB014000,36958.8,468.98,0.19,moneydj,https://www.moneydj.com/Z/ZB/ZBA/CZBA1.DJBCD?a=EB014000
2026-04-21,TWSE,紡織纖維,EB014000,37605.11,466.23,0.19,moneydj,https://www.moneydj.com/Z/ZB/ZBA/CZBA1.DJBCD?a=EB014000
2026-04-22,TWSE,紡織纖維,EB014000,37878.47,464.88,0.24,moneydj,https://www.moneydj.com/Z/ZB/ZBA/CZBA1.DJBCD?a=EB014000
2026-04-23,TWSE,紡織纖維,EB014000,37714.15,459.47,0.16,moneydj,https://www.moneydj.com/Z/ZB/ZBA/CZBA1.DJBCD?a=EB014000
2026-04-24,TWSE,紡織纖維,EB014000,38932.4,458.33,0.13,moneydj,https://www.moneydj.com/Z/ZB/ZBA/CZBA1.DJBCD?a=EB014000
2026-04-27,TWSE,紡織纖維,EB014000,39616.63,451.81,0.11,moneydj,https://www.moneydj.com/Z/ZB/ZBA/CZBA1.DJBCD?a=EB014000
2026-04-28,TWSE,紡織纖維,EB014000,39521.73,457.36,0.13,moneydj,https://www.moneydj.com/Z/ZB/ZBA/CZBA1.DJBCD?a=EB014000
2026-04-29,TWSE,紡織纖維,EB014000,39303.5,456.83,0.14,moneydj,https://www.moneydj.com/Z/ZB/ZBA/CZBA1.DJBCD?a=EB014000
2026-04-30,TWSE,紡織纖維,EB014000,38926.63,453.59,0.13,moneydj,https://www.moneydj.com/Z/ZB/ZBA/CZBA1.DJBCD?a=EB014000
2026-05-04,TWSE,紡織纖維,EB014000,40705.14,452.26,0.13,moneydj,https://www.moneydj.com/Z/ZB/ZBA/CZBA1.DJBCD?a=EB014000
2026-05-05,TWSE,紡織纖維,EB014000,40769.29,453.91,0.15,moneydj,https://www.moneydj.com/Z/ZB/ZBA/CZBA1.DJBCD?a=EB014000
2026-05-06,TWSE,紡織纖維,EB014000,41138.85,456.01,0.09,moneydj,https://www.moneydj.com/Z/ZB/ZBA/CZBA1.DJBCD?a=EB014000
2026-05-07,TWSE,紡織纖維,EB014000,41933.78,457.88,0.14,moneydj,https://www.moneydj.com/Z/ZB/ZBA/CZBA1.DJBCD?a=EB014000
2026-05-08,TWSE,紡織纖維,EB014000,41603.94,459.9,0.12,moneydj,https://www.moneydj.com/Z/ZB/ZBA/CZBA1.DJBCD?a=EB014000
2026-05-11,TWSE,紡織纖維,EB014000,41790.06,461.72,0.13,moneydj,https://www.moneydj.com/Z/ZB/ZBA/CZBA1.DJBCD?a=EB014000
2026-05-12,TWSE,紡織纖維,EB014000,41898.32,464.1,0.18,moneydj,https://www.moneydj.com/Z/ZB/ZBA/CZBA1.DJBCD?a=EB014000
2026-05-13,TWSE,紡織纖維,EB014000,41374.5,465.38,0.12,moneydj,https://www.moneydj.com/Z/ZB/ZBA/CZBA1.DJBCD?a=EB014000
2026-05-14,TWSE,紡織纖維,EB014000,41751.75,461.47,0.16,moneydj,https://www.moneydj.com/Z/ZB/ZBA/CZBA1.DJBCD?a=EB014000
2026-05-15,TWSE,紡織纖維,EB014000,41172.36,457.23,0.16,moneydj,https://www.moneydj.com/Z/ZB/ZBA/CZBA1.DJBCD?a=EB014000
2026-05-18,TWSE,紡織纖維,EB014000,40891.82,449.48,0.16,moneydj,https://www.moneydj.com/Z/ZB/ZBA/CZBA1.DJBCD?a=EB014000
2026-05-19,TWSE,紡織纖維,EB014000,40175.56,447.57,0.16,moneydj,https://www.moneydj.com/Z/ZB/ZBA/CZBA1.DJBCD?a=EB014000
2026-05-20,TWSE,紡織纖維,EB014000,40020.82,452.79,0.23,moneydj,https://www.moneydj.com/Z/ZB/ZBA/CZBA1.DJBCD?a=EB014000
2026-05-21,TWSE,紡織纖維,EB014000,41368.21,460.86,0.21,moneydj,https://www.moneydj.com/Z/ZB/ZBA/CZBA1.DJBCD?a=EB014000
2026-05-22,TWSE,紡織纖維,EB014000,42267.97,460.36,0.2,moneydj,https://www.moneydj.com/Z/ZB/ZBA/CZBA1.DJBCD?a=EB014000
2026-05-25,TWSE,紡織纖維,EB014000,43644.4,460.08,0.2,moneydj,https://www.moneydj.com/Z/ZB/ZBA/CZBA1.DJBCD?a=EB014000
2026-05-26,TWSE,紡織纖維,EB014000,43525.37,452.47,0.2,moneydj,https://www.moneydj.com/Z/ZB/ZBA/CZBA1.DJBCD?a=EB014000
2026-05-27,TWSE,紡織纖維,EB014000,44256.8,440.83,0.44,moneydj,https://www.moneydj.com/Z/ZB/ZBA/CZBA1.DJBCD?a=EB014000
2026-05-28,TWSE,紡織纖維,EB014000,43636.44,453.84,0.34,moneydj,https://www.moneydj.com/Z/ZB/ZBA/CZBA1.DJBCD?a=EB014000
2026-05-29,TWSE,紡織纖維,EB014000,44732.94,464.82,0.52,moneydj,https://www.moneydj.com/Z/ZB/ZBA/CZBA1.DJBCD?a=EB014000
2026-06-01,TWSE,紡織纖維,EB014000,45337.91,472.47,0.27,moneydj,https://www.moneydj.com/Z/ZB/ZBA/CZBA1.DJBCD?a=EB014000
2026-06-02,TWSE,紡織纖維,EB014000,45557.31,485.72,0.35,moneydj,https://www.moneydj.com/Z/ZB/ZBA/CZBA1.DJBCD?a=EB014000
2026-06-03,TWSE,紡織纖維,EB014000,46459.16,505.65,0.34,moneydj,https://www.moneydj.com/Z/ZB/ZBA/CZBA1.DJBCD?a=EB014000
2026-06-04,TWSE,紡織纖維,EB014000,45677.46,501.57,0.41,moneydj,https://www.moneydj.com/Z/ZB/ZBA/CZBA1.DJBCD?a=EB014000
2026-06-05,TWSE,紡織纖維,EB014000,45070.94,495.16,0.35,moneydj,https://www.moneydj.com/Z/ZB/ZBA/CZBA1.DJBCD?a=EB014000
2026-06-08,TWSE,紡織纖維,EB014000,43502.78,480.68,0.34,moneydj,https://www.moneydj.com/Z/ZB/ZBA/CZBA1.DJBCD?a=EB014000
2026-06-09,TWSE,紡織纖維,EB014000,44704.44,489.05,0.26,moneydj,https://www.moneydj.com/Z/ZB/ZBA/CZBA1.DJBCD?a=EB014000
2026-03-13,TWSE,電機機械,EB015000,33400.32,470.3,2.11,moneydj,https://www.moneydj.com/Z/ZB/ZBA/CZBA1.DJBCD?a=EB015000
2026-03-16,TWSE,電機機械,EB015000,33342.51,467.6,2.15,moneydj,https://www.moneydj.com/Z/ZB/ZBA/CZBA1.DJBCD?a=EB015000
2026-03-17,TWSE,電機機械,EB015000,33836.57,471.79,1.54,moneydj,https://www.moneydj.com/Z/ZB/ZBA/CZBA1.DJBCD?a=EB015000
2026-03-18,TWSE,電機機械,EB015000,34348.58,478.09,1.5,moneydj,https://www.moneydj.com/Z/ZB/ZBA/CZBA1.DJBCD?a=EB015000
2026-03-19,TWSE,電機機械,EB015000,33689.68,469.31,1.34,moneydj,https://www.moneydj.com/Z/ZB/ZBA/CZBA1.DJBCD?a=EB015000
2026-03-20,TWSE,電機機械,EB015000,33543.88,463.3,1.48,moneydj,https://www.moneydj.com/Z/ZB/ZBA/CZBA1.DJBCD?a=EB015000
2026-03-23,TWSE,電機機械,EB015000,32722.5,448.62,2.03,moneydj,https://www.moneydj.com/Z/ZB/ZBA/CZBA1.DJBCD?a=EB015000
2026-03-24,TWSE,電機機械,EB015000,32612.24,445.79,2.09,moneydj,https://www.moneydj.com/Z/ZB/ZBA/CZBA1.DJBCD?a=EB015000
2026-03-25,TWSE,電機機械,EB015000,33439.11,462.31,1.97,moneydj,https://www.moneydj.com/Z/ZB/ZBA/CZBA1.DJBCD?a=EB015000
2026-03-26,TWSE,電機機械,EB015000,33337.62,458.18,1.66,moneydj,https://www.moneydj.com/Z/ZB/ZBA/CZBA1.DJBCD?a=EB015000
2026-03-27,TWSE,電機機械,EB015000,33112.59,453.23,1.79,moneydj,https://www.moneydj.com/Z/ZB/ZBA/CZBA1.DJBCD?a=EB015000
2026-03-30,TWSE,電機機械,EB015000,32518.16,450.91,2.11,moneydj,https://www.moneydj.com/Z/ZB/ZBA/CZBA1.DJBCD?a=EB015000
2026-03-31,TWSE,電機機械,EB015000,31722.99,433.64,2.85,moneydj,https://www.moneydj.com/Z/ZB/ZBA/CZBA1.DJBCD?a=EB015000
2026-04-01,TWSE,電機機械,EB015000,33174.82,448.19,3.02,moneydj,https://www.moneydj.com/Z/ZB/ZBA/CZBA1.DJBCD?a=EB015000
2026-04-02,TWSE,電機機械,EB015000,32572.43,441.02,2.41,moneydj,https://www.moneydj.com/Z/ZB/ZBA/CZBA1.DJBCD?a=EB015000
2026-04-07,TWSE,電機機械,EB015000,33229.82,447.64,2.61,moneydj,https://www.moneydj.com/Z/ZB/ZBA/CZBA1.DJBCD?a=EB015000
2026-04-08,TWSE,電機機械,EB015000,34761.38,465.15,1.93,moneydj,https://www.moneydj.com/Z/ZB/ZBA/CZBA1.DJBCD?a=EB015000
2026-04-09,TWSE,電機機械,EB015000,34861.16,464.99,1.93,moneydj,https://www.moneydj.com/Z/ZB/ZBA/CZBA1.DJBCD?a=EB015000
2026-04-10,TWSE,電機機械,EB015000,35417.83,473.53,1.82,moneydj,https://www.moneydj.com/Z/ZB/ZBA/CZBA1.DJBCD?a=EB015000
2026-04-13,TWSE,電機機械,EB015000,35457.29,479.44,2.16,moneydj,https://www.moneydj.com/Z/ZB/ZBA/CZBA1.DJBCD?a=EB015000
2026-04-14,TWSE,電機機械,EB015000,36296.12,491.22,2.48,moneydj,https://www.moneydj.com/Z/ZB/ZBA/CZBA1.DJBCD?a=EB015000
2026-04-15,TWSE,電機機械,EB015000,36722.14,504.33,2.85,moneydj,https://www.moneydj.com/Z/ZB/ZBA/CZBA1.DJBCD?a=EB015000
2026-04-16,TWSE,電機機械,EB015000,37132.02,508.95,2.36,moneydj,https://www.moneydj.com/Z/ZB/ZBA/CZBA1.DJBCD?a=EB015000
2026-04-17,TWSE,電機機械,EB015000,36804.34,518.56,2.06,moneydj,https://www.moneydj.com/Z/ZB/ZBA/CZBA1.DJBCD?a=EB015000
2026-04-20,TWSE,電機機械,EB015000,36958.8,521.89,2.37,moneydj,https://www.moneydj.com/Z/ZB/ZBA/CZBA1.DJBCD?a=EB015000
2026-04-21,TWSE,電機機械,EB015000,37605.11,526.38,1.75,moneydj,https://www.moneydj.com/Z/ZB/ZBA/CZBA1.DJBCD?a=EB015000
2026-04-22,TWSE,電機機械,EB015000,37878.47,534.34,2.05,moneydj,https://www.moneydj.com/Z/ZB/ZBA/CZBA1.DJBCD?a=EB015000
2026-04-23,TWSE,電機機械,EB015000,37714.15,529.81,1.96,moneydj,https://www.moneydj.com/Z/ZB/ZBA/CZBA1.DJBCD?a=EB015000
2026-04-24,TWSE,電機機械,EB015000,38932.4,523.77,1.9,moneydj,https://www.moneydj.com/Z/ZB/ZBA/CZBA1.DJBCD?a=EB015000
2026-04-27,TWSE,電機機械,EB015000,39616.63,525.49,1.17,moneydj,https://www.moneydj.com/Z/ZB/ZBA/CZBA1.DJBCD?a=EB015000
2026-04-28,TWSE,電機機械,EB015000,39521.73,535.51,1.49,moneydj,https://www.moneydj.com/Z/ZB/ZBA/CZBA1.DJBCD?a=EB015000
2026-04-29,TWSE,電機機械,EB015000,39303.5,544.29,2.73,moneydj,https://www.moneydj.com/Z/ZB/ZBA/CZBA1.DJBCD?a=EB015000
2026-04-30,TWSE,電機機械,EB015000,38926.63,554.86,3.32,moneydj,https://www.moneydj.com/Z/ZB/ZBA/CZBA1.DJBCD?a=EB015000
2026-05-04,TWSE,電機機械,EB015000,40705.14,571.49,4.17,moneydj,https://www.moneydj.com/Z/ZB/ZBA/CZBA1.DJBCD?a=EB015000
2026-05-05,TWSE,電機機械,EB015000,40769.29,565.43,2.71,moneydj,https://www.moneydj.com/Z/ZB/ZBA/CZBA1.DJBCD?a=EB015000
2026-05-06,TWSE,電機機械,EB015000,41138.85,559.7,1.9,moneydj,https://www.moneydj.com/Z/ZB/ZBA/CZBA1.DJBCD?a=EB015000
2026-05-07,TWSE,電機機械,EB015000,41933.78,567.14,1.99,moneydj,https://www.moneydj.com/Z/ZB/ZBA/CZBA1.DJBCD?a=EB015000
2026-05-08,TWSE,電機機械,EB015000,41603.94,562.12,2.47,moneydj,https://www.moneydj.com/Z/ZB/ZBA/CZBA1.DJBCD?a=EB015000
2026-05-11,TWSE,電機機械,EB015000,41790.06,583.83,2.26,moneydj,https://www.moneydj.com/Z/ZB/ZBA/CZBA1.DJBCD?a=EB015000
2026-05-12,TWSE,電機機械,EB015000,41898.32,591.61,1.98,moneydj,https://www.moneydj.com/Z/ZB/ZBA/CZBA1.DJBCD?a=EB015000
2026-05-13,TWSE,電機機械,EB015000,41374.5,575.17,1.78,moneydj,https://www.moneydj.com/Z/ZB/ZBA/CZBA1.DJBCD?a=EB015000
2026-05-14,TWSE,電機機械,EB015000,41751.75,571.17,1.85,moneydj,https://www.moneydj.com/Z/ZB/ZBA/CZBA1.DJBCD?a=EB015000
2026-05-15,TWSE,電機機械,EB015000,41172.36,560.8,2.1,moneydj,https://www.moneydj.com/Z/ZB/ZBA/CZBA1.DJBCD?a=EB015000
2026-05-18,TWSE,電機機械,EB015000,40891.82,554.78,2.22,moneydj,https://www.moneydj.com/Z/ZB/ZBA/CZBA1.DJBCD?a=EB015000
2026-05-19,TWSE,電機機械,EB015000,40175.56,545.16,2.15,moneydj,https://www.moneydj.com/Z/ZB/ZBA/CZBA1.DJBCD?a=EB015000
2026-05-20,TWSE,電機機械,EB015000,40020.82,538.75,2.73,moneydj,https://www.moneydj.com/Z/ZB/ZBA/CZBA1.DJBCD?a=EB015000
2026-05-21,TWSE,電機機械,EB015000,41368.21,552.0,2.18,moneydj,https://www.moneydj.com/Z/ZB/ZBA/CZBA1.DJBCD?a=EB015000
2026-05-22,TWSE,電機機械,EB015000,42267.97,565.61,2.24,moneydj,https://www.moneydj.com/Z/ZB/ZBA/CZBA1.DJBCD?a=EB015000
2026-05-25,TWSE,電機機械,EB015000,43644.4,578.58,2.36,moneydj,https://www.moneydj.com/Z/ZB/ZBA/CZBA1.DJBCD?a=EB015000
2026-05-26,TWSE,電機機械,EB015000,43525.37,590.15,2.37,moneydj,https://www.moneydj.com/Z/ZB/ZBA/CZBA1.DJBCD?a=EB015000
2026-05-27,TWSE,電機機械,EB015000,44256.8,586.27,2.4,moneydj,https://www.moneydj.com/Z/ZB/ZBA/CZBA1.DJBCD?a=EB015000
2026-05-28,TWSE,電機機械,EB015000,43636.44,567.56,2.45,moneydj,https://www.moneydj.com/Z/ZB/ZBA/CZBA1.DJBCD?a=EB015000
2026-05-29,TWSE,電機機械,EB015000,44732.94,577.39,1.91,moneydj,https://www.moneydj.com/Z/ZB/ZBA/CZBA1.DJBCD?a=EB015000
2026-06-01,TWSE,電機機械,EB015000,45337.91,573.87,1.69,moneydj,https://www.moneydj.com/Z/ZB/ZBA/CZBA1.DJBCD?a=EB015000
2026-06-02,TWSE,電機機械,EB015000,45557.31,559.4,1.69,moneydj,https://www.moneydj.com/Z/ZB/ZBA/CZBA1.DJBCD?a=EB015000
2026-06-03,TWSE,電機機械,EB015000,46459.16,594.32,3.19,moneydj,https://www.moneydj.com/Z/ZB/ZBA/CZBA1.DJBCD?a=EB015000
2026-06-04,TWSE,電機機械,EB015000,45677.46,594.85,5.17,moneydj,https://www.moneydj.com/Z/ZB/ZBA/CZBA1.DJBCD?a=EB015000
2026-06-05,TWSE,電機機械,EB015000,45070.94,572.23,3.26,moneydj,https://www.moneydj.com/Z/ZB/ZBA/CZBA1.DJBCD?a=EB015000
2026-06-08,TWSE,電機機械,EB015000,43502.78,549.0,2.24,moneydj,https://www.moneydj.com/Z/ZB/ZBA/CZBA1.DJBCD?a=EB015000
2026-06-09,TWSE,電機機械,EB015000,44704.44,563.73,2.09,moneydj,https://www.moneydj.com/Z/ZB/ZBA/CZBA1.DJBCD?a=EB015000
2026-03-13,TWSE,電器電纜,EB016000,33400.32,99.07,0.17,moneydj,https://www.moneydj.com/Z/ZB/ZBA/CZBA1.DJBCD?a=EB016000
2026-03-16,TWSE,電器電纜,EB016000,33342.51,100.68,0.16,moneydj,https://www.moneydj.com/Z/ZB/ZBA/CZBA1.DJBCD?a=EB016000
2026-03-17,TWSE,電器電纜,EB016000,33836.57,102.47,0.18,moneydj,https://www.moneydj.com/Z/ZB/ZBA/CZBA1.DJBCD?a=EB016000
2026-03-18,TWSE,電器電纜,EB016000,34348.58,102.77,0.17,moneydj,https://www.moneydj.com/Z/ZB/ZBA/CZBA1.DJBCD?a=EB016000
2026-03-19,TWSE,電器電纜,EB016000,33689.68,99.17,0.24,moneydj,https://www.moneydj.com/Z/ZB/ZBA/CZBA1.DJBCD?a=EB016000
2026-03-20,TWSE,電器電纜,EB016000,33543.88,98.33,0.14,moneydj,https://www.moneydj.com/Z/ZB/ZBA/CZBA1.DJBCD?a=EB016000
2026-03-23,TWSE,電器電纜,EB016000,32722.5,94.69,0.19,moneydj,https://www.moneydj.com/Z/ZB/ZBA/CZBA1.DJBCD?a=EB016000
2026-03-24,TWSE,電器電纜,EB016000,32612.24,94.67,0.17,moneydj,https://www.moneydj.com/Z/ZB/ZBA/CZBA1.DJBCD?a=EB016000
2026-03-25,TWSE,電器電纜,EB016000,33439.11,97.82,0.14,moneydj,https://www.moneydj.com/Z/ZB/ZBA/CZBA1.DJBCD?a=EB016000
2026-03-26,TWSE,電器電纜,EB016000,33337.62,96.25,0.1,moneydj,https://www.moneydj.com/Z/ZB/ZBA/CZBA1.DJBCD?a=EB016000
2026-03-27,TWSE,電器電纜,EB016000,33112.59,95.25,0.13,moneydj,https://www.moneydj.com/Z/ZB/ZBA/CZBA1.DJBCD?a=EB016000
2026-03-30,TWSE,電器電纜,EB016000,32518.16,94.5,0.11,moneydj,https://www.moneydj.com/Z/ZB/ZBA/CZBA1.DJBCD?a=EB016000
2026-03-31,TWSE,電器電纜,EB016000,31722.99,92.98,0.14,moneydj,https://www.moneydj.com/Z/ZB/ZBA/CZBA1.DJBCD?a=EB016000
2026-04-01,TWSE,電器電纜,EB016000,33174.82,94.87,0.09,moneydj,https://www.moneydj.com/Z/ZB/ZBA/CZBA1.DJBCD?a=EB016000
2026-04-02,TWSE,電器電纜,EB016000,32572.43,93.28,0.1,moneydj,https://www.moneydj.com/Z/ZB/ZBA/CZBA1.DJBCD?a=EB016000
2026-04-07,TWSE,電器電纜,EB016000,33229.82,93.22,0.08,moneydj,https://www.moneydj.com/Z/ZB/ZBA/CZBA1.DJBCD?a=EB016000
2026-04-08,TWSE,電器電纜,EB016000,34761.38,97.31,0.17,moneydj,https://www.moneydj.com/Z/ZB/ZBA/CZBA1.DJBCD?a=EB016000
2026-04-09,TWSE,電器電纜,EB016000,34861.16,95.99,0.07,moneydj,https://www.moneydj.com/Z/ZB/ZBA/CZBA1.DJBCD?a=EB016000
2026-04-10,TWSE,電器電纜,EB016000,35417.83,96.64,0.11,moneydj,https://www.moneydj.com/Z/ZB/ZBA/CZBA1.DJBCD?a=EB016000
2026-04-13,TWSE,電器電纜,EB016000,35457.29,96.63,0.08,moneydj,https://www.moneydj.com/Z/ZB/ZBA/CZBA1.DJBCD?a=EB016000
2026-04-14,TWSE,電器電纜,EB016000,36296.12,98.16,0.11,moneydj,https://www.moneydj.com/Z/ZB/ZBA/CZBA1.DJBCD?a=EB016000
2026-04-15,TWSE,電器電纜,EB016000,36722.14,98.6,0.14,moneydj,https://www.moneydj.com/Z/ZB/ZBA/CZBA1.DJBCD?a=EB016000
2026-04-16,TWSE,電器電纜,EB016000,37132.02,98.51,0.08,moneydj,https://www.moneydj.com/Z/ZB/ZBA/CZBA1.DJBCD?a=EB016000
2026-04-17,TWSE,電器電纜,EB016000,36804.34,99.11,0.09,moneydj,https://www.moneydj.com/Z/ZB/ZBA/CZBA1.DJBCD?a=EB016000
2026-04-20,TWSE,電器電纜,EB016000,36958.8,101.51,0.29,moneydj,https://www.moneydj.com/Z/ZB/ZBA/CZBA1.DJBCD?a=EB016000
2026-04-21,TWSE,電器電纜,EB016000,37605.11,101.11,0.29,moneydj,https://www.moneydj.com/Z/ZB/ZBA/CZBA1.DJBCD?a=EB016000
2026-04-22,TWSE,電器電纜,EB016000,37878.47,99.22,0.24,moneydj,https://www.moneydj.com/Z/ZB/ZBA/CZBA1.DJBCD?a=EB016000
2026-04-23,TWSE,電器電纜,EB016000,37714.15,96.1,0.15,moneydj,https://www.moneydj.com/Z/ZB/ZBA/CZBA1.DJBCD?a=EB016000
2026-04-24,TWSE,電器電纜,EB016000,38932.4,95.3,0.08,moneydj,https://www.moneydj.com/Z/ZB/ZBA/CZBA1.DJBCD?a=EB016000
2026-04-27,TWSE,電器電纜,EB016000,39616.63,94.33,0.07,moneydj,https://www.moneydj.com/Z/ZB/ZBA/CZBA1.DJBCD?a=EB016000
2026-04-28,TWSE,電器電纜,EB016000,39521.73,95.51,0.06,moneydj,https://www.moneydj.com/Z/ZB/ZBA/CZBA1.DJBCD?a=EB016000
2026-04-29,TWSE,電器電纜,EB016000,39303.5,96.06,0.07,moneydj,https://www.moneydj.com/Z/ZB/ZBA/CZBA1.DJBCD?a=EB016000
2026-04-30,TWSE,電器電纜,EB016000,38926.63,94.9,0.07,moneydj,https://www.moneydj.com/Z/ZB/ZBA/CZBA1.DJBCD?a=EB016000
2026-05-04,TWSE,電器電纜,EB016000,40705.14,98.21,0.23,moneydj,https://www.moneydj.com/Z/ZB/ZBA/CZBA1.DJBCD?a=EB016000
2026-05-05,TWSE,電器電纜,EB016000,40769.29,99.09,0.1,moneydj,https://www.moneydj.com/Z/ZB/ZBA/CZBA1.DJBCD?a=EB016000
2026-05-06,TWSE,電器電纜,EB016000,41138.85,99.25,0.09,moneydj,https://www.moneydj.com/Z/ZB/ZBA/CZBA1.DJBCD?a=EB016000
2026-05-07,TWSE,電器電纜,EB016000,41933.78,105.3,0.36,moneydj,https://www.moneydj.com/Z/ZB/ZBA/CZBA1.DJBCD?a=EB016000
2026-05-08,TWSE,電器電纜,EB016000,41603.94,102.22,0.41,moneydj,https://www.moneydj.com/Z/ZB/ZBA/CZBA1.DJBCD?a=EB016000
2026-05-11,TWSE,電器電纜,EB016000,41790.06,104.28,0.28,moneydj,https://www.moneydj.com/Z/ZB/ZBA/CZBA1.DJBCD?a=EB016000
2026-05-12,TWSE,電器電纜,EB016000,41898.32,102.62,0.14,moneydj,https://www.moneydj.com/Z/ZB/ZBA/CZBA1.DJBCD?a=EB016000
2026-05-13,TWSE,電器電纜,EB016000,41374.5,103.29,0.19,moneydj,https://www.moneydj.com/Z/ZB/ZBA/CZBA1.DJBCD?a=EB016000
2026-05-14,TWSE,電器電纜,EB016000,41751.75,103.28,0.22,moneydj,https://www.moneydj.com/Z/ZB/ZBA/CZBA1.DJBCD?a=EB016000
2026-05-15,TWSE,電器電纜,EB016000,41172.36,101.59,0.17,moneydj,https://www.moneydj.com/Z/ZB/ZBA/CZBA1.DJBCD?a=EB016000
2026-05-18,TWSE,電器電纜,EB016000,40891.82,101.15,0.13,moneydj,https://www.moneydj.com/Z/ZB/ZBA/CZBA1.DJBCD?a=EB016000
2026-05-19,TWSE,電器電纜,EB016000,40175.56,98.9,0.11,moneydj,https://www.moneydj.com/Z/ZB/ZBA/CZBA1.DJBCD?a=EB016000
2026-05-20,TWSE,電器電纜,EB016000,40020.82,98.4,0.09,moneydj,https://www.moneydj.com/Z/ZB/ZBA/CZBA1.DJBCD?a=EB016000
2026-05-21,TWSE,電器電纜,EB016000,41368.21,103.34,0.25,moneydj,https://www.moneydj.com/Z/ZB/ZBA/CZBA1.DJBCD?a=EB016000
2026-05-22,TWSE,電器電纜,EB016000,42267.97,105.32,0.21,moneydj,https://www.moneydj.com/Z/ZB/ZBA/CZBA1.DJBCD?a=EB016000
2026-05-25,TWSE,電器電纜,EB016000,43644.4,108.03,0.24,moneydj,https://www.moneydj.com/Z/ZB/ZBA/CZBA1.DJBCD?a=EB016000
2026-05-26,TWSE,電器電纜,EB016000,43525.37,106.98,0.15,moneydj,https://www.moneydj.com/Z/ZB/ZBA/CZBA1.DJBCD?a=EB016000
2026-05-27,TWSE,電器電纜,EB016000,44256.8,107.91,0.17,moneydj,https://www.moneydj.com/Z/ZB/ZBA/CZBA1.DJBCD?a=EB016000
2026-05-28,TWSE,電器電纜,EB016000,43636.44,105.34,0.17,moneydj,https://www.moneydj.com/Z/ZB/ZBA/CZBA1.DJBCD?a=EB016000
2026-05-29,TWSE,電器電纜,EB016000,44732.94,111.28,0.32,moneydj,https://www.moneydj.com/Z/ZB/ZBA/CZBA1.DJBCD?a=EB016000
2026-06-01,TWSE,電器電纜,EB016000,45337.91,113.03,0.36,moneydj,https://www.moneydj.com/Z/ZB/ZBA/CZBA1.DJBCD?a=EB016000
2026-06-02,TWSE,電器電纜,EB016000,45557.31,114.16,0.26,moneydj,https://www.moneydj.com/Z/ZB/ZBA/CZBA1.DJBCD?a=EB016000
2026-06-03,TWSE,電器電纜,EB016000,46459.16,121.12,0.65,moneydj,https://www.moneydj.com/Z/ZB/ZBA/CZBA1.DJBCD?a=EB016000
2026-06-04,TWSE,電器電纜,EB016000,45677.46,119.49,0.75,moneydj,https://www.moneydj.com/Z/ZB/ZBA/CZBA1.DJBCD?a=EB016000
2026-06-05,TWSE,電器電纜,EB016000,45070.94,113.57,0.37,moneydj,https://www.moneydj.com/Z/ZB/ZBA/CZBA1.DJBCD?a=EB016000
2026-06-08,TWSE,電器電纜,EB016000,43502.78,105.5,0.35,moneydj,https://www.moneydj.com/Z/ZB/ZBA/CZBA1.DJBCD?a=EB016000
2026-06-09,TWSE,電器電纜,EB016000,44704.44,107.43,0.2,moneydj,https://www.moneydj.com/Z/ZB/ZBA/CZBA1.DJBCD?a=EB016000
2026-03-13,TWSE,化學生技醫療,EB017000,33400.32,139.41,2.52,moneydj,https://www.moneydj.com/Z/ZB/ZBA/CZBA1.DJBCD?a=EB017000
2026-03-16,TWSE,化學生技醫療,EB017000,33342.51,139.86,2.32,moneydj,https://www.moneydj.com/Z/ZB/ZBA/CZBA1.DJBCD?a=EB017000
2026-03-17,TWSE,化學生技醫療,EB017000,33836.57,140.56,1.98,moneydj,https://www.moneydj.com/Z/ZB/ZBA/CZBA1.DJBCD?a=EB017000
2026-03-18,TWSE,化學生技醫療,EB017000,34348.58,141.13,1.86,moneydj,https://www.moneydj.com/Z/ZB/ZBA/CZBA1.DJBCD?a=EB017000
2026-03-19,TWSE,化學生技醫療,EB017000,33689.68,137.37,2.21,moneydj,https://www.moneydj.com/Z/ZB/ZBA/CZBA1.DJBCD?a=EB017000
2026-03-20,TWSE,化學生技醫療,EB017000,33543.88,136.37,2.0,moneydj,https://www.moneydj.com/Z/ZB/ZBA/CZBA1.DJBCD?a=EB017000
2026-03-23,TWSE,化學生技醫療,EB017000,32722.5,131.46,1.9,moneydj,https://www.moneydj.com/Z/ZB/ZBA/CZBA1.DJBCD?a=EB017000
2026-03-24,TWSE,化學生技醫療,EB017000,32612.24,131.11,1.54,moneydj,https://www.moneydj.com/Z/ZB/ZBA/CZBA1.DJBCD?a=EB017000
2026-03-25,TWSE,化學生技醫療,EB017000,33439.11,132.87,1.35,moneydj,https://www.moneydj.com/Z/ZB/ZBA/CZBA1.DJBCD?a=EB017000
2026-03-26,TWSE,化學生技醫療,EB017000,33337.62,131.07,1.15,moneydj,https://www.moneydj.com/Z/ZB/ZBA/CZBA1.DJBCD?a=EB017000
2026-03-27,TWSE,化學生技醫療,EB017000,33112.59,131.05,1.24,moneydj,https://www.moneydj.com/Z/ZB/ZBA/CZBA1.DJBCD?a=EB017000
2026-03-30,TWSE,化學生技醫療,EB017000,32518.16,128.56,1.19,moneydj,https://www.moneydj.com/Z/ZB/ZBA/CZBA1.DJBCD?a=EB017000
2026-03-31,TWSE,化學生技醫療,EB017000,31722.99,126.66,1.15,moneydj,https://www.moneydj.com/Z/ZB/ZBA/CZBA1.DJBCD?a=EB017000
2026-04-01,TWSE,化學生技醫療,EB017000,33174.82,131.57,1.4,moneydj,https://www.moneydj.com/Z/ZB/ZBA/CZBA1.DJBCD?a=EB017000
2026-04-02,TWSE,化學生技醫療,EB017000,32572.43,131.08,1.63,moneydj,https://www.moneydj.com/Z/ZB/ZBA/CZBA1.DJBCD?a=EB017000
2026-04-07,TWSE,化學生技醫療,EB017000,33229.82,132.08,1.88,moneydj,https://www.moneydj.com/Z/ZB/ZBA/CZBA1.DJBCD?a=EB017000
2026-04-08,TWSE,化學生技醫療,EB017000,34761.38,135.45,1.62,moneydj,https://www.moneydj.com/Z/ZB/ZBA/CZBA1.DJBCD?a=EB017000
2026-04-09,TWSE,化學生技醫療,EB017000,34861.16,136.22,2.26,moneydj,https://www.moneydj.com/Z/ZB/ZBA/CZBA1.DJBCD?a=EB017000
2026-04-10,TWSE,化學生技醫療,EB017000,35417.83,137.96,3.24,moneydj,https://www.moneydj.com/Z/ZB/ZBA/CZBA1.DJBCD?a=EB017000
2026-04-13,TWSE,化學生技醫療,EB017000,35457.29,138.46,2.95,moneydj,https://www.moneydj.com/Z/ZB/ZBA/CZBA1.DJBCD?a=EB017000
2026-04-14,TWSE,化學生技醫療,EB017000,36296.12,139.77,2.23,moneydj,https://www.moneydj.com/Z/ZB/ZBA/CZBA1.DJBCD?a=EB017000
2026-04-15,TWSE,化學生技醫療,EB017000,36722.14,140.52,1.93,moneydj,https://www.moneydj.com/Z/ZB/ZBA/CZBA1.DJBCD?a=EB017000
2026-04-16,TWSE,化學生技醫療,EB017000,37132.02,140.8,1.61,moneydj,https://www.moneydj.com/Z/ZB/ZBA/CZBA1.DJBCD?a=EB017000
2026-04-17,TWSE,化學生技醫療,EB017000,36804.34,141.4,1.86,moneydj,https://www.moneydj.com/Z/ZB/ZBA/CZBA1.DJBCD?a=EB017000
2026-04-20,TWSE,化學生技醫療,EB017000,36958.8,141.88,2.22,moneydj,https://www.moneydj.com/Z/ZB/ZBA/CZBA1.DJBCD?a=EB017000
2026-04-21,TWSE,化學生技醫療,EB017000,37605.11,142.98,2.28,moneydj,https://www.moneydj.com/Z/ZB/ZBA/CZBA1.DJBCD?a=EB017000
2026-04-22,TWSE,化學生技醫療,EB017000,37878.47,143.7,2.48,moneydj,https://www.moneydj.com/Z/ZB/ZBA/CZBA1.DJBCD?a=EB017000
2026-04-23,TWSE,化學生技醫療,EB017000,37714.15,141.21,2.45,moneydj,https://www.moneydj.com/Z/ZB/ZBA/CZBA1.DJBCD?a=EB017000
2026-04-24,TWSE,化學生技醫療,EB017000,38932.4,138.27,1.41,moneydj,https://www.moneydj.com/Z/ZB/ZBA/CZBA1.DJBCD?a=EB017000
2026-04-27,TWSE,化學生技醫療,EB017000,39616.63,135.65,1.22,moneydj,https://www.moneydj.com/Z/ZB/ZBA/CZBA1.DJBCD?a=EB017000
2026-04-28,TWSE,化學生技醫療,EB017000,39521.73,138.18,0.86,moneydj,https://www.moneydj.com/Z/ZB/ZBA/CZBA1.DJBCD?a=EB017000
2026-04-29,TWSE,化學生技醫療,EB017000,39303.5,142.33,1.69,moneydj,https://www.moneydj.com/Z/ZB/ZBA/CZBA1.DJBCD?a=EB017000
2026-04-30,TWSE,化學生技醫療,EB017000,38926.63,140.78,1.71,moneydj,https://www.moneydj.com/Z/ZB/ZBA/CZBA1.DJBCD?a=EB017000
2026-05-04,TWSE,化學生技醫療,EB017000,40705.14,140.56,1.01,moneydj,https://www.moneydj.com/Z/ZB/ZBA/CZBA1.DJBCD?a=EB017000
2026-05-05,TWSE,化學生技醫療,EB017000,40769.29,140.83,0.99,moneydj,https://www.moneydj.com/Z/ZB/ZBA/CZBA1.DJBCD?a=EB017000
2026-05-06,TWSE,化學生技醫療,EB017000,41138.85,141.1,0.96,moneydj,https://www.moneydj.com/Z/ZB/ZBA/CZBA1.DJBCD?a=EB017000
2026-05-07,TWSE,化學生技醫療,EB017000,41933.78,141.55,1.14,moneydj,https://www.moneydj.com/Z/ZB/ZBA/CZBA1.DJBCD?a=EB017000
2026-05-08,TWSE,化學生技醫療,EB017000,41603.94,143.63,1.41,moneydj,https://www.moneydj.com/Z/ZB/ZBA/CZBA1.DJBCD?a=EB017000
2026-05-11,TWSE,化學生技醫療,EB017000,41790.06,142.91,1.82,moneydj,https://www.moneydj.com/Z/ZB/ZBA/CZBA1.DJBCD?a=EB017000
2026-05-12,TWSE,化學生技醫療,EB017000,41898.32,141.96,1.55,moneydj,https://www.moneydj.com/Z/ZB/ZBA/CZBA1.DJBCD?a=EB017000
2026-05-13,TWSE,化學生技醫療,EB017000,41374.5,144.04,1.66,moneydj,https://www.moneydj.com/Z/ZB/ZBA/CZBA1.DJBCD?a=EB017000
2026-05-14,TWSE,化學生技醫療,EB017000,41751.75,143.07,1.42,moneydj,https://www.moneydj.com/Z/ZB/ZBA/CZBA1.DJBCD?a=EB017000
2026-05-15,TWSE,化學生技醫療,EB017000,41172.36,143.07,1.66,moneydj,https://www.moneydj.com/Z/ZB/ZBA/CZBA1.DJBCD?a=EB017000
2026-05-18,TWSE,化學生技醫療,EB017000,40891.82,141.37,1.66,moneydj,https://www.moneydj.com/Z/ZB/ZBA/CZBA1.DJBCD?a=EB017000
2026-05-19,TWSE,化學生技醫療,EB017000,40175.56,141.85,1.23,moneydj,https://www.moneydj.com/Z/ZB/ZBA/CZBA1.DJBCD?a=EB017000
2026-05-20,TWSE,化學生技醫療,EB017000,40020.82,141.21,1.24,moneydj,https://www.moneydj.com/Z/ZB/ZBA/CZBA1.DJBCD?a=EB017000
2026-05-21,TWSE,化學生技醫療,EB017000,41368.21,144.35,1.59,moneydj,https://www.moneydj.com/Z/ZB/ZBA/CZBA1.DJBCD?a=EB017000
2026-05-22,TWSE,化學生技醫療,EB017000,42267.97,146.62,1.61,moneydj,https://www.moneydj.com/Z/ZB/ZBA/CZBA1.DJBCD?a=EB017000
2026-05-25,TWSE,化學生技醫療,EB017000,43644.4,148.31,1.57,moneydj,https://www.moneydj.com/Z/ZB/ZBA/CZBA1.DJBCD?a=EB017000
2026-05-26,TWSE,化學生技醫療,EB017000,43525.37,148.27,1.08,moneydj,https://www.moneydj.com/Z/ZB/ZBA/CZBA1.DJBCD?a=EB017000
2026-05-27,TWSE,化學生技醫療,EB017000,44256.8,147.69,1.35,moneydj,https://www.moneydj.com/Z/ZB/ZBA/CZBA1.DJBCD?a=EB017000
2026-05-28,TWSE,化學生技醫療,EB017000,43636.44,145.11,0.94,moneydj,https://www.moneydj.com/Z/ZB/ZBA/CZBA1.DJBCD?a=EB017000
2026-05-29,TWSE,化學生技醫療,EB017000,44732.94,148.65,0.9,moneydj,https://www.moneydj.com/Z/ZB/ZBA/CZBA1.DJBCD?a=EB017000
2026-06-01,TWSE,化學生技醫療,EB017000,45337.91,150.66,0.96,moneydj,https://www.moneydj.com/Z/ZB/ZBA/CZBA1.DJBCD?a=EB017000
2026-06-02,TWSE,化學生技醫療,EB017000,45557.31,147.34,0.88,moneydj,https://www.moneydj.com/Z/ZB/ZBA/CZBA1.DJBCD?a=EB017000
2026-06-03,TWSE,化學生技醫療,EB017000,46459.16,147.91,0.83,moneydj,https://www.moneydj.com/Z/ZB/ZBA/CZBA1.DJBCD?a=EB017000
2026-06-04,TWSE,化學生技醫療,EB017000,45677.46,150.55,1.13,moneydj,https://www.moneydj.com/Z/ZB/ZBA/CZBA1.DJBCD?a=EB017000
2026-06-05,TWSE,化學生技醫療,EB017000,45070.94,150.77,1.31,moneydj,https://www.moneydj.com/Z/ZB/ZBA/CZBA1.DJBCD?a=EB017000
2026-06-08,TWSE,化學生技醫療,EB017000,43502.78,147.52,1.35,moneydj,https://www.moneydj.com/Z/ZB/ZBA/CZBA1.DJBCD?a=EB017000
2026-06-09,TWSE,化學生技醫療,EB017000,44704.44,150.69,1.37,moneydj,https://www.moneydj.com/Z/ZB/ZBA/CZBA1.DJBCD?a=EB017000
2026-03-13,TWSE,化工,EB030000,33400.32,173.13,1.58,moneydj,https://www.moneydj.com/Z/ZB/ZBA/CZBA1.DJBCD?a=EB030000
2026-03-16,TWSE,化工,EB030000,33342.51,174.92,1.66,moneydj,https://www.moneydj.com/Z/ZB/ZBA/CZBA1.DJBCD?a=EB030000
2026-03-17,TWSE,化工,EB030000,33836.57,174.08,1.48,moneydj,https://www.moneydj.com/Z/ZB/ZBA/CZBA1.DJBCD?a=EB030000
2026-03-18,TWSE,化工,EB030000,34348.58,174.42,1.11,moneydj,https://www.moneydj.com/Z/ZB/ZBA/CZBA1.DJBCD?a=EB030000
2026-03-19,TWSE,化工,EB030000,33689.68,176.24,1.24,moneydj,https://www.moneydj.com/Z/ZB/ZBA/CZBA1.DJBCD?a=EB030000
2026-03-20,TWSE,化工,EB030000,33543.88,176.52,1.37,moneydj,https://www.moneydj.com/Z/ZB/ZBA/CZBA1.DJBCD?a=EB030000
2026-03-23,TWSE,化工,EB030000,32722.5,169.91,1.18,moneydj,https://www.moneydj.com/Z/ZB/ZBA/CZBA1.DJBCD?a=EB030000
2026-03-24,TWSE,化工,EB030000,32612.24,168.73,0.93,moneydj,https://www.moneydj.com/Z/ZB/ZBA/CZBA1.DJBCD?a=EB030000
2026-03-25,TWSE,化工,EB030000,33439.11,170.83,0.79,moneydj,https://www.moneydj.com/Z/ZB/ZBA/CZBA1.DJBCD?a=EB030000
2026-03-26,TWSE,化工,EB030000,33337.62,168.6,0.58,moneydj,https://www.moneydj.com/Z/ZB/ZBA/CZBA1.DJBCD?a=EB030000
2026-03-27,TWSE,化工,EB030000,33112.59,170.54,0.7,moneydj,https://www.moneydj.com/Z/ZB/ZBA/CZBA1.DJBCD?a=EB030000
2026-03-30,TWSE,化工,EB030000,32518.16,169.41,0.65,moneydj,https://www.moneydj.com/Z/ZB/ZBA/CZBA1.DJBCD?a=EB030000
2026-03-31,TWSE,化工,EB030000,31722.99,163.96,0.55,moneydj,https://www.moneydj.com/Z/ZB/ZBA/CZBA1.DJBCD?a=EB030000
2026-04-01,TWSE,化工,EB030000,33174.82,167.43,0.42,moneydj,https://www.moneydj.com/Z/ZB/ZBA/CZBA1.DJBCD?a=EB030000
2026-04-02,TWSE,化工,EB030000,32572.43,166.25,0.64,moneydj,https://www.moneydj.com/Z/ZB/ZBA/CZBA1.DJBCD?a=EB030000
2026-04-07,TWSE,化工,EB030000,33229.82,165.89,0.92,moneydj,https://www.moneydj.com/Z/ZB/ZBA/CZBA1.DJBCD?a=EB030000
2026-04-08,TWSE,化工,EB030000,34761.38,169.4,0.87,moneydj,https://www.moneydj.com/Z/ZB/ZBA/CZBA1.DJBCD?a=EB030000
2026-04-09,TWSE,化工,EB030000,34861.16,175.3,1.44,moneydj,https://www.moneydj.com/Z/ZB/ZBA/CZBA1.DJBCD?a=EB030000
2026-04-10,TWSE,化工,EB030000,35417.83,179.54,2.75,moneydj,https://www.moneydj.com/Z/ZB/ZBA/CZBA1.DJBCD?a=EB030000
2026-04-13,TWSE,化工,EB030000,35457.29,182.52,2.36,moneydj,https://www.moneydj.com/Z/ZB/ZBA/CZBA1.DJBCD?a=EB030000
2026-04-14,TWSE,化工,EB030000,36296.12,183.99,1.65,moneydj,https://www.moneydj.com/Z/ZB/ZBA/CZBA1.DJBCD?a=EB030000
2026-04-15,TWSE,化工,EB030000,36722.14,184.56,1.5,moneydj,https://www.moneydj.com/Z/ZB/ZBA/CZBA1.DJBCD?a=EB030000
2026-04-16,TWSE,化工,EB030000,37132.02,182.45,1.13,moneydj,https://www.moneydj.com/Z/ZB/ZBA/CZBA1.DJBCD?a=EB030000
2026-04-17,TWSE,化工,EB030000,36804.34,186.65,1.37,moneydj,https://www.moneydj.com/Z/ZB/ZBA/CZBA1.DJBCD?a=EB030000
2026-04-20,TWSE,化工,EB030000,36958.8,189.54,1.62,moneydj,https://www.moneydj.com/Z/ZB/ZBA/CZBA1.DJBCD?a=EB030000
2026-04-21,TWSE,化工,EB030000,37605.11,191.15,1.75,moneydj,https://www.moneydj.com/Z/ZB/ZBA/CZBA1.DJBCD?a=EB030000
2026-04-22,TWSE,化工,EB030000,37878.47,192.09,2.12,moneydj,https://www.moneydj.com/Z/ZB/ZBA/CZBA1.DJBCD?a=EB030000
2026-04-23,TWSE,化工,EB030000,37714.15,188.96,2.02,moneydj,https://www.moneydj.com/Z/ZB/ZBA/CZBA1.DJBCD?a=EB030000
2026-04-24,TWSE,化工,EB030000,38932.4,186.7,1.03,moneydj,https://www.moneydj.com/Z/ZB/ZBA/CZBA1.DJBCD?a=EB030000
2026-04-27,TWSE,化工,EB030000,39616.63,185.96,0.8,moneydj,https://www.moneydj.com/Z/ZB/ZBA/CZBA1.DJBCD?a=EB030000
2026-04-28,TWSE,化工,EB030000,39521.73,187.07,0.57,moneydj,https://www.moneydj.com/Z/ZB/ZBA/CZBA1.DJBCD?a=EB030000
2026-04-29,TWSE,化工,EB030000,39303.5,192.76,1.27,moneydj,https://www.moneydj.com/Z/ZB/ZBA/CZBA1.DJBCD?a=EB030000
2026-04-30,TWSE,化工,EB030000,38926.63,190.73,1.21,moneydj,https://www.moneydj.com/Z/ZB/ZBA/CZBA1.DJBCD?a=EB030000
2026-05-04,TWSE,化工,EB030000,40705.14,192.76,0.66,moneydj,https://www.moneydj.com/Z/ZB/ZBA/CZBA1.DJBCD?a=EB030000
2026-05-05,TWSE,化工,EB030000,40769.29,194.2,0.63,moneydj,https://www.moneydj.com/Z/ZB/ZBA/CZBA1.DJBCD?a=EB030000
2026-05-06,TWSE,化工,EB030000,41138.85,194.98,0.64,moneydj,https://www.moneydj.com/Z/ZB/ZBA/CZBA1.DJBCD?a=EB030000
2026-05-07,TWSE,化工,EB030000,41933.78,195.55,0.77,moneydj,https://www.moneydj.com/Z/ZB/ZBA/CZBA1.DJBCD?a=EB030000
2026-05-08,TWSE,化工,EB030000,41603.94,194.32,0.74,moneydj,https://www.moneydj.com/Z/ZB/ZBA/CZBA1.DJBCD?a=EB030000
2026-05-11,TWSE,化工,EB030000,41790.06,196.26,1.32,moneydj,https://www.moneydj.com/Z/ZB/ZBA/CZBA1.DJBCD?a=EB030000
2026-05-12,TWSE,化工,EB030000,41898.32,198.8,1.04,moneydj,https://www.moneydj.com/Z/ZB/ZBA/CZBA1.DJBCD?a=EB030000
2026-05-13,TWSE,化工,EB030000,41374.5,196.23,0.93,moneydj,https://www.moneydj.com/Z/ZB/ZBA/CZBA1.DJBCD?a=EB030000
2026-05-14,TWSE,化工,EB030000,41751.75,196.35,0.71,moneydj,https://www.moneydj.com/Z/ZB/ZBA/CZBA1.DJBCD?a=EB030000
2026-05-15,TWSE,化工,EB030000,41172.36,193.26,0.93,moneydj,https://www.moneydj.com/Z/ZB/ZBA/CZBA1.DJBCD?a=EB030000
2026-05-18,TWSE,化工,EB030000,40891.82,189.21,1.01,moneydj,https://www.moneydj.com/Z/ZB/ZBA/CZBA1.DJBCD?a=EB030000
2026-05-19,TWSE,化工,EB030000,40175.56,188.58,0.62,moneydj,https://www.moneydj.com/Z/ZB/ZBA/CZBA1.DJBCD?a=EB030000
2026-05-20,TWSE,化工,EB030000,40020.82,187.5,0.63,moneydj,https://www.moneydj.com/Z/ZB/ZBA/CZBA1.DJBCD?a=EB030000
2026-05-21,TWSE,化工,EB030000,41368.21,195.8,1.19,moneydj,https://www.moneydj.com/Z/ZB/ZBA/CZBA1.DJBCD?a=EB030000
2026-05-22,TWSE,化工,EB030000,42267.97,200.73,1.15,moneydj,https://www.moneydj.com/Z/ZB/ZBA/CZBA1.DJBCD?a=EB030000
2026-05-25,TWSE,化工,EB030000,43644.4,202.7,1.02,moneydj,https://www.moneydj.com/Z/ZB/ZBA/CZBA1.DJBCD?a=EB030000
2026-05-26,TWSE,化工,EB030000,43525.37,201.26,0.61,moneydj,https://www.moneydj.com/Z/ZB/ZBA/CZBA1.DJBCD?a=EB030000
2026-05-27,TWSE,化工,EB030000,44256.8,201.73,0.92,moneydj,https://www.moneydj.com/Z/ZB/ZBA/CZBA1.DJBCD?a=EB030000
2026-05-28,TWSE,化工,EB030000,43636.44,197.2,0.59,moneydj,https://www.moneydj.com/Z/ZB/ZBA/CZBA1.DJBCD?a=EB030000
2026-05-29,TWSE,化工,EB030000,44732.94,198.68,0.42,moneydj,https://www.moneydj.com/Z/ZB/ZBA/CZBA1.DJBCD?a=EB030000
2026-06-01,TWSE,化工,EB030000,45337.91,201.41,0.5,moneydj,https://www.moneydj.com/Z/ZB/ZBA/CZBA1.DJBCD?a=EB030000
2026-06-02,TWSE,化工,EB030000,45557.31,199.11,0.46,moneydj,https://www.moneydj.com/Z/ZB/ZBA/CZBA1.DJBCD?a=EB030000
2026-06-03,TWSE,化工,EB030000,46459.16,201.43,0.53,moneydj,https://www.moneydj.com/Z/ZB/ZBA/CZBA1.DJBCD?a=EB030000
2026-06-04,TWSE,化工,EB030000,45677.46,202.33,0.67,moneydj,https://www.moneydj.com/Z/ZB/ZBA/CZBA1.DJBCD?a=EB030000
2026-06-05,TWSE,化工,EB030000,45070.94,201.07,0.84,moneydj,https://www.moneydj.com/Z/ZB/ZBA/CZBA1.DJBCD?a=EB030000
2026-06-08,TWSE,化工,EB030000,43502.78,193.86,0.66,moneydj,https://www.moneydj.com/Z/ZB/ZBA/CZBA1.DJBCD?a=EB030000
2026-06-09,TWSE,化工,EB030000,44704.44,196.31,0.7,moneydj,https://www.moneydj.com/Z/ZB/ZBA/CZBA1.DJBCD?a=EB030000
2026-03-13,TWSE,生技醫療,EB031000,33400.32,76.63,0.94,moneydj,https://www.moneydj.com/Z/ZB/ZBA/CZBA1.DJBCD?a=EB031000
2026-03-16,TWSE,生技醫療,EB031000,33342.51,76.61,0.66,moneydj,https://www.moneydj.com/Z/ZB/ZBA/CZBA1.DJBCD?a=EB031000
2026-03-17,TWSE,生技醫療,EB031000,33836.57,77.37,0.49,moneydj,https://www.moneydj.com/Z/ZB/ZBA/CZBA1.DJBCD?a=EB031000
2026-03-18,TWSE,生技醫療,EB031000,34348.58,77.76,0.75,moneydj,https://www.moneydj.com/Z/ZB/ZBA/CZBA1.DJBCD?a=EB031000
2026-03-19,TWSE,生技醫療,EB031000,33689.68,74.28,0.96,moneydj,https://www.moneydj.com/Z/ZB/ZBA/CZBA1.DJBCD?a=EB031000
2026-03-20,TWSE,生技醫療,EB031000,33543.88,73.4,0.63,moneydj,https://www.moneydj.com/Z/ZB/ZBA/CZBA1.DJBCD?a=EB031000
2026-03-23,TWSE,生技醫療,EB031000,32722.5,70.81,0.72,moneydj,https://www.moneydj.com/Z/ZB/ZBA/CZBA1.DJBCD?a=EB031000
2026-03-24,TWSE,生技醫療,EB031000,32612.24,70.78,0.61,moneydj,https://www.moneydj.com/Z/ZB/ZBA/CZBA1.DJBCD?a=EB031000
2026-03-25,TWSE,生技醫療,EB031000,33439.11,71.77,0.56,moneydj,https://www.moneydj.com/Z/ZB/ZBA/CZBA1.DJBCD?a=EB031000
2026-03-26,TWSE,生技醫療,EB031000,33337.62,70.78,0.58,moneydj,https://www.moneydj.com/Z/ZB/ZBA/CZBA1.DJBCD?a=EB031000
2026-03-27,TWSE,生技醫療,EB031000,33112.59,70.34,0.53,moneydj,https://www.moneydj.com/Z/ZB/ZBA/CZBA1.DJBCD?a=EB031000
2026-03-30,TWSE,生技醫療,EB031000,32518.16,68.54,0.54,moneydj,https://www.moneydj.com/Z/ZB/ZBA/CZBA1.DJBCD?a=EB031000
2026-03-31,TWSE,生技醫療,EB031000,31722.99,68.17,0.59,moneydj,https://www.moneydj.com/Z/ZB/ZBA/CZBA1.DJBCD?a=EB031000
2026-04-01,TWSE,生技醫療,EB031000,33174.82,71.44,0.97,moneydj,https://www.moneydj.com/Z/ZB/ZBA/CZBA1.DJBCD?a=EB031000
2026-04-02,TWSE,生技醫療,EB031000,32572.43,71.29,0.99,moneydj,https://www.moneydj.com/Z/ZB/ZBA/CZBA1.DJBCD?a=EB031000
2026-04-07,TWSE,生技醫療,EB031000,33229.82,72.19,0.97,moneydj,https://www.moneydj.com/Z/ZB/ZBA/CZBA1.DJBCD?a=EB031000
2026-04-08,TWSE,生技醫療,EB031000,34761.38,74.19,0.75,moneydj,https://www.moneydj.com/Z/ZB/ZBA/CZBA1.DJBCD?a=EB031000
2026-04-09,TWSE,生技醫療,EB031000,34861.16,73.54,0.82,moneydj,https://www.moneydj.com/Z/ZB/ZBA/CZBA1.DJBCD?a=EB031000
2026-04-10,TWSE,生技醫療,EB031000,35417.83,74.05,0.49,moneydj,https://www.moneydj.com/Z/ZB/ZBA/CZBA1.DJBCD?a=EB031000
2026-04-13,TWSE,生技醫療,EB031000,35457.29,73.81,0.58,moneydj,https://www.moneydj.com/Z/ZB/ZBA/CZBA1.DJBCD?a=EB031000
2026-04-14,TWSE,生技醫療,EB031000,36296.12,74.57,0.58,moneydj,https://www.moneydj.com/Z/ZB/ZBA/CZBA1.DJBCD?a=EB031000
2026-04-15,TWSE,生技醫療,EB031000,36722.14,75.05,0.43,moneydj,https://www.moneydj.com/Z/ZB/ZBA/CZBA1.DJBCD?a=EB031000
2026-04-16,TWSE,生技醫療,EB031000,37132.02,75.74,0.48,moneydj,https://www.moneydj.com/Z/ZB/ZBA/CZBA1.DJBCD?a=EB031000
2026-04-17,TWSE,生技醫療,EB031000,36804.34,75.32,0.49,moneydj,https://www.moneydj.com/Z/ZB/ZBA/CZBA1.DJBCD?a=EB031000
2026-04-20,TWSE,生技醫療,EB031000,36958.8,75.08,0.61,moneydj,https://www.moneydj.com/Z/ZB/ZBA/CZBA1.DJBCD?a=EB031000
2026-04-21,TWSE,生技醫療,EB031000,37605.11,75.64,0.52,moneydj,https://www.moneydj.com/Z/ZB/ZBA/CZBA1.DJBCD?a=EB031000
2026-04-22,TWSE,生技醫療,EB031000,37878.47,76.02,0.36,moneydj,https://www.moneydj.com/Z/ZB/ZBA/CZBA1.DJBCD?a=EB031000
2026-04-23,TWSE,生技醫療,EB031000,37714.15,74.66,0.42,moneydj,https://www.moneydj.com/Z/ZB/ZBA/CZBA1.DJBCD?a=EB031000
2026-04-24,TWSE,生技醫療,EB031000,38932.4,72.75,0.38,moneydj,https://www.moneydj.com/Z/ZB/ZBA/CZBA1.DJBCD?a=EB031000
2026-04-27,TWSE,生技醫療,EB031000,39616.63,70.77,0.42,moneydj,https://www.moneydj.com/Z/ZB/ZBA/CZBA1.DJBCD?a=EB031000
2026-04-28,TWSE,生技醫療,EB031000,39521.73,72.59,0.29,moneydj,https://www.moneydj.com/Z/ZB/ZBA/CZBA1.DJBCD?a=EB031000
2026-04-29,TWSE,生技醫療,EB031000,39303.5,74.75,0.42,moneydj,https://www.moneydj.com/Z/ZB/ZBA/CZBA1.DJBCD?a=EB031000
2026-04-30,TWSE,生技醫療,EB031000,38926.63,73.93,0.5,moneydj,https://www.moneydj.com/Z/ZB/ZBA/CZBA1.DJBCD?a=EB031000
2026-05-04,TWSE,生技醫療,EB031000,40705.14,73.31,0.36,moneydj,https://www.moneydj.com/Z/ZB/ZBA/CZBA1.DJBCD?a=EB031000
2026-05-05,TWSE,生技醫療,EB031000,40769.29,73.22,0.36,moneydj,https://www.moneydj.com/Z/ZB/ZBA/CZBA1.DJBCD?a=EB031000
2026-05-06,TWSE,生技醫療,EB031000,41138.85,73.27,0.32,moneydj,https://www.moneydj.com/Z/ZB/ZBA/CZBA1.DJBCD?a=EB031000
2026-05-07,TWSE,生技醫療,EB031000,41933.78,73.52,0.37,moneydj,https://www.moneydj.com/Z/ZB/ZBA/CZBA1.DJBCD?a=EB031000
2026-05-08,TWSE,生技醫療,EB031000,41603.94,75.48,0.67,moneydj,https://www.moneydj.com/Z/ZB/ZBA/CZBA1.DJBCD?a=EB031000
2026-05-11,TWSE,生技醫療,EB031000,41790.06,74.47,0.51,moneydj,https://www.moneydj.com/Z/ZB/ZBA/CZBA1.DJBCD?a=EB031000
2026-05-12,TWSE,生技醫療,EB031000,41898.32,73.14,0.51,moneydj,https://www.moneydj.com/Z/ZB/ZBA/CZBA1.DJBCD?a=EB031000
2026-05-13,TWSE,生技醫療,EB031000,41374.5,75.41,0.73,moneydj,https://www.moneydj.com/Z/ZB/ZBA/CZBA1.DJBCD?a=EB031000
2026-05-14,TWSE,生技醫療,EB031000,41751.75,74.59,0.72,moneydj,https://www.moneydj.com/Z/ZB/ZBA/CZBA1.DJBCD?a=EB031000
2026-05-15,TWSE,生技醫療,EB031000,41172.36,75.25,0.73,moneydj,https://www.moneydj.com/Z/ZB/ZBA/CZBA1.DJBCD?a=EB031000
2026-05-18,TWSE,生技醫療,EB031000,40891.82,74.74,0.65,moneydj,https://www.moneydj.com/Z/ZB/ZBA/CZBA1.DJBCD?a=EB031000
2026-05-19,TWSE,生技醫療,EB031000,40175.56,75.27,0.61,moneydj,https://www.moneydj.com/Z/ZB/ZBA/CZBA1.DJBCD?a=EB031000
2026-05-20,TWSE,生技醫療,EB031000,40020.82,74.98,0.61,moneydj,https://www.moneydj.com/Z/ZB/ZBA/CZBA1.DJBCD?a=EB031000
2026-05-21,TWSE,生技醫療,EB031000,41368.21,75.75,0.4,moneydj,https://www.moneydj.com/Z/ZB/ZBA/CZBA1.DJBCD?a=EB031000
2026-05-22,TWSE,生技醫療,EB031000,42267.97,76.55,0.46,moneydj,https://www.moneydj.com/Z/ZB/ZBA/CZBA1.DJBCD?a=EB031000
2026-05-25,TWSE,生技醫療,EB031000,43644.4,77.5,0.55,moneydj,https://www.moneydj.com/Z/ZB/ZBA/CZBA1.DJBCD?a=EB031000
2026-05-26,TWSE,生技醫療,EB031000,43525.37,77.78,0.47,moneydj,https://www.moneydj.com/Z/ZB/ZBA/CZBA1.DJBCD?a=EB031000
2026-05-27,TWSE,生技醫療,EB031000,44256.8,77.2,0.44,moneydj,https://www.moneydj.com/Z/ZB/ZBA/CZBA1.DJBCD?a=EB031000
2026-05-28,TWSE,生技醫療,EB031000,43636.44,76.07,0.35,moneydj,https://www.moneydj.com/Z/ZB/ZBA/CZBA1.DJBCD?a=EB031000
2026-05-29,TWSE,生技醫療,EB031000,44732.94,78.65,0.49,moneydj,https://www.moneydj.com/Z/ZB/ZBA/CZBA1.DJBCD?a=EB031000
2026-06-01,TWSE,生技醫療,EB031000,45337.91,79.7,0.46,moneydj,https://www.moneydj.com/Z/ZB/ZBA/CZBA1.DJBCD?a=EB031000
2026-06-02,TWSE,生技醫療,EB031000,45557.31,77.49,0.42,moneydj,https://www.moneydj.com/Z/ZB/ZBA/CZBA1.DJBCD?a=EB031000
2026-06-03,TWSE,生技醫療,EB031000,46459.16,77.46,0.3,moneydj,https://www.moneydj.com/Z/ZB/ZBA/CZBA1.DJBCD?a=EB031000
2026-06-04,TWSE,生技醫療,EB031000,45677.46,79.42,0.46,moneydj,https://www.moneydj.com/Z/ZB/ZBA/CZBA1.DJBCD?a=EB031000
2026-06-05,TWSE,生技醫療,EB031000,45070.94,79.87,0.47,moneydj,https://www.moneydj.com/Z/ZB/ZBA/CZBA1.DJBCD?a=EB031000
2026-06-08,TWSE,生技醫療,EB031000,43502.78,78.76,0.69,moneydj,https://www.moneydj.com/Z/ZB/ZBA/CZBA1.DJBCD?a=EB031000
2026-06-09,TWSE,生技醫療,EB031000,44704.44,80.82,0.68,moneydj,https://www.moneydj.com/Z/ZB/ZBA/CZBA1.DJBCD?a=EB031000
2026-03-13,TWSE,玻璃陶瓷,EB018000,33400.32,134.01,0.09,moneydj,https://www.moneydj.com/Z/ZB/ZBA/CZBA1.DJBCD?a=EB018000
2026-03-16,TWSE,玻璃陶瓷,EB018000,33342.51,142.36,0.11,moneydj,https://www.moneydj.com/Z/ZB/ZBA/CZBA1.DJBCD?a=EB018000
2026-03-17,TWSE,玻璃陶瓷,EB018000,33836.57,143.27,0.15,moneydj,https://www.moneydj.com/Z/ZB/ZBA/CZBA1.DJBCD?a=EB018000
2026-03-18,TWSE,玻璃陶瓷,EB018000,34348.58,148.14,1.19,moneydj,https://www.moneydj.com/Z/ZB/ZBA/CZBA1.DJBCD?a=EB018000
2026-03-19,TWSE,玻璃陶瓷,EB018000,33689.68,142.06,0.59,moneydj,https://www.moneydj.com/Z/ZB/ZBA/CZBA1.DJBCD?a=EB018000
2026-03-20,TWSE,玻璃陶瓷,EB018000,33543.88,134.63,0.7,moneydj,https://www.moneydj.com/Z/ZB/ZBA/CZBA1.DJBCD?a=EB018000
2026-03-23,TWSE,玻璃陶瓷,EB018000,32722.5,122.06,0.65,moneydj,https://www.moneydj.com/Z/ZB/ZBA/CZBA1.DJBCD?a=EB018000
2026-03-24,TWSE,玻璃陶瓷,EB018000,32612.24,121.83,0.58,moneydj,https://www.moneydj.com/Z/ZB/ZBA/CZBA1.DJBCD?a=EB018000
2026-03-25,TWSE,玻璃陶瓷,EB018000,33439.11,126.82,0.91,moneydj,https://www.moneydj.com/Z/ZB/ZBA/CZBA1.DJBCD?a=EB018000
2026-03-26,TWSE,玻璃陶瓷,EB018000,33337.62,124.84,0.63,moneydj,https://www.moneydj.com/Z/ZB/ZBA/CZBA1.DJBCD?a=EB018000
2026-03-27,TWSE,玻璃陶瓷,EB018000,33112.59,128.35,0.47,moneydj,https://www.moneydj.com/Z/ZB/ZBA/CZBA1.DJBCD?a=EB018000
2026-03-30,TWSE,玻璃陶瓷,EB018000,32518.16,127.0,0.28,moneydj,https://www.moneydj.com/Z/ZB/ZBA/CZBA1.DJBCD?a=EB018000
2026-03-31,TWSE,玻璃陶瓷,EB018000,31722.99,121.42,0.37,moneydj,https://www.moneydj.com/Z/ZB/ZBA/CZBA1.DJBCD?a=EB018000
2026-04-01,TWSE,玻璃陶瓷,EB018000,33174.82,125.84,0.47,moneydj,https://www.moneydj.com/Z/ZB/ZBA/CZBA1.DJBCD?a=EB018000
2026-04-02,TWSE,玻璃陶瓷,EB018000,32572.43,122.0,0.38,moneydj,https://www.moneydj.com/Z/ZB/ZBA/CZBA1.DJBCD?a=EB018000
2026-04-07,TWSE,玻璃陶瓷,EB018000,33229.82,125.12,0.35,moneydj,https://www.moneydj.com/Z/ZB/ZBA/CZBA1.DJBCD?a=EB018000
2026-04-08,TWSE,玻璃陶瓷,EB018000,34761.38,136.7,0.37,moneydj,https://www.moneydj.com/Z/ZB/ZBA/CZBA1.DJBCD?a=EB018000
2026-04-09,TWSE,玻璃陶瓷,EB018000,34861.16,137.65,1.45,moneydj,https://www.moneydj.com/Z/ZB/ZBA/CZBA1.DJBCD?a=EB018000
2026-04-10,TWSE,玻璃陶瓷,EB018000,35417.83,133.8,0.52,moneydj,https://www.moneydj.com/Z/ZB/ZBA/CZBA1.DJBCD?a=EB018000
2026-04-13,TWSE,玻璃陶瓷,EB018000,35457.29,145.99,0.96,moneydj,https://www.moneydj.com/Z/ZB/ZBA/CZBA1.DJBCD?a=EB018000
2026-04-14,TWSE,玻璃陶瓷,EB018000,36296.12,156.18,1.96,moneydj,https://www.moneydj.com/Z/ZB/ZBA/CZBA1.DJBCD?a=EB018000
2026-04-15,TWSE,玻璃陶瓷,EB018000,36722.14,158.43,1.88,moneydj,https://www.moneydj.com/Z/ZB/ZBA/CZBA1.DJBCD?a=EB018000
2026-04-16,TWSE,玻璃陶瓷,EB018000,37132.02,160.06,1.81,moneydj,https://www.moneydj.com/Z/ZB/ZBA/CZBA1.DJBCD?a=EB018000
2026-04-17,TWSE,玻璃陶瓷,EB018000,36804.34,169.27,2.59,moneydj,https://www.moneydj.com/Z/ZB/ZBA/CZBA1.DJBCD?a=EB018000
2026-04-20,TWSE,玻璃陶瓷,EB018000,36958.8,162.38,2.02,moneydj,https://www.moneydj.com/Z/ZB/ZBA/CZBA1.DJBCD?a=EB018000
2026-04-21,TWSE,玻璃陶瓷,EB018000,37605.11,169.3,1.39,moneydj,https://www.moneydj.com/Z/ZB/ZBA/CZBA1.DJBCD?a=EB018000
2026-04-22,TWSE,玻璃陶瓷,EB018000,37878.47,162.5,1.55,moneydj,https://www.moneydj.com/Z/ZB/ZBA/CZBA1.DJBCD?a=EB018000
2026-04-23,TWSE,玻璃陶瓷,EB018000,37714.15,152.12,0.77,moneydj,https://www.moneydj.com/Z/ZB/ZBA/CZBA1.DJBCD?a=EB018000
2026-04-24,TWSE,玻璃陶瓷,EB018000,38932.4,149.35,0.75,moneydj,https://www.moneydj.com/Z/ZB/ZBA/CZBA1.DJBCD?a=EB018000
2026-04-27,TWSE,玻璃陶瓷,EB018000,39616.63,147.46,0.47,moneydj,https://www.moneydj.com/Z/ZB/ZBA/CZBA1.DJBCD?a=EB018000
2026-04-28,TWSE,玻璃陶瓷,EB018000,39521.73,161.44,0.81,moneydj,https://www.moneydj.com/Z/ZB/ZBA/CZBA1.DJBCD?a=EB018000
2026-04-29,TWSE,玻璃陶瓷,EB018000,39303.5,152.06,1.01,moneydj,https://www.moneydj.com/Z/ZB/ZBA/CZBA1.DJBCD?a=EB018000
2026-04-30,TWSE,玻璃陶瓷,EB018000,38926.63,153.63,0.8,moneydj,https://www.moneydj.com/Z/ZB/ZBA/CZBA1.DJBCD?a=EB018000
2026-05-04,TWSE,玻璃陶瓷,EB018000,40705.14,152.22,0.52,moneydj,https://www.moneydj.com/Z/ZB/ZBA/CZBA1.DJBCD?a=EB018000
2026-05-05,TWSE,玻璃陶瓷,EB018000,40769.29,166.75,0.99,moneydj,https://www.moneydj.com/Z/ZB/ZBA/CZBA1.DJBCD?a=EB018000
2026-05-06,TWSE,玻璃陶瓷,EB018000,41138.85,163.74,1.22,moneydj,https://www.moneydj.com/Z/ZB/ZBA/CZBA1.DJBCD?a=EB018000
2026-05-07,TWSE,玻璃陶瓷,EB018000,41933.78,162.91,0.98,moneydj,https://www.moneydj.com/Z/ZB/ZBA/CZBA1.DJBCD?a=EB018000
2026-05-08,TWSE,玻璃陶瓷,EB018000,41603.94,159.05,0.52,moneydj,https://www.moneydj.com/Z/ZB/ZBA/CZBA1.DJBCD?a=EB018000
2026-05-11,TWSE,玻璃陶瓷,EB018000,41790.06,161.54,0.51,moneydj,https://www.moneydj.com/Z/ZB/ZBA/CZBA1.DJBCD?a=EB018000
2026-05-12,TWSE,玻璃陶瓷,EB018000,41898.32,164.15,0.76,moneydj,https://www.moneydj.com/Z/ZB/ZBA/CZBA1.DJBCD?a=EB018000
2026-05-13,TWSE,玻璃陶瓷,EB018000,41374.5,157.62,0.35,moneydj,https://www.moneydj.com/Z/ZB/ZBA/CZBA1.DJBCD?a=EB018000
2026-05-14,TWSE,玻璃陶瓷,EB018000,41751.75,155.26,0.37,moneydj,https://www.moneydj.com/Z/ZB/ZBA/CZBA1.DJBCD?a=EB018000
2026-05-15,TWSE,玻璃陶瓷,EB018000,41172.36,151.16,0.35,moneydj,https://www.moneydj.com/Z/ZB/ZBA/CZBA1.DJBCD?a=EB018000
2026-05-18,TWSE,玻璃陶瓷,EB018000,40891.82,150.51,0.29,moneydj,https://www.moneydj.com/Z/ZB/ZBA/CZBA1.DJBCD?a=EB018000
2026-05-19,TWSE,玻璃陶瓷,EB018000,40175.56,151.75,0.48,moneydj,https://www.moneydj.com/Z/ZB/ZBA/CZBA1.DJBCD?a=EB018000
2026-05-20,TWSE,玻璃陶瓷,EB018000,40020.82,148.71,0.28,moneydj,https://www.moneydj.com/Z/ZB/ZBA/CZBA1.DJBCD?a=EB018000
2026-05-21,TWSE,玻璃陶瓷,EB018000,41368.21,151.54,0.31,moneydj,https://www.moneydj.com/Z/ZB/ZBA/CZBA1.DJBCD?a=EB018000
2026-05-22,TWSE,玻璃陶瓷,EB018000,42267.97,163.23,0.72,moneydj,https://www.moneydj.com/Z/ZB/ZBA/CZBA1.DJBCD?a=EB018000
2026-05-25,TWSE,玻璃陶瓷,EB018000,43644.4,170.91,1.04,moneydj,https://www.moneydj.com/Z/ZB/ZBA/CZBA1.DJBCD?a=EB018000
2026-05-26,TWSE,玻璃陶瓷,EB018000,43525.37,167.7,1.69,moneydj,https://www.moneydj.com/Z/ZB/ZBA/CZBA1.DJBCD?a=EB018000
2026-05-27,TWSE,玻璃陶瓷,EB018000,44256.8,168.62,0.74,moneydj,https://www.moneydj.com/Z/ZB/ZBA/CZBA1.DJBCD?a=EB018000
2026-05-28,TWSE,玻璃陶瓷,EB018000,43636.44,163.21,0.71,moneydj,https://www.moneydj.com/Z/ZB/ZBA/CZBA1.DJBCD?a=EB018000
2026-05-29,TWSE,玻璃陶瓷,EB018000,44732.94,166.52,0.31,moneydj,https://www.moneydj.com/Z/ZB/ZBA/CZBA1.DJBCD?a=EB018000
2026-06-01,TWSE,玻璃陶瓷,EB018000,45337.91,173.37,0.89,moneydj,https://www.moneydj.com/Z/ZB/ZBA/CZBA1.DJBCD?a=EB018000
2026-06-02,TWSE,玻璃陶瓷,EB018000,45557.31,165.8,0.68,moneydj,https://www.moneydj.com/Z/ZB/ZBA/CZBA1.DJBCD?a=EB018000
2026-06-03,TWSE,玻璃陶瓷,EB018000,46459.16,168.09,0.45,moneydj,https://www.moneydj.com/Z/ZB/ZBA/CZBA1.DJBCD?a=EB018000
2026-06-04,TWSE,玻璃陶瓷,EB018000,45677.46,162.33,0.5,moneydj,https://www.moneydj.com/Z/ZB/ZBA/CZBA1.DJBCD?a=EB018000
2026-06-05,TWSE,玻璃陶瓷,EB018000,45070.94,160.12,0.43,moneydj,https://www.moneydj.com/Z/ZB/ZBA/CZBA1.DJBCD?a=EB018000
2026-06-08,TWSE,玻璃陶瓷,EB018000,43502.78,147.32,0.31,moneydj,https://www.moneydj.com/Z/ZB/ZBA/CZBA1.DJBCD?a=EB018000
2026-06-09,TWSE,玻璃陶瓷,EB018000,44704.44,149.68,0.35,moneydj,https://www.moneydj.com/Z/ZB/ZBA/CZBA1.DJBCD?a=EB018000
2026-03-13,TWSE,造紙,EB019000,33400.32,236.16,0.02,moneydj,https://www.moneydj.com/Z/ZB/ZBA/CZBA1.DJBCD?a=EB019000
2026-03-16,TWSE,造紙,EB019000,33342.51,237.73,0.01,moneydj,https://www.moneydj.com/Z/ZB/ZBA/CZBA1.DJBCD?a=EB019000
2026-03-17,TWSE,造紙,EB019000,33836.57,239.21,0.01,moneydj,https://www.moneydj.com/Z/ZB/ZBA/CZBA1.DJBCD?a=EB019000
2026-03-18,TWSE,造紙,EB019000,34348.58,239.5,0.01,moneydj,https://www.moneydj.com/Z/ZB/ZBA/CZBA1.DJBCD?a=EB019000
2026-03-19,TWSE,造紙,EB019000,33689.68,236.16,0.01,moneydj,https://www.moneydj.com/Z/ZB/ZBA/CZBA1.DJBCD?a=EB019000
2026-03-20,TWSE,造紙,EB019000,33543.88,236.87,0.01,moneydj,https://www.moneydj.com/Z/ZB/ZBA/CZBA1.DJBCD?a=EB019000
2026-03-23,TWSE,造紙,EB019000,32722.5,242.12,0.06,moneydj,https://www.moneydj.com/Z/ZB/ZBA/CZBA1.DJBCD?a=EB019000
2026-03-24,TWSE,造紙,EB019000,32612.24,244.81,0.04,moneydj,https://www.moneydj.com/Z/ZB/ZBA/CZBA1.DJBCD?a=EB019000
2026-03-25,TWSE,造紙,EB019000,33439.11,247.1,0.03,moneydj,https://www.moneydj.com/Z/ZB/ZBA/CZBA1.DJBCD?a=EB019000
2026-03-26,TWSE,造紙,EB019000,33337.62,258.83,0.09,moneydj,https://www.moneydj.com/Z/ZB/ZBA/CZBA1.DJBCD?a=EB019000
2026-03-27,TWSE,造紙,EB019000,33112.59,264.18,0.22,moneydj,https://www.moneydj.com/Z/ZB/ZBA/CZBA1.DJBCD?a=EB019000
2026-03-30,TWSE,造紙,EB019000,32518.16,271.87,0.17,moneydj,https://www.moneydj.com/Z/ZB/ZBA/CZBA1.DJBCD?a=EB019000
2026-03-31,TWSE,造紙,EB019000,31722.99,273.72,0.15,moneydj,https://www.moneydj.com/Z/ZB/ZBA/CZBA1.DJBCD?a=EB019000
2026-04-01,TWSE,造紙,EB019000,33174.82,264.92,0.1,moneydj,https://www.moneydj.com/Z/ZB/ZBA/CZBA1.DJBCD?a=EB019000
2026-04-02,TWSE,造紙,EB019000,32572.43,257.6,0.05,moneydj,https://www.moneydj.com/Z/ZB/ZBA/CZBA1.DJBCD?a=EB019000
2026-04-07,TWSE,造紙,EB019000,33229.82,257.49,0.04,moneydj,https://www.moneydj.com/Z/ZB/ZBA/CZBA1.DJBCD?a=EB019000
2026-04-08,TWSE,造紙,EB019000,34761.38,254.13,0.03,moneydj,https://www.moneydj.com/Z/ZB/ZBA/CZBA1.DJBCD?a=EB019000
2026-04-09,TWSE,造紙,EB019000,34861.16,255.61,0.02,moneydj,https://www.moneydj.com/Z/ZB/ZBA/CZBA1.DJBCD?a=EB019000
2026-04-10,TWSE,造紙,EB019000,35417.83,256.43,0.02,moneydj,https://www.moneydj.com/Z/ZB/ZBA/CZBA1.DJBCD?a=EB019000
2026-04-13,TWSE,造紙,EB019000,35457.29,256.36,0.02,moneydj,https://www.moneydj.com/Z/ZB/ZBA/CZBA1.DJBCD?a=EB019000
2026-04-14,TWSE,造紙,EB019000,36296.12,256.05,0.01,moneydj,https://www.moneydj.com/Z/ZB/ZBA/CZBA1.DJBCD?a=EB019000
2026-04-15,TWSE,造紙,EB019000,36722.14,256.46,0.02,moneydj,https://www.moneydj.com/Z/ZB/ZBA/CZBA1.DJBCD?a=EB019000
2026-04-16,TWSE,造紙,EB019000,37132.02,256.12,0.01,moneydj,https://www.moneydj.com/Z/ZB/ZBA/CZBA1.DJBCD?a=EB019000
2026-04-17,TWSE,造紙,EB019000,36804.34,252.4,0.01,moneydj,https://www.moneydj.com/Z/ZB/ZBA/CZBA1.DJBCD?a=EB019000
2026-04-20,TWSE,造紙,EB019000,36958.8,246.24,0.03,moneydj,https://www.moneydj.com/Z/ZB/ZBA/CZBA1.DJBCD?a=EB019000
2026-04-21,TWSE,造紙,EB019000,37605.11,253.4,0.02,moneydj,https://www.moneydj.com/Z/ZB/ZBA/CZBA1.DJBCD?a=EB019000
2026-04-22,TWSE,造紙,EB019000,37878.47,250.71,0.02,moneydj,https://www.moneydj.com/Z/ZB/ZBA/CZBA1.DJBCD?a=EB019000
2026-04-23,TWSE,造紙,EB019000,37714.15,244.42,0.02,moneydj,https://www.moneydj.com/Z/ZB/ZBA/CZBA1.DJBCD?a=EB019000
2026-04-24,TWSE,造紙,EB019000,38932.4,243.72,0.02,moneydj,https://www.moneydj.com/Z/ZB/ZBA/CZBA1.DJBCD?a=EB019000
2026-04-27,TWSE,造紙,EB019000,39616.63,241.08,0.02,moneydj,https://www.moneydj.com/Z/ZB/ZBA/CZBA1.DJBCD?a=EB019000
2026-04-28,TWSE,造紙,EB019000,39521.73,242.37,0.01,moneydj,https://www.moneydj.com/Z/ZB/ZBA/CZBA1.DJBCD?a=EB019000
2026-04-29,TWSE,造紙,EB019000,39303.5,241.71,0.01,moneydj,https://www.moneydj.com/Z/ZB/ZBA/CZBA1.DJBCD?a=EB019000
2026-04-30,TWSE,造紙,EB019000,38926.63,238.3,0.01,moneydj,https://www.moneydj.com/Z/ZB/ZBA/CZBA1.DJBCD?a=EB019000
2026-05-04,TWSE,造紙,EB019000,40705.14,237.55,0.01,moneydj,https://www.moneydj.com/Z/ZB/ZBA/CZBA1.DJBCD?a=EB019000
2026-05-05,TWSE,造紙,EB019000,40769.29,238.25,0.01,moneydj,https://www.moneydj.com/Z/ZB/ZBA/CZBA1.DJBCD?a=EB019000
2026-05-06,TWSE,造紙,EB019000,41138.85,238.19,0.01,moneydj,https://www.moneydj.com/Z/ZB/ZBA/CZBA1.DJBCD?a=EB019000
2026-05-07,TWSE,造紙,EB019000,41933.78,239.51,0.01,moneydj,https://www.moneydj.com/Z/ZB/ZBA/CZBA1.DJBCD?a=EB019000
2026-05-08,TWSE,造紙,EB019000,41603.94,238.68,0.01,moneydj,https://www.moneydj.com/Z/ZB/ZBA/CZBA1.DJBCD?a=EB019000
2026-05-11,TWSE,造紙,EB019000,41790.06,238.86,0.01,moneydj,https://www.moneydj.com/Z/ZB/ZBA/CZBA1.DJBCD?a=EB019000
2026-05-12,TWSE,造紙,EB019000,41898.32,236.29,0.01,moneydj,https://www.moneydj.com/Z/ZB/ZBA/CZBA1.DJBCD?a=EB019000
2026-05-13,TWSE,造紙,EB019000,41374.5,242.43,0.02,moneydj,https://www.moneydj.com/Z/ZB/ZBA/CZBA1.DJBCD?a=EB019000
2026-05-14,TWSE,造紙,EB019000,41751.75,243.44,0.02,moneydj,https://www.moneydj.com/Z/ZB/ZBA/CZBA1.DJBCD?a=EB019000
2026-05-15,TWSE,造紙,EB019000,41172.36,246.5,0.03,moneydj,https://www.moneydj.com/Z/ZB/ZBA/CZBA1.DJBCD?a=EB019000
2026-05-18,TWSE,造紙,EB019000,40891.82,240.18,0.02,moneydj,https://www.moneydj.com/Z/ZB/ZBA/CZBA1.DJBCD?a=EB019000
2026-05-19,TWSE,造紙,EB019000,40175.56,240.29,0.01,moneydj,https://www.moneydj.com/Z/ZB/ZBA/CZBA1.DJBCD?a=EB019000
2026-05-20,TWSE,造紙,EB019000,40020.82,237.84,0.01,moneydj,https://www.moneydj.com/Z/ZB/ZBA/CZBA1.DJBCD?a=EB019000
2026-05-21,TWSE,造紙,EB019000,41368.21,242.11,0.01,moneydj,https://www.moneydj.com/Z/ZB/ZBA/CZBA1.DJBCD?a=EB019000
2026-05-22,TWSE,造紙,EB019000,42267.97,241.22,0.01,moneydj,https://www.moneydj.com/Z/ZB/ZBA/CZBA1.DJBCD?a=EB019000
2026-05-25,TWSE,造紙,EB019000,43644.4,244.62,0.02,moneydj,https://www.moneydj.com/Z/ZB/ZBA/CZBA1.DJBCD?a=EB019000
2026-05-26,TWSE,造紙,EB019000,43525.37,241.61,0.01,moneydj,https://www.moneydj.com/Z/ZB/ZBA/CZBA1.DJBCD?a=EB019000
2026-05-27,TWSE,造紙,EB019000,44256.8,238.91,0.01,moneydj,https://www.moneydj.com/Z/ZB/ZBA/CZBA1.DJBCD?a=EB019000
2026-05-28,TWSE,造紙,EB019000,43636.44,239.72,0.01,moneydj,https://www.moneydj.com/Z/ZB/ZBA/CZBA1.DJBCD?a=EB019000
2026-05-29,TWSE,造紙,EB019000,44732.94,240.3,0.01,moneydj,https://www.moneydj.com/Z/ZB/ZBA/CZBA1.DJBCD?a=EB019000
2026-06-01,TWSE,造紙,EB019000,45337.91,243.81,0.01,moneydj,https://www.moneydj.com/Z/ZB/ZBA/CZBA1.DJBCD?a=EB019000
2026-06-02,TWSE,造紙,EB019000,45557.31,244.65,0.01,moneydj,https://www.moneydj.com/Z/ZB/ZBA/CZBA1.DJBCD?a=EB019000
2026-06-03,TWSE,造紙,EB019000,46459.16,250.26,0.02,moneydj,https://www.moneydj.com/Z/ZB/ZBA/CZBA1.DJBCD?a=EB019000
2026-06-04,TWSE,造紙,EB019000,45677.46,265.3,0.13,moneydj,https://www.moneydj.com/Z/ZB/ZBA/CZBA1.DJBCD?a=EB019000
2026-06-05,TWSE,造紙,EB019000,45070.94,259.7,0.06,moneydj,https://www.moneydj.com/Z/ZB/ZBA/CZBA1.DJBCD?a=EB019000
2026-06-08,TWSE,造紙,EB019000,43502.78,254.13,0.03,moneydj,https://www.moneydj.com/Z/ZB/ZBA/CZBA1.DJBCD?a=EB019000
2026-06-09,TWSE,造紙,EB019000,44704.44,257.31,0.04,moneydj,https://www.moneydj.com/Z/ZB/ZBA/CZBA1.DJBCD?a=EB019000
2026-03-13,TWSE,鋼鐵,EB020000,33400.32,118.18,0.27,moneydj,https://www.moneydj.com/Z/ZB/ZBA/CZBA1.DJBCD?a=EB020000
2026-03-16,TWSE,鋼鐵,EB020000,33342.51,118.19,0.27,moneydj,https://www.moneydj.com/Z/ZB/ZBA/CZBA1.DJBCD?a=EB020000
2026-03-17,TWSE,鋼鐵,EB020000,33836.57,119.31,0.24,moneydj,https://www.moneydj.com/Z/ZB/ZBA/CZBA1.DJBCD?a=EB020000
2026-03-18,TWSE,鋼鐵,EB020000,34348.58,120.05,0.33,moneydj,https://www.moneydj.com/Z/ZB/ZBA/CZBA1.DJBCD?a=EB020000
2026-03-19,TWSE,鋼鐵,EB020000,33689.68,117.55,0.47,moneydj,https://www.moneydj.com/Z/ZB/ZBA/CZBA1.DJBCD?a=EB020000
2026-03-20,TWSE,鋼鐵,EB020000,33543.88,119.84,0.61,moneydj,https://www.moneydj.com/Z/ZB/ZBA/CZBA1.DJBCD?a=EB020000
2026-03-23,TWSE,鋼鐵,EB020000,32722.5,117.57,0.72,moneydj,https://www.moneydj.com/Z/ZB/ZBA/CZBA1.DJBCD?a=EB020000
2026-03-24,TWSE,鋼鐵,EB020000,32612.24,118.42,0.31,moneydj,https://www.moneydj.com/Z/ZB/ZBA/CZBA1.DJBCD?a=EB020000
2026-03-25,TWSE,鋼鐵,EB020000,33439.11,118.98,0.29,moneydj,https://www.moneydj.com/Z/ZB/ZBA/CZBA1.DJBCD?a=EB020000
2026-03-26,TWSE,鋼鐵,EB020000,33337.62,119.15,0.35,moneydj,https://www.moneydj.com/Z/ZB/ZBA/CZBA1.DJBCD?a=EB020000
2026-03-27,TWSE,鋼鐵,EB020000,33112.59,118.52,0.27,moneydj,https://www.moneydj.com/Z/ZB/ZBA/CZBA1.DJBCD?a=EB020000
2026-03-30,TWSE,鋼鐵,EB020000,32518.16,116.87,0.91,moneydj,https://www.moneydj.com/Z/ZB/ZBA/CZBA1.DJBCD?a=EB020000
2026-03-31,TWSE,鋼鐵,EB020000,31722.99,115.39,0.58,moneydj,https://www.moneydj.com/Z/ZB/ZBA/CZBA1.DJBCD?a=EB020000
2026-04-01,TWSE,鋼鐵,EB020000,33174.82,117.6,0.41,moneydj,https://www.moneydj.com/Z/ZB/ZBA/CZBA1.DJBCD?a=EB020000
2026-04-02,TWSE,鋼鐵,EB020000,32572.43,117.58,0.58,moneydj,https://www.moneydj.com/Z/ZB/ZBA/CZBA1.DJBCD?a=EB020000
2026-04-07,TWSE,鋼鐵,EB020000,33229.82,117.85,0.52,moneydj,https://www.moneydj.com/Z/ZB/ZBA/CZBA1.DJBCD?a=EB020000
2026-04-08,TWSE,鋼鐵,EB020000,34761.38,119.99,0.34,moneydj,https://www.moneydj.com/Z/ZB/ZBA/CZBA1.DJBCD?a=EB020000
2026-04-09,TWSE,鋼鐵,EB020000,34861.16,120.43,0.34,moneydj,https://www.moneydj.com/Z/ZB/ZBA/CZBA1.DJBCD?a=EB020000
2026-04-10,TWSE,鋼鐵,EB020000,35417.83,119.62,0.37,moneydj,https://www.moneydj.com/Z/ZB/ZBA/CZBA1.DJBCD?a=EB020000
2026-04-13,TWSE,鋼鐵,EB020000,35457.29,120.2,0.27,moneydj,https://www.moneydj.com/Z/ZB/ZBA/CZBA1.DJBCD?a=EB020000
2026-04-14,TWSE,鋼鐵,EB020000,36296.12,121.08,0.29,moneydj,https://www.moneydj.com/Z/ZB/ZBA/CZBA1.DJBCD?a=EB020000
2026-04-15,TWSE,鋼鐵,EB020000,36722.14,119.49,0.29,moneydj,https://www.moneydj.com/Z/ZB/ZBA/CZBA1.DJBCD?a=EB020000
2026-04-16,TWSE,鋼鐵,EB020000,37132.02,119.32,0.24,moneydj,https://www.moneydj.com/Z/ZB/ZBA/CZBA1.DJBCD?a=EB020000
2026-04-17,TWSE,鋼鐵,EB020000,36804.34,119.69,0.19,moneydj,https://www.moneydj.com/Z/ZB/ZBA/CZBA1.DJBCD?a=EB020000
2026-04-20,TWSE,鋼鐵,EB020000,36958.8,118.63,0.26,moneydj,https://www.moneydj.com/Z/ZB/ZBA/CZBA1.DJBCD?a=EB020000
2026-04-21,TWSE,鋼鐵,EB020000,37605.11,118.37,0.17,moneydj,https://www.moneydj.com/Z/ZB/ZBA/CZBA1.DJBCD?a=EB020000
2026-04-22,TWSE,鋼鐵,EB020000,37878.47,117.51,0.22,moneydj,https://www.moneydj.com/Z/ZB/ZBA/CZBA1.DJBCD?a=EB020000
2026-04-23,TWSE,鋼鐵,EB020000,37714.15,115.24,0.25,moneydj,https://www.moneydj.com/Z/ZB/ZBA/CZBA1.DJBCD?a=EB020000
2026-04-24,TWSE,鋼鐵,EB020000,38932.4,114.51,0.19,moneydj,https://www.moneydj.com/Z/ZB/ZBA/CZBA1.DJBCD?a=EB020000
2026-04-27,TWSE,鋼鐵,EB020000,39616.63,113.76,0.21,moneydj,https://www.moneydj.com/Z/ZB/ZBA/CZBA1.DJBCD?a=EB020000
2026-04-28,TWSE,鋼鐵,EB020000,39521.73,115.19,0.29,moneydj,https://www.moneydj.com/Z/ZB/ZBA/CZBA1.DJBCD?a=EB020000
2026-04-29,TWSE,鋼鐵,EB020000,39303.5,116.1,0.34,moneydj,https://www.moneydj.com/Z/ZB/ZBA/CZBA1.DJBCD?a=EB020000
2026-04-30,TWSE,鋼鐵,EB020000,38926.63,114.29,0.23,moneydj,https://www.moneydj.com/Z/ZB/ZBA/CZBA1.DJBCD?a=EB020000
2026-05-04,TWSE,鋼鐵,EB020000,40705.14,113.97,0.19,moneydj,https://www.moneydj.com/Z/ZB/ZBA/CZBA1.DJBCD?a=EB020000
2026-05-05,TWSE,鋼鐵,EB020000,40769.29,114.17,0.18,moneydj,https://www.moneydj.com/Z/ZB/ZBA/CZBA1.DJBCD?a=EB020000
2026-05-06,TWSE,鋼鐵,EB020000,41138.85,115.35,0.21,moneydj,https://www.moneydj.com/Z/ZB/ZBA/CZBA1.DJBCD?a=EB020000
2026-05-07,TWSE,鋼鐵,EB020000,41933.78,116.12,0.26,moneydj,https://www.moneydj.com/Z/ZB/ZBA/CZBA1.DJBCD?a=EB020000
2026-05-08,TWSE,鋼鐵,EB020000,41603.94,115.67,0.23,moneydj,https://www.moneydj.com/Z/ZB/ZBA/CZBA1.DJBCD?a=EB020000
2026-05-11,TWSE,鋼鐵,EB020000,41790.06,115.77,0.28,moneydj,https://www.moneydj.com/Z/ZB/ZBA/CZBA1.DJBCD?a=EB020000
2026-05-12,TWSE,鋼鐵,EB020000,41898.32,114.95,0.22,moneydj,https://www.moneydj.com/Z/ZB/ZBA/CZBA1.DJBCD?a=EB020000
2026-05-13,TWSE,鋼鐵,EB020000,41374.5,113.87,0.27,moneydj,https://www.moneydj.com/Z/ZB/ZBA/CZBA1.DJBCD?a=EB020000
2026-05-14,TWSE,鋼鐵,EB020000,41751.75,114.6,0.32,moneydj,https://www.moneydj.com/Z/ZB/ZBA/CZBA1.DJBCD?a=EB020000
2026-05-15,TWSE,鋼鐵,EB020000,41172.36,113.32,0.3,moneydj,https://www.moneydj.com/Z/ZB/ZBA/CZBA1.DJBCD?a=EB020000
2026-05-18,TWSE,鋼鐵,EB020000,40891.82,112.92,0.29,moneydj,https://www.moneydj.com/Z/ZB/ZBA/CZBA1.DJBCD?a=EB020000
2026-05-19,TWSE,鋼鐵,EB020000,40175.56,113.2,0.23,moneydj,https://www.moneydj.com/Z/ZB/ZBA/CZBA1.DJBCD?a=EB020000
2026-05-20,TWSE,鋼鐵,EB020000,40020.82,113.05,0.31,moneydj,https://www.moneydj.com/Z/ZB/ZBA/CZBA1.DJBCD?a=EB020000
2026-05-21,TWSE,鋼鐵,EB020000,41368.21,114.21,0.24,moneydj,https://www.moneydj.com/Z/ZB/ZBA/CZBA1.DJBCD?a=EB020000
2026-05-22,TWSE,鋼鐵,EB020000,42267.97,113.82,0.21,moneydj,https://www.moneydj.com/Z/ZB/ZBA/CZBA1.DJBCD?a=EB020000
2026-05-25,TWSE,鋼鐵,EB020000,43644.4,120.6,0.59,moneydj,https://www.moneydj.com/Z/ZB/ZBA/CZBA1.DJBCD?a=EB020000
2026-05-26,TWSE,鋼鐵,EB020000,43525.37,117.6,0.59,moneydj,https://www.moneydj.com/Z/ZB/ZBA/CZBA1.DJBCD?a=EB020000
2026-05-27,TWSE,鋼鐵,EB020000,44256.8,116.99,0.27,moneydj,https://www.moneydj.com/Z/ZB/ZBA/CZBA1.DJBCD?a=EB020000
2026-05-28,TWSE,鋼鐵,EB020000,43636.44,115.86,0.22,moneydj,https://www.moneydj.com/Z/ZB/ZBA/CZBA1.DJBCD?a=EB020000
2026-05-29,TWSE,鋼鐵,EB020000,44732.94,117.28,0.18,moneydj,https://www.moneydj.com/Z/ZB/ZBA/CZBA1.DJBCD?a=EB020000
2026-06-01,TWSE,鋼鐵,EB020000,45337.91,118.23,0.23,moneydj,https://www.moneydj.com/Z/ZB/ZBA/CZBA1.DJBCD?a=EB020000
2026-06-02,TWSE,鋼鐵,EB020000,45557.31,117.66,0.24,moneydj,https://www.moneydj.com/Z/ZB/ZBA/CZBA1.DJBCD?a=EB020000
2026-06-03,TWSE,鋼鐵,EB020000,46459.16,120.1,0.42,moneydj,https://www.moneydj.com/Z/ZB/ZBA/CZBA1.DJBCD?a=EB020000
2026-06-04,TWSE,鋼鐵,EB020000,45677.46,120.2,0.39,moneydj,https://www.moneydj.com/Z/ZB/ZBA/CZBA1.DJBCD?a=EB020000
2026-06-05,TWSE,鋼鐵,EB020000,45070.94,120.05,0.41,moneydj,https://www.moneydj.com/Z/ZB/ZBA/CZBA1.DJBCD?a=EB020000
2026-06-08,TWSE,鋼鐵,EB020000,43502.78,116.19,0.44,moneydj,https://www.moneydj.com/Z/ZB/ZBA/CZBA1.DJBCD?a=EB020000
2026-06-09,TWSE,鋼鐵,EB020000,44704.44,117.24,0.3,moneydj,https://www.moneydj.com/Z/ZB/ZBA/CZBA1.DJBCD?a=EB020000
2026-03-13,TWSE,橡膠,EB021000,33400.32,186.54,0.11,moneydj,https://www.moneydj.com/Z/ZB/ZBA/CZBA1.DJBCD?a=EB021000
2026-03-16,TWSE,橡膠,EB021000,33342.51,187.26,0.11,moneydj,https://www.moneydj.com/Z/ZB/ZBA/CZBA1.DJBCD?a=EB021000
2026-03-17,TWSE,橡膠,EB021000,33836.57,187.82,0.09,moneydj,https://www.moneydj.com/Z/ZB/ZBA/CZBA1.DJBCD?a=EB021000
2026-03-18,TWSE,橡膠,EB021000,34348.58,189.19,0.07,moneydj,https://www.moneydj.com/Z/ZB/ZBA/CZBA1.DJBCD?a=EB021000
2026-03-19,TWSE,橡膠,EB021000,33689.68,189.29,0.11,moneydj,https://www.moneydj.com/Z/ZB/ZBA/CZBA1.DJBCD?a=EB021000
2026-03-20,TWSE,橡膠,EB021000,33543.88,190.54,0.11,moneydj,https://www.moneydj.com/Z/ZB/ZBA/CZBA1.DJBCD?a=EB021000
2026-03-23,TWSE,橡膠,EB021000,32722.5,187.35,0.1,moneydj,https://www.moneydj.com/Z/ZB/ZBA/CZBA1.DJBCD?a=EB021000
2026-03-24,TWSE,橡膠,EB021000,32612.24,189.32,0.1,moneydj,https://www.moneydj.com/Z/ZB/ZBA/CZBA1.DJBCD?a=EB021000
2026-03-25,TWSE,橡膠,EB021000,33439.11,187.19,0.11,moneydj,https://www.moneydj.com/Z/ZB/ZBA/CZBA1.DJBCD?a=EB021000
2026-03-26,TWSE,橡膠,EB021000,33337.62,189.21,0.07,moneydj,https://www.moneydj.com/Z/ZB/ZBA/CZBA1.DJBCD?a=EB021000
2026-03-27,TWSE,橡膠,EB021000,33112.59,190.58,0.08,moneydj,https://www.moneydj.com/Z/ZB/ZBA/CZBA1.DJBCD?a=EB021000
2026-03-30,TWSE,橡膠,EB021000,32518.16,194.81,0.18,moneydj,https://www.moneydj.com/Z/ZB/ZBA/CZBA1.DJBCD?a=EB021000
2026-03-31,TWSE,橡膠,EB021000,31722.99,191.84,0.12,moneydj,https://www.moneydj.com/Z/ZB/ZBA/CZBA1.DJBCD?a=EB021000
2026-04-01,TWSE,橡膠,EB021000,33174.82,195.12,0.11,moneydj,https://www.moneydj.com/Z/ZB/ZBA/CZBA1.DJBCD?a=EB021000
2026-04-02,TWSE,橡膠,EB021000,32572.43,195.52,0.09,moneydj,https://www.moneydj.com/Z/ZB/ZBA/CZBA1.DJBCD?a=EB021000
2026-04-07,TWSE,橡膠,EB021000,33229.82,192.04,0.09,moneydj,https://www.moneydj.com/Z/ZB/ZBA/CZBA1.DJBCD?a=EB021000
2026-04-08,TWSE,橡膠,EB021000,34761.38,193.21,0.06,moneydj,https://www.moneydj.com/Z/ZB/ZBA/CZBA1.DJBCD?a=EB021000
2026-04-09,TWSE,橡膠,EB021000,34861.16,195.97,0.08,moneydj,https://www.moneydj.com/Z/ZB/ZBA/CZBA1.DJBCD?a=EB021000
2026-04-10,TWSE,橡膠,EB021000,35417.83,194.01,0.07,moneydj,https://www.moneydj.com/Z/ZB/ZBA/CZBA1.DJBCD?a=EB021000
2026-04-13,TWSE,橡膠,EB021000,35457.29,197.7,0.09,moneydj,https://www.moneydj.com/Z/ZB/ZBA/CZBA1.DJBCD?a=EB021000
2026-04-14,TWSE,橡膠,EB021000,36296.12,198.0,0.06,moneydj,https://www.moneydj.com/Z/ZB/ZBA/CZBA1.DJBCD?a=EB021000
2026-04-15,TWSE,橡膠,EB021000,36722.14,195.0,0.06,moneydj,https://www.moneydj.com/Z/ZB/ZBA/CZBA1.DJBCD?a=EB021000
2026-04-16,TWSE,橡膠,EB021000,37132.02,197.49,0.04,moneydj,https://www.moneydj.com/Z/ZB/ZBA/CZBA1.DJBCD?a=EB021000
2026-04-17,TWSE,橡膠,EB021000,36804.34,196.29,0.04,moneydj,https://www.moneydj.com/Z/ZB/ZBA/CZBA1.DJBCD?a=EB021000
2026-04-20,TWSE,橡膠,EB021000,36958.8,195.39,0.06,moneydj,https://www.moneydj.com/Z/ZB/ZBA/CZBA1.DJBCD?a=EB021000
2026-04-21,TWSE,橡膠,EB021000,37605.11,197.92,0.06,moneydj,https://www.moneydj.com/Z/ZB/ZBA/CZBA1.DJBCD?a=EB021000
2026-04-22,TWSE,橡膠,EB021000,37878.47,195.01,0.1,moneydj,https://www.moneydj.com/Z/ZB/ZBA/CZBA1.DJBCD?a=EB021000
2026-04-23,TWSE,橡膠,EB021000,37714.15,194.68,0.07,moneydj,https://www.moneydj.com/Z/ZB/ZBA/CZBA1.DJBCD?a=EB021000
2026-04-24,TWSE,橡膠,EB021000,38932.4,191.63,0.08,moneydj,https://www.moneydj.com/Z/ZB/ZBA/CZBA1.DJBCD?a=EB021000
2026-04-27,TWSE,橡膠,EB021000,39616.63,192.16,0.09,moneydj,https://www.moneydj.com/Z/ZB/ZBA/CZBA1.DJBCD?a=EB021000
2026-04-28,TWSE,橡膠,EB021000,39521.73,190.33,0.06,moneydj,https://www.moneydj.com/Z/ZB/ZBA/CZBA1.DJBCD?a=EB021000
2026-04-29,TWSE,橡膠,EB021000,39303.5,191.17,0.05,moneydj,https://www.moneydj.com/Z/ZB/ZBA/CZBA1.DJBCD?a=EB021000
2026-04-30,TWSE,橡膠,EB021000,38926.63,189.38,0.04,moneydj,https://www.moneydj.com/Z/ZB/ZBA/CZBA1.DJBCD?a=EB021000
2026-05-04,TWSE,橡膠,EB021000,40705.14,187.22,0.05,moneydj,https://www.moneydj.com/Z/ZB/ZBA/CZBA1.DJBCD?a=EB021000
2026-05-05,TWSE,橡膠,EB021000,40769.29,188.5,0.04,moneydj,https://www.moneydj.com/Z/ZB/ZBA/CZBA1.DJBCD?a=EB021000
2026-05-06,TWSE,橡膠,EB021000,41138.85,188.61,0.04,moneydj,https://www.moneydj.com/Z/ZB/ZBA/CZBA1.DJBCD?a=EB021000
2026-05-07,TWSE,橡膠,EB021000,41933.78,192.08,0.05,moneydj,https://www.moneydj.com/Z/ZB/ZBA/CZBA1.DJBCD?a=EB021000
2026-05-08,TWSE,橡膠,EB021000,41603.94,193.44,0.08,moneydj,https://www.moneydj.com/Z/ZB/ZBA/CZBA1.DJBCD?a=EB021000
2026-05-11,TWSE,橡膠,EB021000,41790.06,193.53,0.07,moneydj,https://www.moneydj.com/Z/ZB/ZBA/CZBA1.DJBCD?a=EB021000
2026-05-12,TWSE,橡膠,EB021000,41898.32,191.95,0.05,moneydj,https://www.moneydj.com/Z/ZB/ZBA/CZBA1.DJBCD?a=EB021000
2026-05-13,TWSE,橡膠,EB021000,41374.5,189.21,0.05,moneydj,https://www.moneydj.com/Z/ZB/ZBA/CZBA1.DJBCD?a=EB021000
2026-05-14,TWSE,橡膠,EB021000,41751.75,191.31,0.05,moneydj,https://www.moneydj.com/Z/ZB/ZBA/CZBA1.DJBCD?a=EB021000
2026-05-15,TWSE,橡膠,EB021000,41172.36,190.22,0.07,moneydj,https://www.moneydj.com/Z/ZB/ZBA/CZBA1.DJBCD?a=EB021000
2026-05-18,TWSE,橡膠,EB021000,40891.82,189.71,0.07,moneydj,https://www.moneydj.com/Z/ZB/ZBA/CZBA1.DJBCD?a=EB021000
2026-05-19,TWSE,橡膠,EB021000,40175.56,189.48,0.05,moneydj,https://www.moneydj.com/Z/ZB/ZBA/CZBA1.DJBCD?a=EB021000
2026-05-20,TWSE,橡膠,EB021000,40020.82,188.98,0.05,moneydj,https://www.moneydj.com/Z/ZB/ZBA/CZBA1.DJBCD?a=EB021000
2026-05-21,TWSE,橡膠,EB021000,41368.21,191.27,0.05,moneydj,https://www.moneydj.com/Z/ZB/ZBA/CZBA1.DJBCD?a=EB021000
2026-05-22,TWSE,橡膠,EB021000,42267.97,188.66,0.06,moneydj,https://www.moneydj.com/Z/ZB/ZBA/CZBA1.DJBCD?a=EB021000
2026-05-25,TWSE,橡膠,EB021000,43644.4,187.94,0.05,moneydj,https://www.moneydj.com/Z/ZB/ZBA/CZBA1.DJBCD?a=EB021000
2026-05-26,TWSE,橡膠,EB021000,43525.37,186.8,0.04,moneydj,https://www.moneydj.com/Z/ZB/ZBA/CZBA1.DJBCD?a=EB021000
2026-05-27,TWSE,橡膠,EB021000,44256.8,185.64,0.04,moneydj,https://www.moneydj.com/Z/ZB/ZBA/CZBA1.DJBCD?a=EB021000
2026-05-28,TWSE,橡膠,EB021000,43636.44,186.7,0.04,moneydj,https://www.moneydj.com/Z/ZB/ZBA/CZBA1.DJBCD?a=EB021000
2026-05-29,TWSE,橡膠,EB021000,44732.94,189.09,0.04,moneydj,https://www.moneydj.com/Z/ZB/ZBA/CZBA1.DJBCD?a=EB021000
2026-06-01,TWSE,橡膠,EB021000,45337.91,193.22,0.06,moneydj,https://www.moneydj.com/Z/ZB/ZBA/CZBA1.DJBCD?a=EB021000
2026-06-02,TWSE,橡膠,EB021000,45557.31,198.16,0.1,moneydj,https://www.moneydj.com/Z/ZB/ZBA/CZBA1.DJBCD?a=EB021000
2026-06-03,TWSE,橡膠,EB021000,46459.16,202.62,0.14,moneydj,https://www.moneydj.com/Z/ZB/ZBA/CZBA1.DJBCD?a=EB021000
2026-06-04,TWSE,橡膠,EB021000,45677.46,203.62,0.15,moneydj,https://www.moneydj.com/Z/ZB/ZBA/CZBA1.DJBCD?a=EB021000
2026-06-05,TWSE,橡膠,EB021000,45070.94,201.63,0.16,moneydj,https://www.moneydj.com/Z/ZB/ZBA/CZBA1.DJBCD?a=EB021000
2026-06-08,TWSE,橡膠,EB021000,43502.78,196.84,0.12,moneydj,https://www.moneydj.com/Z/ZB/ZBA/CZBA1.DJBCD?a=EB021000
2026-06-09,TWSE,橡膠,EB021000,44704.44,199.39,0.11,moneydj,https://www.moneydj.com/Z/ZB/ZBA/CZBA1.DJBCD?a=EB021000
2026-03-13,TWSE,汽車,EB022000,33400.32,285.62,0.22,moneydj,https://www.moneydj.com/Z/ZB/ZBA/CZBA1.DJBCD?a=EB022000
2026-03-16,TWSE,汽車,EB022000,33342.51,283.07,0.24,moneydj,https://www.moneydj.com/Z/ZB/ZBA/CZBA1.DJBCD?a=EB022000
2026-03-17,TWSE,汽車,EB022000,33836.57,294.87,0.2,moneydj,https://www.moneydj.com/Z/ZB/ZBA/CZBA1.DJBCD?a=EB022000
2026-03-18,TWSE,汽車,EB022000,34348.58,288.37,0.22,moneydj,https://www.moneydj.com/Z/ZB/ZBA/CZBA1.DJBCD?a=EB022000
2026-03-19,TWSE,汽車,EB022000,33689.68,282.29,0.21,moneydj,https://www.moneydj.com/Z/ZB/ZBA/CZBA1.DJBCD?a=EB022000
2026-03-20,TWSE,汽車,EB022000,33543.88,285.21,0.21,moneydj,https://www.moneydj.com/Z/ZB/ZBA/CZBA1.DJBCD?a=EB022000
2026-03-23,TWSE,汽車,EB022000,32722.5,280.46,0.23,moneydj,https://www.moneydj.com/Z/ZB/ZBA/CZBA1.DJBCD?a=EB022000
2026-03-24,TWSE,汽車,EB022000,32612.24,281.52,0.19,moneydj,https://www.moneydj.com/Z/ZB/ZBA/CZBA1.DJBCD?a=EB022000
2026-03-25,TWSE,汽車,EB022000,33439.11,287.96,0.26,moneydj,https://www.moneydj.com/Z/ZB/ZBA/CZBA1.DJBCD?a=EB022000
2026-03-26,TWSE,汽車,EB022000,33337.62,289.85,0.23,moneydj,https://www.moneydj.com/Z/ZB/ZBA/CZBA1.DJBCD?a=EB022000
2026-03-27,TWSE,汽車,EB022000,33112.59,287.33,0.27,moneydj,https://www.moneydj.com/Z/ZB/ZBA/CZBA1.DJBCD?a=EB022000
2026-03-30,TWSE,汽車,EB022000,32518.16,286.33,0.33,moneydj,https://www.moneydj.com/Z/ZB/ZBA/CZBA1.DJBCD?a=EB022000
2026-03-31,TWSE,汽車,EB022000,31722.99,279.34,0.2,moneydj,https://www.moneydj.com/Z/ZB/ZBA/CZBA1.DJBCD?a=EB022000
2026-04-01,TWSE,汽車,EB022000,33174.82,284.23,0.2,moneydj,https://www.moneydj.com/Z/ZB/ZBA/CZBA1.DJBCD?a=EB022000
2026-04-02,TWSE,汽車,EB022000,32572.43,280.54,0.19,moneydj,https://www.moneydj.com/Z/ZB/ZBA/CZBA1.DJBCD?a=EB022000
2026-04-07,TWSE,汽車,EB022000,33229.82,279.3,0.18,moneydj,https://www.moneydj.com/Z/ZB/ZBA/CZBA1.DJBCD?a=EB022000
2026-04-08,TWSE,汽車,EB022000,34761.38,285.02,0.14,moneydj,https://www.moneydj.com/Z/ZB/ZBA/CZBA1.DJBCD?a=EB022000
2026-04-09,TWSE,汽車,EB022000,34861.16,283.85,0.18,moneydj,https://www.moneydj.com/Z/ZB/ZBA/CZBA1.DJBCD?a=EB022000
2026-04-10,TWSE,汽車,EB022000,35417.83,287.37,0.19,moneydj,https://www.moneydj.com/Z/ZB/ZBA/CZBA1.DJBCD?a=EB022000
2026-04-13,TWSE,汽車,EB022000,35457.29,285.95,0.25,moneydj,https://www.moneydj.com/Z/ZB/ZBA/CZBA1.DJBCD?a=EB022000
2026-04-14,TWSE,汽車,EB022000,36296.12,289.2,0.21,moneydj,https://www.moneydj.com/Z/ZB/ZBA/CZBA1.DJBCD?a=EB022000
2026-04-15,TWSE,汽車,EB022000,36722.14,289.91,0.2,moneydj,https://www.moneydj.com/Z/ZB/ZBA/CZBA1.DJBCD?a=EB022000
2026-04-16,TWSE,汽車,EB022000,37132.02,292.35,0.25,moneydj,https://www.moneydj.com/Z/ZB/ZBA/CZBA1.DJBCD?a=EB022000
2026-04-17,TWSE,汽車,EB022000,36804.34,291.37,0.17,moneydj,https://www.moneydj.com/Z/ZB/ZBA/CZBA1.DJBCD?a=EB022000
2026-04-20,TWSE,汽車,EB022000,36958.8,289.96,0.25,moneydj,https://www.moneydj.com/Z/ZB/ZBA/CZBA1.DJBCD?a=EB022000
2026-04-21,TWSE,汽車,EB022000,37605.11,293.6,0.19,moneydj,https://www.moneydj.com/Z/ZB/ZBA/CZBA1.DJBCD?a=EB022000
2026-04-22,TWSE,汽車,EB022000,37878.47,294.9,0.35,moneydj,https://www.moneydj.com/Z/ZB/ZBA/CZBA1.DJBCD?a=EB022000
2026-04-23,TWSE,汽車,EB022000,37714.15,287.89,0.25,moneydj,https://www.moneydj.com/Z/ZB/ZBA/CZBA1.DJBCD?a=EB022000
2026-04-24,TWSE,汽車,EB022000,38932.4,284.6,0.18,moneydj,https://www.moneydj.com/Z/ZB/ZBA/CZBA1.DJBCD?a=EB022000
2026-04-27,TWSE,汽車,EB022000,39616.63,280.98,0.15,moneydj,https://www.moneydj.com/Z/ZB/ZBA/CZBA1.DJBCD?a=EB022000
2026-04-28,TWSE,汽車,EB022000,39521.73,281.64,0.14,moneydj,https://www.moneydj.com/Z/ZB/ZBA/CZBA1.DJBCD?a=EB022000
2026-04-29,TWSE,汽車,EB022000,39303.5,281.02,0.25,moneydj,https://www.moneydj.com/Z/ZB/ZBA/CZBA1.DJBCD?a=EB022000
2026-04-30,TWSE,汽車,EB022000,38926.63,279.83,0.3,moneydj,https://www.moneydj.com/Z/ZB/ZBA/CZBA1.DJBCD?a=EB022000
2026-05-04,TWSE,汽車,EB022000,40705.14,280.65,0.35,moneydj,https://www.moneydj.com/Z/ZB/ZBA/CZBA1.DJBCD?a=EB022000
2026-05-05,TWSE,汽車,EB022000,40769.29,282.73,0.25,moneydj,https://www.moneydj.com/Z/ZB/ZBA/CZBA1.DJBCD?a=EB022000
2026-05-06,TWSE,汽車,EB022000,41138.85,281.0,0.2,moneydj,https://www.moneydj.com/Z/ZB/ZBA/CZBA1.DJBCD?a=EB022000
2026-05-07,TWSE,汽車,EB022000,41933.78,286.76,0.22,moneydj,https://www.moneydj.com/Z/ZB/ZBA/CZBA1.DJBCD?a=EB022000
2026-05-08,TWSE,汽車,EB022000,41603.94,286.15,0.19,moneydj,https://www.moneydj.com/Z/ZB/ZBA/CZBA1.DJBCD?a=EB022000
2026-05-11,TWSE,汽車,EB022000,41790.06,283.36,0.18,moneydj,https://www.moneydj.com/Z/ZB/ZBA/CZBA1.DJBCD?a=EB022000
2026-05-12,TWSE,汽車,EB022000,41898.32,282.04,0.16,moneydj,https://www.moneydj.com/Z/ZB/ZBA/CZBA1.DJBCD?a=EB022000
2026-05-13,TWSE,汽車,EB022000,41374.5,282.14,0.16,moneydj,https://www.moneydj.com/Z/ZB/ZBA/CZBA1.DJBCD?a=EB022000
2026-05-14,TWSE,汽車,EB022000,41751.75,278.96,0.17,moneydj,https://www.moneydj.com/Z/ZB/ZBA/CZBA1.DJBCD?a=EB022000
2026-05-15,TWSE,汽車,EB022000,41172.36,277.7,0.16,moneydj,https://www.moneydj.com/Z/ZB/ZBA/CZBA1.DJBCD?a=EB022000
2026-05-18,TWSE,汽車,EB022000,40891.82,274.89,0.21,moneydj,https://www.moneydj.com/Z/ZB/ZBA/CZBA1.DJBCD?a=EB022000
2026-05-19,TWSE,汽車,EB022000,40175.56,277.77,0.16,moneydj,https://www.moneydj.com/Z/ZB/ZBA/CZBA1.DJBCD?a=EB022000
2026-05-20,TWSE,汽車,EB022000,40020.82,276.98,0.14,moneydj,https://www.moneydj.com/Z/ZB/ZBA/CZBA1.DJBCD?a=EB022000
2026-05-21,TWSE,汽車,EB022000,41368.21,280.66,0.34,moneydj,https://www.moneydj.com/Z/ZB/ZBA/CZBA1.DJBCD?a=EB022000
2026-05-22,TWSE,汽車,EB022000,42267.97,282.68,0.28,moneydj,https://www.moneydj.com/Z/ZB/ZBA/CZBA1.DJBCD?a=EB022000
2026-05-25,TWSE,汽車,EB022000,43644.4,283.09,0.25,moneydj,https://www.moneydj.com/Z/ZB/ZBA/CZBA1.DJBCD?a=EB022000
2026-05-26,TWSE,汽車,EB022000,43525.37,282.2,0.19,moneydj,https://www.moneydj.com/Z/ZB/ZBA/CZBA1.DJBCD?a=EB022000
2026-05-27,TWSE,汽車,EB022000,44256.8,281.89,0.16,moneydj,https://www.moneydj.com/Z/ZB/ZBA/CZBA1.DJBCD?a=EB022000
2026-05-28,TWSE,汽車,EB022000,43636.44,285.57,0.3,moneydj,https://www.moneydj.com/Z/ZB/ZBA/CZBA1.DJBCD?a=EB022000
2026-05-29,TWSE,汽車,EB022000,44732.94,297.59,0.49,moneydj,https://www.moneydj.com/Z/ZB/ZBA/CZBA1.DJBCD?a=EB022000
2026-06-01,TWSE,汽車,EB022000,45337.91,296.14,0.36,moneydj,https://www.moneydj.com/Z/ZB/ZBA/CZBA1.DJBCD?a=EB022000
2026-06-02,TWSE,汽車,EB022000,45557.31,295.83,0.32,moneydj,https://www.moneydj.com/Z/ZB/ZBA/CZBA1.DJBCD?a=EB022000
2026-06-03,TWSE,汽車,EB022000,46459.16,299.2,0.3,moneydj,https://www.moneydj.com/Z/ZB/ZBA/CZBA1.DJBCD?a=EB022000
2026-06-04,TWSE,汽車,EB022000,45677.46,299.68,0.26,moneydj,https://www.moneydj.com/Z/ZB/ZBA/CZBA1.DJBCD?a=EB022000
2026-06-05,TWSE,汽車,EB022000,45070.94,301.35,0.25,moneydj,https://www.moneydj.com/Z/ZB/ZBA/CZBA1.DJBCD?a=EB022000
2026-06-08,TWSE,汽車,EB022000,43502.78,291.47,0.32,moneydj,https://www.moneydj.com/Z/ZB/ZBA/CZBA1.DJBCD?a=EB022000
2026-06-09,TWSE,汽車,EB022000,44704.44,296.73,0.32,moneydj,https://www.moneydj.com/Z/ZB/ZBA/CZBA1.DJBCD?a=EB022000
2026-03-13,TWSE,電子,EB023000,33400.32,2073.23,78.9,moneydj,https://www.moneydj.com/Z/ZB/ZBA/CZBA1.DJBCD?a=EB023000
2026-03-16,TWSE,電子,EB023000,33342.51,2064.39,77.05,moneydj,https://www.moneydj.com/Z/ZB/ZBA/CZBA1.DJBCD?a=EB023000
2026-03-17,TWSE,電子,EB023000,33836.57,2100.44,83.47,moneydj,https://www.moneydj.com/Z/ZB/ZBA/CZBA1.DJBCD?a=EB023000
2026-03-18,TWSE,電子,EB023000,34348.58,2139.08,83.38,moneydj,https://www.moneydj.com/Z/ZB/ZBA/CZBA1.DJBCD?a=EB023000
2026-03-19,TWSE,電子,EB023000,33689.68,2095.85,80.42,moneydj,https://www.moneydj.com/Z/ZB/ZBA/CZBA1.DJBCD?a=EB023000
2026-03-20,TWSE,電子,EB023000,33543.88,2085.73,81.67,moneydj,https://www.moneydj.com/Z/ZB/ZBA/CZBA1.DJBCD?a=EB023000
2026-03-23,TWSE,電子,EB023000,32722.5,2033.49,72.02,moneydj,https://www.moneydj.com/Z/ZB/ZBA/CZBA1.DJBCD?a=EB023000
2026-03-24,TWSE,電子,EB023000,32612.24,2023.2,79.41,moneydj,https://www.moneydj.com/Z/ZB/ZBA/CZBA1.DJBCD?a=EB023000
2026-03-25,TWSE,電子,EB023000,33439.11,2080.12,80.63,moneydj,https://www.moneydj.com/Z/ZB/ZBA/CZBA1.DJBCD?a=EB023000
2026-03-26,TWSE,電子,EB023000,33337.62,2073.43,84.44,moneydj,https://www.moneydj.com/Z/ZB/ZBA/CZBA1.DJBCD?a=EB023000
2026-03-27,TWSE,電子,EB023000,33112.59,2057.24,81.43,moneydj,https://www.moneydj.com/Z/ZB/ZBA/CZBA1.DJBCD?a=EB023000
2026-03-30,TWSE,電子,EB023000,32518.16,2013.01,75.7,moneydj,https://www.moneydj.com/Z/ZB/ZBA/CZBA1.DJBCD?a=EB023000
2026-03-31,TWSE,電子,EB023000,31722.99,1958.8,76.32,moneydj,https://www.moneydj.com/Z/ZB/ZBA/CZBA1.DJBCD?a=EB023000
2026-04-01,TWSE,電子,EB023000,33174.82,2060.38,77.52,moneydj,https://www.moneydj.com/Z/ZB/ZBA/CZBA1.DJBCD?a=EB023000
2026-04-02,TWSE,電子,EB023000,32572.43,2016.26,78.98,moneydj,https://www.moneydj.com/Z/ZB/ZBA/CZBA1.DJBCD?a=EB023000
2026-04-07,TWSE,電子,EB023000,33229.82,2063.53,79.36,moneydj,https://www.moneydj.com/Z/ZB/ZBA/CZBA1.DJBCD?a=EB023000
2026-04-08,TWSE,電子,EB023000,34761.38,2175.74,77.56,moneydj,https://www.moneydj.com/Z/ZB/ZBA/CZBA1.DJBCD?a=EB023000
2026-04-09,TWSE,電子,EB023000,34861.16,2184.46,80.76,moneydj,https://www.moneydj.com/Z/ZB/ZBA/CZBA1.DJBCD?a=EB023000
2026-04-10,TWSE,電子,EB023000,35417.83,2229.83,80.49,moneydj,https://www.moneydj.com/Z/ZB/ZBA/CZBA1.DJBCD?a=EB023000
2026-04-13,TWSE,電子,EB023000,35457.29,2230.67,78.74,moneydj,https://www.moneydj.com/Z/ZB/ZBA/CZBA1.DJBCD?a=EB023000
2026-04-14,TWSE,電子,EB023000,36296.12,2289.64,78.7,moneydj,https://www.moneydj.com/Z/ZB/ZBA/CZBA1.DJBCD?a=EB023000
2026-04-15,TWSE,電子,EB023000,36722.14,2321.71,78.17,moneydj,https://www.moneydj.com/Z/ZB/ZBA/CZBA1.DJBCD?a=EB023000
2026-04-16,TWSE,電子,EB023000,37132.02,2349.49,79.85,moneydj,https://www.moneydj.com/Z/ZB/ZBA/CZBA1.DJBCD?a=EB023000
2026-04-17,TWSE,電子,EB023000,36804.34,2324.61,79.11,moneydj,https://www.moneydj.com/Z/ZB/ZBA/CZBA1.DJBCD?a=EB023000
2026-04-20,TWSE,電子,EB023000,36958.8,2338.52,77.44,moneydj,https://www.moneydj.com/Z/ZB/ZBA/CZBA1.DJBCD?a=EB023000
2026-04-21,TWSE,電子,EB023000,37605.11,2388.31,81.02,moneydj,https://www.moneydj.com/Z/ZB/ZBA/CZBA1.DJBCD?a=EB023000
2026-04-22,TWSE,電子,EB023000,37878.47,2409.35,79.41,moneydj,https://www.moneydj.com/Z/ZB/ZBA/CZBA1.DJBCD?a=EB023000
2026-04-23,TWSE,電子,EB023000,37714.15,2403.28,78.77,moneydj,https://www.moneydj.com/Z/ZB/ZBA/CZBA1.DJBCD?a=EB023000
2026-04-24,TWSE,電子,EB023000,38932.4,2501.76,81.45,moneydj,https://www.moneydj.com/Z/ZB/ZBA/CZBA1.DJBCD?a=EB023000
2026-04-27,TWSE,電子,EB023000,39616.63,2557.69,81.16,moneydj,https://www.moneydj.com/Z/ZB/ZBA/CZBA1.DJBCD?a=EB023000
2026-04-28,TWSE,電子,EB023000,39521.73,2545.38,84.15,moneydj,https://www.moneydj.com/Z/ZB/ZBA/CZBA1.DJBCD?a=EB023000
2026-04-29,TWSE,電子,EB023000,39303.5,2523.25,80.98,moneydj,https://www.moneydj.com/Z/ZB/ZBA/CZBA1.DJBCD?a=EB023000
2026-04-30,TWSE,電子,EB023000,38926.63,2497.52,81.68,moneydj,https://www.moneydj.com/Z/ZB/ZBA/CZBA1.DJBCD?a=EB023000
2026-05-04,TWSE,電子,EB023000,40705.14,2636.84,79.07,moneydj,https://www.moneydj.com/Z/ZB/ZBA/CZBA1.DJBCD?a=EB023000
2026-05-05,TWSE,電子,EB023000,40769.29,2636.97,81.39,moneydj,https://www.moneydj.com/Z/ZB/ZBA/CZBA1.DJBCD?a=EB023000
2026-05-06,TWSE,電子,EB023000,41138.85,2663.65,83.11,moneydj,https://www.moneydj.com/Z/ZB/ZBA/CZBA1.DJBCD?a=EB023000
2026-05-07,TWSE,電子,EB023000,41933.78,2722.61,82.21,moneydj,https://www.moneydj.com/Z/ZB/ZBA/CZBA1.DJBCD?a=EB023000
2026-05-08,TWSE,電子,EB023000,41603.94,2695.24,81.48,moneydj,https://www.moneydj.com/Z/ZB/ZBA/CZBA1.DJBCD?a=EB023000
2026-05-11,TWSE,電子,EB023000,41790.06,2708.29,82.7,moneydj,https://www.moneydj.com/Z/ZB/ZBA/CZBA1.DJBCD?a=EB023000
2026-05-12,TWSE,電子,EB023000,41898.32,2723.81,81.28,moneydj,https://www.moneydj.com/Z/ZB/ZBA/CZBA1.DJBCD?a=EB023000
2026-05-13,TWSE,電子,EB023000,41374.5,2682.71,80.71,moneydj,https://www.moneydj.com/Z/ZB/ZBA/CZBA1.DJBCD?a=EB023000
2026-05-14,TWSE,電子,EB023000,41751.75,2715.28,85.64,moneydj,https://www.moneydj.com/Z/ZB/ZBA/CZBA1.DJBCD?a=EB023000
2026-05-15,TWSE,電子,EB023000,41172.36,2672.06,81.35,moneydj,https://www.moneydj.com/Z/ZB/ZBA/CZBA1.DJBCD?a=EB023000
2026-05-18,TWSE,電子,EB023000,40891.82,2653.49,80.94,moneydj,https://www.moneydj.com/Z/ZB/ZBA/CZBA1.DJBCD?a=EB023000
2026-05-19,TWSE,電子,EB023000,40175.56,2595.13,82.92,moneydj,https://www.moneydj.com/Z/ZB/ZBA/CZBA1.DJBCD?a=EB023000
2026-05-20,TWSE,電子,EB023000,40020.82,2583.64,81.9,moneydj,https://www.moneydj.com/Z/ZB/ZBA/CZBA1.DJBCD?a=EB023000
2026-05-21,TWSE,電子,EB023000,41368.21,2683.66,83.09,moneydj,https://www.moneydj.com/Z/ZB/ZBA/CZBA1.DJBCD?a=EB023000
2026-05-22,TWSE,電子,EB023000,42267.97,2752.45,83.25,moneydj,https://www.moneydj.com/Z/ZB/ZBA/CZBA1.DJBCD?a=EB023000
2026-05-25,TWSE,電子,EB023000,43644.4,2858.55,80.15,moneydj,https://www.moneydj.com/Z/ZB/ZBA/CZBA1.DJBCD?a=EB023000
2026-05-26,TWSE,電子,EB023000,43525.37,2845.7,83.06,moneydj,https://www.moneydj.com/Z/ZB/ZBA/CZBA1.DJBCD?a=EB023000
2026-05-27,TWSE,電子,EB023000,44256.8,2898.24,82.05,moneydj,https://www.moneydj.com/Z/ZB/ZBA/CZBA1.DJBCD?a=EB023000
2026-05-28,TWSE,電子,EB023000,43636.44,2853.68,81.38,moneydj,https://www.moneydj.com/Z/ZB/ZBA/CZBA1.DJBCD?a=EB023000
2026-05-29,TWSE,電子,EB023000,44732.94,2928.42,82.82,moneydj,https://www.moneydj.com/Z/ZB/ZBA/CZBA1.DJBCD?a=EB023000
2026-06-01,TWSE,電子,EB023000,45337.91,2963.89,81.82,moneydj,https://www.moneydj.com/Z/ZB/ZBA/CZBA1.DJBCD?a=EB023000
2026-06-02,TWSE,電子,EB023000,45557.31,2975.0,81.15,moneydj,https://www.moneydj.com/Z/ZB/ZBA/CZBA1.DJBCD?a=EB023000
2026-06-03,TWSE,電子,EB023000,46459.16,3027.25,79.25,moneydj,https://www.moneydj.com/Z/ZB/ZBA/CZBA1.DJBCD?a=EB023000
2026-06-04,TWSE,電子,EB023000,45677.46,2962.57,73.3,moneydj,https://www.moneydj.com/Z/ZB/ZBA/CZBA1.DJBCD?a=EB023000
2026-06-05,TWSE,電子,EB023000,45070.94,2917.66,74.75,moneydj,https://www.moneydj.com/Z/ZB/ZBA/CZBA1.DJBCD?a=EB023000
2026-06-08,TWSE,電子,EB023000,43502.78,2813.53,70.85,moneydj,https://www.moneydj.com/Z/ZB/ZBA/CZBA1.DJBCD?a=EB023000
2026-06-09,TWSE,電子,EB023000,44704.44,2886.43,77.81,moneydj,https://www.moneydj.com/Z/ZB/ZBA/CZBA1.DJBCD?a=EB023000
2026-03-13,TWSE,半導體,EB032000,33400.32,1107.91,34.71,moneydj,https://www.moneydj.com/Z/ZB/ZBA/CZBA1.DJBCD?a=EB032000
2026-03-16,TWSE,半導體,EB032000,33342.51,1100.96,33.98,moneydj,https://www.moneydj.com/Z/ZB/ZBA/CZBA1.DJBCD?a=EB032000
2026-03-17,TWSE,半導體,EB032000,33836.57,1118.24,32.4,moneydj,https://www.moneydj.com/Z/ZB/ZBA/CZBA1.DJBCD?a=EB032000
2026-03-18,TWSE,半導體,EB032000,34348.58,1141.5,37.02,moneydj,https://www.moneydj.com/Z/ZB/ZBA/CZBA1.DJBCD?a=EB032000
2026-03-19,TWSE,半導體,EB032000,33689.68,1110.03,36.98,moneydj,https://www.moneydj.com/Z/ZB/ZBA/CZBA1.DJBCD?a=EB032000
2026-03-20,TWSE,半導體,EB032000,33543.88,1103.4,40.55,moneydj,https://www.moneydj.com/Z/ZB/ZBA/CZBA1.DJBCD?a=EB032000
2026-03-23,TWSE,半導體,EB032000,32722.5,1079.65,33.15,moneydj,https://www.moneydj.com/Z/ZB/ZBA/CZBA1.DJBCD?a=EB032000
2026-03-24,TWSE,半導體,EB032000,32612.24,1075.93,35.09,moneydj,https://www.moneydj.com/Z/ZB/ZBA/CZBA1.DJBCD?a=EB032000
2026-03-25,TWSE,半導體,EB032000,33439.11,1098.56,37.09,moneydj,https://www.moneydj.com/Z/ZB/ZBA/CZBA1.DJBCD?a=EB032000
2026-03-26,TWSE,半導體,EB032000,33337.62,1094.29,31.36,moneydj,https://www.moneydj.com/Z/ZB/ZBA/CZBA1.DJBCD?a=EB032000
2026-03-27,TWSE,半導體,EB032000,33112.59,1082.12,30.59,moneydj,https://www.moneydj.com/Z/ZB/ZBA/CZBA1.DJBCD?a=EB032000
2026-03-30,TWSE,半導體,EB032000,32518.16,1058.08,33.95,moneydj,https://www.moneydj.com/Z/ZB/ZBA/CZBA1.DJBCD?a=EB032000
2026-03-31,TWSE,半導體,EB032000,31722.99,1038.99,34.91,moneydj,https://www.moneydj.com/Z/ZB/ZBA/CZBA1.DJBCD?a=EB032000
2026-04-01,TWSE,半導體,EB032000,33174.82,1092.65,34.42,moneydj,https://www.moneydj.com/Z/ZB/ZBA/CZBA1.DJBCD?a=EB032000
2026-04-02,TWSE,半導體,EB032000,32572.43,1067.63,28.38,moneydj,https://www.moneydj.com/Z/ZB/ZBA/CZBA1.DJBCD?a=EB032000
2026-04-07,TWSE,半導體,EB032000,33229.82,1094.78,27.68,moneydj,https://www.moneydj.com/Z/ZB/ZBA/CZBA1.DJBCD?a=EB032000
2026-04-08,TWSE,半導體,EB032000,34761.38,1151.39,31.49,moneydj,https://www.moneydj.com/Z/ZB/ZBA/CZBA1.DJBCD?a=EB032000
2026-04-09,TWSE,半導體,EB032000,34861.16,1152.7,30.08,moneydj,https://www.moneydj.com/Z/ZB/ZBA/CZBA1.DJBCD?a=EB032000
2026-04-10,TWSE,半導體,EB032000,35417.83,1176.55,30.99,moneydj,https://www.moneydj.com/Z/ZB/ZBA/CZBA1.DJBCD?a=EB032000
2026-04-13,TWSE,半導體,EB032000,35457.29,1177.26,31.23,moneydj,https://www.moneydj.com/Z/ZB/ZBA/CZBA1.DJBCD?a=EB032000
2026-04-14,TWSE,半導體,EB032000,36296.12,1213.97,35.27,moneydj,https://www.moneydj.com/Z/ZB/ZBA/CZBA1.DJBCD?a=EB032000
2026-04-15,TWSE,半導體,EB032000,36722.14,1229.92,35.22,moneydj,https://www.moneydj.com/Z/ZB/ZBA/CZBA1.DJBCD?a=EB032000
2026-04-16,TWSE,半導體,EB032000,37132.02,1240.16,34.71,moneydj,https://www.moneydj.com/Z/ZB/ZBA/CZBA1.DJBCD?a=EB032000
2026-04-17,TWSE,半導體,EB032000,36804.34,1215.59,34.5,moneydj,https://www.moneydj.com/Z/ZB/ZBA/CZBA1.DJBCD?a=EB032000
2026-04-20,TWSE,半導體,EB032000,36958.8,1216.71,32.03,moneydj,https://www.moneydj.com/Z/ZB/ZBA/CZBA1.DJBCD?a=EB032000
2026-04-21,TWSE,半導體,EB032000,37605.11,1240.26,35.35,moneydj,https://www.moneydj.com/Z/ZB/ZBA/CZBA1.DJBCD?a=EB032000
2026-04-22,TWSE,半導體,EB032000,37878.47,1249.81,38.34,moneydj,https://www.moneydj.com/Z/ZB/ZBA/CZBA1.DJBCD?a=EB032000
2026-04-23,TWSE,半導體,EB032000,37714.15,1257.03,38.25,moneydj,https://www.moneydj.com/Z/ZB/ZBA/CZBA1.DJBCD?a=EB032000
2026-04-24,TWSE,半導體,EB032000,38932.4,1318.55,39.58,moneydj,https://www.moneydj.com/Z/ZB/ZBA/CZBA1.DJBCD?a=EB032000
2026-04-27,TWSE,半導體,EB032000,39616.63,1358.46,42.26,moneydj,https://www.moneydj.com/Z/ZB/ZBA/CZBA1.DJBCD?a=EB032000
2026-04-28,TWSE,半導體,EB032000,39521.73,1343.13,43.36,moneydj,https://www.moneydj.com/Z/ZB/ZBA/CZBA1.DJBCD?a=EB032000
2026-04-29,TWSE,半導體,EB032000,39303.5,1323.79,41.03,moneydj,https://www.moneydj.com/Z/ZB/ZBA/CZBA1.DJBCD?a=EB032000
2026-04-30,TWSE,半導體,EB032000,38926.63,1301.84,43.36,moneydj,https://www.moneydj.com/Z/ZB/ZBA/CZBA1.DJBCD?a=EB032000
2026-05-04,TWSE,半導體,EB032000,40705.14,1389.69,36.05,moneydj,https://www.moneydj.com/Z/ZB/ZBA/CZBA1.DJBCD?a=EB032000
2026-05-05,TWSE,半導體,EB032000,40769.29,1390.26,37.74,moneydj,https://www.moneydj.com/Z/ZB/ZBA/CZBA1.DJBCD?a=EB032000
2026-05-06,TWSE,半導體,EB032000,41138.85,1404.67,40.01,moneydj,https://www.moneydj.com/Z/ZB/ZBA/CZBA1.DJBCD?a=EB032000
2026-05-07,TWSE,半導體,EB032000,41933.78,1439.83,40.11,moneydj,https://www.moneydj.com/Z/ZB/ZBA/CZBA1.DJBCD?a=EB032000
2026-05-08,TWSE,半導體,EB032000,41603.94,1430.4,35.17,moneydj,https://www.moneydj.com/Z/ZB/ZBA/CZBA1.DJBCD?a=EB032000
2026-05-11,TWSE,半導體,EB032000,41790.06,1422.9,38.48,moneydj,https://www.moneydj.com/Z/ZB/ZBA/CZBA1.DJBCD?a=EB032000
2026-05-12,TWSE,半導體,EB032000,41898.32,1433.46,39.79,moneydj,https://www.moneydj.com/Z/ZB/ZBA/CZBA1.DJBCD?a=EB032000
2026-05-13,TWSE,半導體,EB032000,41374.5,1408.31,35.99,moneydj,https://www.moneydj.com/Z/ZB/ZBA/CZBA1.DJBCD?a=EB032000
2026-05-14,TWSE,半導體,EB032000,41751.75,1435.67,42.06,moneydj,https://www.moneydj.com/Z/ZB/ZBA/CZBA1.DJBCD?a=EB032000
2026-05-15,TWSE,半導體,EB032000,41172.36,1422.02,36.65,moneydj,https://www.moneydj.com/Z/ZB/ZBA/CZBA1.DJBCD?a=EB032000
2026-05-18,TWSE,半導體,EB032000,40891.82,1410.76,34.12,moneydj,https://www.moneydj.com/Z/ZB/ZBA/CZBA1.DJBCD?a=EB032000
2026-05-19,TWSE,半導體,EB032000,40175.56,1375.89,36.64,moneydj,https://www.moneydj.com/Z/ZB/ZBA/CZBA1.DJBCD?a=EB032000
2026-05-20,TWSE,半導體,EB032000,40020.82,1369.36,35.81,moneydj,https://www.moneydj.com/Z/ZB/ZBA/CZBA1.DJBCD?a=EB032000
2026-05-21,TWSE,半導體,EB032000,41368.21,1413.44,34.98,moneydj,https://www.moneydj.com/Z/ZB/ZBA/CZBA1.DJBCD?a=EB032000
2026-05-22,TWSE,半導體,EB032000,42267.97,1444.1,35.46,moneydj,https://www.moneydj.com/Z/ZB/ZBA/CZBA1.DJBCD?a=EB032000
2026-05-25,TWSE,半導體,EB032000,43644.4,1493.38,32.92,moneydj,https://www.moneydj.com/Z/ZB/ZBA/CZBA1.DJBCD?a=EB032000
2026-05-26,TWSE,半導體,EB032000,43525.37,1479.87,39.23,moneydj,https://www.moneydj.com/Z/ZB/ZBA/CZBA1.DJBCD?a=EB032000
2026-05-27,TWSE,半導體,EB032000,44256.8,1511.91,43.06,moneydj,https://www.moneydj.com/Z/ZB/ZBA/CZBA1.DJBCD?a=EB032000
2026-05-28,TWSE,半導體,EB032000,43636.44,1498.32,44.47,moneydj,https://www.moneydj.com/Z/ZB/ZBA/CZBA1.DJBCD?a=EB032000
2026-05-29,TWSE,半導體,EB032000,44732.94,1530.59,42.74,moneydj,https://www.moneydj.com/Z/ZB/ZBA/CZBA1.DJBCD?a=EB032000
2026-06-01,TWSE,半導體,EB032000,45337.91,1539.49,42.25,moneydj,https://www.moneydj.com/Z/ZB/ZBA/CZBA1.DJBCD?a=EB032000
2026-06-02,TWSE,半導體,EB032000,45557.31,1548.97,36.24,moneydj,https://www.moneydj.com/Z/ZB/ZBA/CZBA1.DJBCD?a=EB032000
2026-06-03,TWSE,半導體,EB032000,46459.16,1570.85,30.77,moneydj,https://www.moneydj.com/Z/ZB/ZBA/CZBA1.DJBCD?a=EB032000
2026-06-04,TWSE,半導體,EB032000,45677.46,1541.18,31.8,moneydj,https://www.moneydj.com/Z/ZB/ZBA/CZBA1.DJBCD?a=EB032000
2026-06-05,TWSE,半導體,EB032000,45070.94,1521.49,33.97,moneydj,https://www.moneydj.com/Z/ZB/ZBA/CZBA1.DJBCD?a=EB032000
2026-06-08,TWSE,半導體,EB032000,43502.78,1465.62,33.48,moneydj,https://www.moneydj.com/Z/ZB/ZBA/CZBA1.DJBCD?a=EB032000
2026-06-09,TWSE,半導體,EB032000,44704.44,1491.5,32.58,moneydj,https://www.moneydj.com/Z/ZB/ZBA/CZBA1.DJBCD?a=EB032000
2026-03-13,TWSE,電腦及週邊設備,EB033000,33400.32,317.85,6.62,moneydj,https://www.moneydj.com/Z/ZB/ZBA/CZBA1.DJBCD?a=EB033000
2026-03-16,TWSE,電腦及週邊設備,EB033000,33342.51,316.6,5.49,moneydj,https://www.moneydj.com/Z/ZB/ZBA/CZBA1.DJBCD?a=EB033000
2026-03-17,TWSE,電腦及週邊設備,EB033000,33836.57,319.97,6.01,moneydj,https://www.moneydj.com/Z/ZB/ZBA/CZBA1.DJBCD?a=EB033000
2026-03-18,TWSE,電腦及週邊設備,EB033000,34348.58,319.05,7.11,moneydj,https://www.moneydj.com/Z/ZB/ZBA/CZBA1.DJBCD?a=EB033000
2026-03-19,TWSE,電腦及週邊設備,EB033000,33689.68,316.88,7.69,moneydj,https://www.moneydj.com/Z/ZB/ZBA/CZBA1.DJBCD?a=EB033000
2026-03-20,TWSE,電腦及週邊設備,EB033000,33543.88,317.96,5.74,moneydj,https://www.moneydj.com/Z/ZB/ZBA/CZBA1.DJBCD?a=EB033000
2026-03-23,TWSE,電腦及週邊設備,EB033000,32722.5,309.1,5.78,moneydj,https://www.moneydj.com/Z/ZB/ZBA/CZBA1.DJBCD?a=EB033000
2026-03-24,TWSE,電腦及週邊設備,EB033000,32612.24,309.27,5.78,moneydj,https://www.moneydj.com/Z/ZB/ZBA/CZBA1.DJBCD?a=EB033000
2026-03-25,TWSE,電腦及週邊設備,EB033000,33439.11,314.72,6.12,moneydj,https://www.moneydj.com/Z/ZB/ZBA/CZBA1.DJBCD?a=EB033000
2026-03-26,TWSE,電腦及週邊設備,EB033000,33337.62,316.2,7.98,moneydj,https://www.moneydj.com/Z/ZB/ZBA/CZBA1.DJBCD?a=EB033000
2026-03-27,TWSE,電腦及週邊設備,EB033000,33112.59,313.65,6.19,moneydj,https://www.moneydj.com/Z/ZB/ZBA/CZBA1.DJBCD?a=EB033000
2026-03-30,TWSE,電腦及週邊設備,EB033000,32518.16,306.08,5.32,moneydj,https://www.moneydj.com/Z/ZB/ZBA/CZBA1.DJBCD?a=EB033000
2026-03-31,TWSE,電腦及週邊設備,EB033000,31722.99,296.87,5.6,moneydj,https://www.moneydj.com/Z/ZB/ZBA/CZBA1.DJBCD?a=EB033000
2026-04-01,TWSE,電腦及週邊設備,EB033000,33174.82,308.46,5.41,moneydj,https://www.moneydj.com/Z/ZB/ZBA/CZBA1.DJBCD?a=EB033000
2026-04-02,TWSE,電腦及週邊設備,EB033000,32572.43,303.51,4.51,moneydj,https://www.moneydj.com/Z/ZB/ZBA/CZBA1.DJBCD?a=EB033000
2026-04-07,TWSE,電腦及週邊設備,EB033000,33229.82,302.39,5.26,moneydj,https://www.moneydj.com/Z/ZB/ZBA/CZBA1.DJBCD?a=EB033000
2026-04-08,TWSE,電腦及週邊設備,EB033000,34761.38,321.14,6.51,moneydj,https://www.moneydj.com/Z/ZB/ZBA/CZBA1.DJBCD?a=EB033000
2026-04-09,TWSE,電腦及週邊設備,EB033000,34861.16,322.73,6.34,moneydj,https://www.moneydj.com/Z/ZB/ZBA/CZBA1.DJBCD?a=EB033000
2026-04-10,TWSE,電腦及週邊設備,EB033000,35417.83,328.77,6.41,moneydj,https://www.moneydj.com/Z/ZB/ZBA/CZBA1.DJBCD?a=EB033000
2026-04-13,TWSE,電腦及週邊設備,EB033000,35457.29,326.03,5.25,moneydj,https://www.moneydj.com/Z/ZB/ZBA/CZBA1.DJBCD?a=EB033000
2026-04-14,TWSE,電腦及週邊設備,EB033000,36296.12,332.39,5.42,moneydj,https://www.moneydj.com/Z/ZB/ZBA/CZBA1.DJBCD?a=EB033000
2026-04-15,TWSE,電腦及週邊設備,EB033000,36722.14,330.09,6.13,moneydj,https://www.moneydj.com/Z/ZB/ZBA/CZBA1.DJBCD?a=EB033000
2026-04-16,TWSE,電腦及週邊設備,EB033000,37132.02,336.59,6.29,moneydj,https://www.moneydj.com/Z/ZB/ZBA/CZBA1.DJBCD?a=EB033000
2026-04-17,TWSE,電腦及週邊設備,EB033000,36804.34,340.81,6.57,moneydj,https://www.moneydj.com/Z/ZB/ZBA/CZBA1.DJBCD?a=EB033000
2026-04-20,TWSE,電腦及週邊設備,EB033000,36958.8,347.45,6.78,moneydj,https://www.moneydj.com/Z/ZB/ZBA/CZBA1.DJBCD?a=EB033000
2026-04-21,TWSE,電腦及週邊設備,EB033000,37605.11,356.82,8.11,moneydj,https://www.moneydj.com/Z/ZB/ZBA/CZBA1.DJBCD?a=EB033000
2026-04-22,TWSE,電腦及週邊設備,EB033000,37878.47,362.12,8.05,moneydj,https://www.moneydj.com/Z/ZB/ZBA/CZBA1.DJBCD?a=EB033000
2026-04-23,TWSE,電腦及週邊設備,EB033000,37714.15,352.78,6.94,moneydj,https://www.moneydj.com/Z/ZB/ZBA/CZBA1.DJBCD?a=EB033000
2026-04-24,TWSE,電腦及週邊設備,EB033000,38932.4,363.82,7.78,moneydj,https://www.moneydj.com/Z/ZB/ZBA/CZBA1.DJBCD?a=EB033000
2026-04-27,TWSE,電腦及週邊設備,EB033000,39616.63,364.78,7.36,moneydj,https://www.moneydj.com/Z/ZB/ZBA/CZBA1.DJBCD?a=EB033000
2026-04-28,TWSE,電腦及週邊設備,EB033000,39521.73,361.94,5.94,moneydj,https://www.moneydj.com/Z/ZB/ZBA/CZBA1.DJBCD?a=EB033000
2026-04-29,TWSE,電腦及週邊設備,EB033000,39303.5,362.84,5.65,moneydj,https://www.moneydj.com/Z/ZB/ZBA/CZBA1.DJBCD?a=EB033000
2026-04-30,TWSE,電腦及週邊設備,EB033000,38926.63,356.76,5.38,moneydj,https://www.moneydj.com/Z/ZB/ZBA/CZBA1.DJBCD?a=EB033000
2026-05-04,TWSE,電腦及週邊設備,EB033000,40705.14,365.35,5.53,moneydj,https://www.moneydj.com/Z/ZB/ZBA/CZBA1.DJBCD?a=EB033000
2026-05-05,TWSE,電腦及週邊設備,EB033000,40769.29,363.02,5.93,moneydj,https://www.moneydj.com/Z/ZB/ZBA/CZBA1.DJBCD?a=EB033000
2026-05-06,TWSE,電腦及週邊設備,EB033000,41138.85,372.33,8.29,moneydj,https://www.moneydj.com/Z/ZB/ZBA/CZBA1.DJBCD?a=EB033000
2026-05-07,TWSE,電腦及週邊設備,EB033000,41933.78,375.49,8.79,moneydj,https://www.moneydj.com/Z/ZB/ZBA/CZBA1.DJBCD?a=EB033000
2026-05-08,TWSE,電腦及週邊設備,EB033000,41603.94,381.6,8.62,moneydj,https://www.moneydj.com/Z/ZB/ZBA/CZBA1.DJBCD?a=EB033000
2026-05-11,TWSE,電腦及週邊設備,EB033000,41790.06,391.6,8.76,moneydj,https://www.moneydj.com/Z/ZB/ZBA/CZBA1.DJBCD?a=EB033000
2026-05-12,TWSE,電腦及週邊設備,EB033000,41898.32,395.75,8.1,moneydj,https://www.moneydj.com/Z/ZB/ZBA/CZBA1.DJBCD?a=EB033000
2026-05-13,TWSE,電腦及週邊設備,EB033000,41374.5,391.2,8.2,moneydj,https://www.moneydj.com/Z/ZB/ZBA/CZBA1.DJBCD?a=EB033000
2026-05-14,TWSE,電腦及週邊設備,EB033000,41751.75,386.68,7.99,moneydj,https://www.moneydj.com/Z/ZB/ZBA/CZBA1.DJBCD?a=EB033000
2026-05-15,TWSE,電腦及週邊設備,EB033000,41172.36,370.19,7.86,moneydj,https://www.moneydj.com/Z/ZB/ZBA/CZBA1.DJBCD?a=EB033000
2026-05-18,TWSE,電腦及週邊設備,EB033000,40891.82,367.52,7.05,moneydj,https://www.moneydj.com/Z/ZB/ZBA/CZBA1.DJBCD?a=EB033000
2026-05-19,TWSE,電腦及週邊設備,EB033000,40175.56,361.2,5.87,moneydj,https://www.moneydj.com/Z/ZB/ZBA/CZBA1.DJBCD?a=EB033000
2026-05-20,TWSE,電腦及週邊設備,EB033000,40020.82,359.57,5.78,moneydj,https://www.moneydj.com/Z/ZB/ZBA/CZBA1.DJBCD?a=EB033000
2026-05-21,TWSE,電腦及週邊設備,EB033000,41368.21,377.64,7.88,moneydj,https://www.moneydj.com/Z/ZB/ZBA/CZBA1.DJBCD?a=EB033000
2026-05-22,TWSE,電腦及週邊設備,EB033000,42267.97,388.72,8.42,moneydj,https://www.moneydj.com/Z/ZB/ZBA/CZBA1.DJBCD?a=EB033000
2026-05-25,TWSE,電腦及週邊設備,EB033000,43644.4,401.0,9.3,moneydj,https://www.moneydj.com/Z/ZB/ZBA/CZBA1.DJBCD?a=EB033000
2026-05-26,TWSE,電腦及週邊設備,EB033000,43525.37,401.22,7.63,moneydj,https://www.moneydj.com/Z/ZB/ZBA/CZBA1.DJBCD?a=EB033000
2026-05-27,TWSE,電腦及週邊設備,EB033000,44256.8,397.22,5.81,moneydj,https://www.moneydj.com/Z/ZB/ZBA/CZBA1.DJBCD?a=EB033000
2026-05-28,TWSE,電腦及週邊設備,EB033000,43636.44,388.69,6.1,moneydj,https://www.moneydj.com/Z/ZB/ZBA/CZBA1.DJBCD?a=EB033000
2026-05-29,TWSE,電腦及週邊設備,EB033000,44732.94,414.75,10.61,moneydj,https://www.moneydj.com/Z/ZB/ZBA/CZBA1.DJBCD?a=EB033000
2026-06-01,TWSE,電腦及週邊設備,EB033000,45337.91,438.5,10.06,moneydj,https://www.moneydj.com/Z/ZB/ZBA/CZBA1.DJBCD?a=EB033000
2026-06-02,TWSE,電腦及週邊設備,EB033000,45557.31,451.66,15.29,moneydj,https://www.moneydj.com/Z/ZB/ZBA/CZBA1.DJBCD?a=EB033000
2026-06-03,TWSE,電腦及週邊設備,EB033000,46459.16,466.96,15.46,moneydj,https://www.moneydj.com/Z/ZB/ZBA/CZBA1.DJBCD?a=EB033000
2026-06-04,TWSE,電腦及週邊設備,EB033000,45677.46,450.01,12.45,moneydj,https://www.moneydj.com/Z/ZB/ZBA/CZBA1.DJBCD?a=EB033000
2026-06-05,TWSE,電腦及週邊設備,EB033000,45070.94,439.75,10.1,moneydj,https://www.moneydj.com/Z/ZB/ZBA/CZBA1.DJBCD?a=EB033000
2026-06-08,TWSE,電腦及週邊設備,EB033000,43502.78,419.1,8.45,moneydj,https://www.moneydj.com/Z/ZB/ZBA/CZBA1.DJBCD?a=EB033000
2026-06-09,TWSE,電腦及週邊設備,EB033000,44704.44,425.18,8.96,moneydj,https://www.moneydj.com/Z/ZB/ZBA/CZBA1.DJBCD?a=EB033000
2026-03-13,TWSE,光電,EB034000,33400.32,44.78,10.01,moneydj,https://www.moneydj.com/Z/ZB/ZBA/CZBA1.DJBCD?a=EB034000
2026-03-16,TWSE,光電,EB034000,33342.51,44.12,7.63,moneydj,https://www.moneydj.com/Z/ZB/ZBA/CZBA1.DJBCD?a=EB034000
2026-03-17,TWSE,光電,EB034000,33836.57,45.17,7.08,moneydj,https://www.moneydj.com/Z/ZB/ZBA/CZBA1.DJBCD?a=EB034000
2026-03-18,TWSE,光電,EB034000,34348.58,45.54,5.08,moneydj,https://www.moneydj.com/Z/ZB/ZBA/CZBA1.DJBCD?a=EB034000
2026-03-19,TWSE,光電,EB034000,33689.68,44.8,4.22,moneydj,https://www.moneydj.com/Z/ZB/ZBA/CZBA1.DJBCD?a=EB034000
2026-03-20,TWSE,光電,EB034000,33543.88,44.46,4.53,moneydj,https://www.moneydj.com/Z/ZB/ZBA/CZBA1.DJBCD?a=EB034000
2026-03-23,TWSE,光電,EB034000,32722.5,42.46,3.75,moneydj,https://www.moneydj.com/Z/ZB/ZBA/CZBA1.DJBCD?a=EB034000
2026-03-24,TWSE,光電,EB034000,32612.24,42.09,4.4,moneydj,https://www.moneydj.com/Z/ZB/ZBA/CZBA1.DJBCD?a=EB034000
2026-03-25,TWSE,光電,EB034000,33439.11,43.18,4.78,moneydj,https://www.moneydj.com/Z/ZB/ZBA/CZBA1.DJBCD?a=EB034000
2026-03-26,TWSE,光電,EB034000,33337.62,42.9,4.33,moneydj,https://www.moneydj.com/Z/ZB/ZBA/CZBA1.DJBCD?a=EB034000
2026-03-27,TWSE,光電,EB034000,33112.59,42.69,3.64,moneydj,https://www.moneydj.com/Z/ZB/ZBA/CZBA1.DJBCD?a=EB034000
2026-03-30,TWSE,光電,EB034000,32518.16,41.97,3.13,moneydj,https://www.moneydj.com/Z/ZB/ZBA/CZBA1.DJBCD?a=EB034000
2026-03-31,TWSE,光電,EB034000,31722.99,40.8,3.26,moneydj,https://www.moneydj.com/Z/ZB/ZBA/CZBA1.DJBCD?a=EB034000
2026-04-01,TWSE,光電,EB034000,33174.82,42.33,4.08,moneydj,https://www.moneydj.com/Z/ZB/ZBA/CZBA1.DJBCD?a=EB034000
2026-04-02,TWSE,光電,EB034000,32572.43,42.16,5.2,moneydj,https://www.moneydj.com/Z/ZB/ZBA/CZBA1.DJBCD?a=EB034000
2026-04-07,TWSE,光電,EB034000,33229.82,41.92,5.35,moneydj,https://www.moneydj.com/Z/ZB/ZBA/CZBA1.DJBCD?a=EB034000
2026-04-08,TWSE,光電,EB034000,34761.38,44.17,4.24,moneydj,https://www.moneydj.com/Z/ZB/ZBA/CZBA1.DJBCD?a=EB034000
2026-04-09,TWSE,光電,EB034000,34861.16,45.15,6.39,moneydj,https://www.moneydj.com/Z/ZB/ZBA/CZBA1.DJBCD?a=EB034000
2026-04-10,TWSE,光電,EB034000,35417.83,45.12,7.92,moneydj,https://www.moneydj.com/Z/ZB/ZBA/CZBA1.DJBCD?a=EB034000
2026-04-13,TWSE,光電,EB034000,35457.29,46.31,5.85,moneydj,https://www.moneydj.com/Z/ZB/ZBA/CZBA1.DJBCD?a=EB034000
2026-04-14,TWSE,光電,EB034000,36296.12,48.55,6.68,moneydj,https://www.moneydj.com/Z/ZB/ZBA/CZBA1.DJBCD?a=EB034000
2026-04-15,TWSE,光電,EB034000,36722.14,49.78,6.72,moneydj,https://www.moneydj.com/Z/ZB/ZBA/CZBA1.DJBCD?a=EB034000
2026-04-16,TWSE,光電,EB034000,37132.02,50.59,8.39,moneydj,https://www.moneydj.com/Z/ZB/ZBA/CZBA1.DJBCD?a=EB034000
2026-04-17,TWSE,光電,EB034000,36804.34,49.58,6.97,moneydj,https://www.moneydj.com/Z/ZB/ZBA/CZBA1.DJBCD?a=EB034000
2026-04-20,TWSE,光電,EB034000,36958.8,50.39,4.9,moneydj,https://www.moneydj.com/Z/ZB/ZBA/CZBA1.DJBCD?a=EB034000
2026-04-21,TWSE,光電,EB034000,37605.11,49.88,3.7,moneydj,https://www.moneydj.com/Z/ZB/ZBA/CZBA1.DJBCD?a=EB034000
2026-04-22,TWSE,光電,EB034000,37878.47,49.63,3.33,moneydj,https://www.moneydj.com/Z/ZB/ZBA/CZBA1.DJBCD?a=EB034000
2026-04-23,TWSE,光電,EB034000,37714.15,47.62,3.24,moneydj,https://www.moneydj.com/Z/ZB/ZBA/CZBA1.DJBCD?a=EB034000
2026-04-24,TWSE,光電,EB034000,38932.4,47.17,3.18,moneydj,https://www.moneydj.com/Z/ZB/ZBA/CZBA1.DJBCD?a=EB034000
2026-04-27,TWSE,光電,EB034000,39616.63,47.39,2.89,moneydj,https://www.moneydj.com/Z/ZB/ZBA/CZBA1.DJBCD?a=EB034000
2026-04-28,TWSE,光電,EB034000,39521.73,47.79,2.28,moneydj,https://www.moneydj.com/Z/ZB/ZBA/CZBA1.DJBCD?a=EB034000
2026-04-29,TWSE,光電,EB034000,39303.5,48.56,4.25,moneydj,https://www.moneydj.com/Z/ZB/ZBA/CZBA1.DJBCD?a=EB034000
2026-04-30,TWSE,光電,EB034000,38926.63,48.27,4.23,moneydj,https://www.moneydj.com/Z/ZB/ZBA/CZBA1.DJBCD?a=EB034000
2026-05-04,TWSE,光電,EB034000,40705.14,49.54,3.56,moneydj,https://www.moneydj.com/Z/ZB/ZBA/CZBA1.DJBCD?a=EB034000
2026-05-05,TWSE,光電,EB034000,40769.29,50.63,5.68,moneydj,https://www.moneydj.com/Z/ZB/ZBA/CZBA1.DJBCD?a=EB034000
2026-05-06,TWSE,光電,EB034000,41138.85,50.08,5.01,moneydj,https://www.moneydj.com/Z/ZB/ZBA/CZBA1.DJBCD?a=EB034000
2026-05-07,TWSE,光電,EB034000,41933.78,51.07,5.28,moneydj,https://www.moneydj.com/Z/ZB/ZBA/CZBA1.DJBCD?a=EB034000
2026-05-08,TWSE,光電,EB034000,41603.94,50.54,4.84,moneydj,https://www.moneydj.com/Z/ZB/ZBA/CZBA1.DJBCD?a=EB034000
2026-05-11,TWSE,光電,EB034000,41790.06,51.67,4.05,moneydj,https://www.moneydj.com/Z/ZB/ZBA/CZBA1.DJBCD?a=EB034000
2026-05-12,TWSE,光電,EB034000,41898.32,54.17,5.49,moneydj,https://www.moneydj.com/Z/ZB/ZBA/CZBA1.DJBCD?a=EB034000
2026-05-13,TWSE,光電,EB034000,41374.5,54.34,8.36,moneydj,https://www.moneydj.com/Z/ZB/ZBA/CZBA1.DJBCD?a=EB034000
2026-05-14,TWSE,光電,EB034000,41751.75,54.91,6.86,moneydj,https://www.moneydj.com/Z/ZB/ZBA/CZBA1.DJBCD?a=EB034000
2026-05-15,TWSE,光電,EB034000,41172.36,56.02,6.61,moneydj,https://www.moneydj.com/Z/ZB/ZBA/CZBA1.DJBCD?a=EB034000
2026-05-18,TWSE,光電,EB034000,40891.82,56.23,7.95,moneydj,https://www.moneydj.com/Z/ZB/ZBA/CZBA1.DJBCD?a=EB034000
2026-05-19,TWSE,光電,EB034000,40175.56,56.42,7.65,moneydj,https://www.moneydj.com/Z/ZB/ZBA/CZBA1.DJBCD?a=EB034000
2026-05-20,TWSE,光電,EB034000,40020.82,55.28,5.75,moneydj,https://www.moneydj.com/Z/ZB/ZBA/CZBA1.DJBCD?a=EB034000
2026-05-21,TWSE,光電,EB034000,41368.21,59.05,7.42,moneydj,https://www.moneydj.com/Z/ZB/ZBA/CZBA1.DJBCD?a=EB034000
2026-05-22,TWSE,光電,EB034000,42267.97,61.96,6.46,moneydj,https://www.moneydj.com/Z/ZB/ZBA/CZBA1.DJBCD?a=EB034000
2026-05-25,TWSE,光電,EB034000,43644.4,65.52,4.57,moneydj,https://www.moneydj.com/Z/ZB/ZBA/CZBA1.DJBCD?a=EB034000
2026-05-26,TWSE,光電,EB034000,43525.37,63.23,9.55,moneydj,https://www.moneydj.com/Z/ZB/ZBA/CZBA1.DJBCD?a=EB034000
2026-05-27,TWSE,光電,EB034000,44256.8,62.99,8.12,moneydj,https://www.moneydj.com/Z/ZB/ZBA/CZBA1.DJBCD?a=EB034000
2026-05-28,TWSE,光電,EB034000,43636.44,60.85,7.51,moneydj,https://www.moneydj.com/Z/ZB/ZBA/CZBA1.DJBCD?a=EB034000
2026-05-29,TWSE,光電,EB034000,44732.94,63.54,5.11,moneydj,https://www.moneydj.com/Z/ZB/ZBA/CZBA1.DJBCD?a=EB034000
2026-06-01,TWSE,光電,EB034000,45337.91,66.9,5.26,moneydj,https://www.moneydj.com/Z/ZB/ZBA/CZBA1.DJBCD?a=EB034000
2026-06-02,TWSE,光電,EB034000,45557.31,67.41,7.77,moneydj,https://www.moneydj.com/Z/ZB/ZBA/CZBA1.DJBCD?a=EB034000
2026-06-03,TWSE,光電,EB034000,46459.16,70.23,9.35,moneydj,https://www.moneydj.com/Z/ZB/ZBA/CZBA1.DJBCD?a=EB034000
2026-06-04,TWSE,光電,EB034000,45677.46,68.31,6.57,moneydj,https://www.moneydj.com/Z/ZB/ZBA/CZBA1.DJBCD?a=EB034000
2026-06-05,TWSE,光電,EB034000,45070.94,66.19,5.51,moneydj,https://www.moneydj.com/Z/ZB/ZBA/CZBA1.DJBCD?a=EB034000
2026-06-08,TWSE,光電,EB034000,43502.78,61.64,3.09,moneydj,https://www.moneydj.com/Z/ZB/ZBA/CZBA1.DJBCD?a=EB034000
2026-06-09,TWSE,光電,EB034000,44704.44,64.0,4.52,moneydj,https://www.moneydj.com/Z/ZB/ZBA/CZBA1.DJBCD?a=EB034000
2026-03-13,TWSE,通信網路,EB035000,33400.32,202.17,5.0,moneydj,https://www.moneydj.com/Z/ZB/ZBA/CZBA1.DJBCD?a=EB035000
2026-03-16,TWSE,通信網路,EB035000,33342.51,202.66,4.61,moneydj,https://www.moneydj.com/Z/ZB/ZBA/CZBA1.DJBCD?a=EB035000
2026-03-17,TWSE,通信網路,EB035000,33836.57,205.71,3.76,moneydj,https://www.moneydj.com/Z/ZB/ZBA/CZBA1.DJBCD?a=EB035000
2026-03-18,TWSE,通信網路,EB035000,34348.58,212.46,5.02,moneydj,https://www.moneydj.com/Z/ZB/ZBA/CZBA1.DJBCD?a=EB035000
2026-03-19,TWSE,通信網路,EB035000,33689.68,210.89,4.84,moneydj,https://www.moneydj.com/Z/ZB/ZBA/CZBA1.DJBCD?a=EB035000
2026-03-20,TWSE,通信網路,EB035000,33543.88,211.49,4.03,moneydj,https://www.moneydj.com/Z/ZB/ZBA/CZBA1.DJBCD?a=EB035000
2026-03-23,TWSE,通信網路,EB035000,32722.5,207.69,4.13,moneydj,https://www.moneydj.com/Z/ZB/ZBA/CZBA1.DJBCD?a=EB035000
2026-03-24,TWSE,通信網路,EB035000,32612.24,207.26,5.18,moneydj,https://www.moneydj.com/Z/ZB/ZBA/CZBA1.DJBCD?a=EB035000
2026-03-25,TWSE,通信網路,EB035000,33439.11,215.4,4.54,moneydj,https://www.moneydj.com/Z/ZB/ZBA/CZBA1.DJBCD?a=EB035000
2026-03-26,TWSE,通信網路,EB035000,33337.62,213.79,7.85,moneydj,https://www.moneydj.com/Z/ZB/ZBA/CZBA1.DJBCD?a=EB035000
2026-03-27,TWSE,通信網路,EB035000,33112.59,214.16,6.59,moneydj,https://www.moneydj.com/Z/ZB/ZBA/CZBA1.DJBCD?a=EB035000
2026-03-30,TWSE,通信網路,EB035000,32518.16,212.17,4.95,moneydj,https://www.moneydj.com/Z/ZB/ZBA/CZBA1.DJBCD?a=EB035000
2026-03-31,TWSE,通信網路,EB035000,31722.99,205.18,4.25,moneydj,https://www.moneydj.com/Z/ZB/ZBA/CZBA1.DJBCD?a=EB035000
2026-04-01,TWSE,通信網路,EB035000,33174.82,213.48,5.46,moneydj,https://www.moneydj.com/Z/ZB/ZBA/CZBA1.DJBCD?a=EB035000
2026-04-02,TWSE,通信網路,EB035000,32572.43,210.22,6.2,moneydj,https://www.moneydj.com/Z/ZB/ZBA/CZBA1.DJBCD?a=EB035000
2026-04-07,TWSE,通信網路,EB035000,33229.82,212.65,6.36,moneydj,https://www.moneydj.com/Z/ZB/ZBA/CZBA1.DJBCD?a=EB035000
2026-04-08,TWSE,通信網路,EB035000,34761.38,217.86,6.39,moneydj,https://www.moneydj.com/Z/ZB/ZBA/CZBA1.DJBCD?a=EB035000
2026-04-09,TWSE,通信網路,EB035000,34861.16,218.26,5.72,moneydj,https://www.moneydj.com/Z/ZB/ZBA/CZBA1.DJBCD?a=EB035000
2026-04-10,TWSE,通信網路,EB035000,35417.83,224.75,5.97,moneydj,https://www.moneydj.com/Z/ZB/ZBA/CZBA1.DJBCD?a=EB035000
2026-04-13,TWSE,通信網路,EB035000,35457.29,224.18,5.2,moneydj,https://www.moneydj.com/Z/ZB/ZBA/CZBA1.DJBCD?a=EB035000
2026-04-14,TWSE,通信網路,EB035000,36296.12,224.98,5.1,moneydj,https://www.moneydj.com/Z/ZB/ZBA/CZBA1.DJBCD?a=EB035000
2026-04-15,TWSE,通信網路,EB035000,36722.14,229.21,5.36,moneydj,https://www.moneydj.com/Z/ZB/ZBA/CZBA1.DJBCD?a=EB035000
2026-04-16,TWSE,通信網路,EB035000,37132.02,233.32,4.38,moneydj,https://www.moneydj.com/Z/ZB/ZBA/CZBA1.DJBCD?a=EB035000
2026-04-17,TWSE,通信網路,EB035000,36804.34,236.71,4.77,moneydj,https://www.moneydj.com/Z/ZB/ZBA/CZBA1.DJBCD?a=EB035000
2026-04-20,TWSE,通信網路,EB035000,36958.8,235.33,5.14,moneydj,https://www.moneydj.com/Z/ZB/ZBA/CZBA1.DJBCD?a=EB035000
2026-04-21,TWSE,通信網路,EB035000,37605.11,241.59,5.6,moneydj,https://www.moneydj.com/Z/ZB/ZBA/CZBA1.DJBCD?a=EB035000
2026-04-22,TWSE,通信網路,EB035000,37878.47,241.0,3.49,moneydj,https://www.moneydj.com/Z/ZB/ZBA/CZBA1.DJBCD?a=EB035000
2026-04-23,TWSE,通信網路,EB035000,37714.15,233.06,3.26,moneydj,https://www.moneydj.com/Z/ZB/ZBA/CZBA1.DJBCD?a=EB035000
2026-04-24,TWSE,通信網路,EB035000,38932.4,233.78,3.44,moneydj,https://www.moneydj.com/Z/ZB/ZBA/CZBA1.DJBCD?a=EB035000
2026-04-27,TWSE,通信網路,EB035000,39616.63,234.5,3.17,moneydj,https://www.moneydj.com/Z/ZB/ZBA/CZBA1.DJBCD?a=EB035000
2026-04-28,TWSE,通信網路,EB035000,39521.73,239.17,3.54,moneydj,https://www.moneydj.com/Z/ZB/ZBA/CZBA1.DJBCD?a=EB035000
2026-04-29,TWSE,通信網路,EB035000,39303.5,236.62,2.86,moneydj,https://www.moneydj.com/Z/ZB/ZBA/CZBA1.DJBCD?a=EB035000
2026-04-30,TWSE,通信網路,EB035000,38926.63,239.36,3.19,moneydj,https://www.moneydj.com/Z/ZB/ZBA/CZBA1.DJBCD?a=EB035000
2026-05-04,TWSE,通信網路,EB035000,40705.14,247.65,3.78,moneydj,https://www.moneydj.com/Z/ZB/ZBA/CZBA1.DJBCD?a=EB035000
2026-05-05,TWSE,通信網路,EB035000,40769.29,248.76,3.74,moneydj,https://www.moneydj.com/Z/ZB/ZBA/CZBA1.DJBCD?a=EB035000
2026-05-06,TWSE,通信網路,EB035000,41138.85,247.28,2.59,moneydj,https://www.moneydj.com/Z/ZB/ZBA/CZBA1.DJBCD?a=EB035000
2026-05-07,TWSE,通信網路,EB035000,41933.78,250.86,3.17,moneydj,https://www.moneydj.com/Z/ZB/ZBA/CZBA1.DJBCD?a=EB035000
2026-05-08,TWSE,通信網路,EB035000,41603.94,244.07,4.7,moneydj,https://www.moneydj.com/Z/ZB/ZBA/CZBA1.DJBCD?a=EB035000
2026-05-11,TWSE,通信網路,EB035000,41790.06,252.24,4.48,moneydj,https://www.moneydj.com/Z/ZB/ZBA/CZBA1.DJBCD?a=EB035000
2026-05-12,TWSE,通信網路,EB035000,41898.32,250.66,3.74,moneydj,https://www.moneydj.com/Z/ZB/ZBA/CZBA1.DJBCD?a=EB035000
2026-05-13,TWSE,通信網路,EB035000,41374.5,247.77,3.28,moneydj,https://www.moneydj.com/Z/ZB/ZBA/CZBA1.DJBCD?a=EB035000
2026-05-14,TWSE,通信網路,EB035000,41751.75,257.37,4.22,moneydj,https://www.moneydj.com/Z/ZB/ZBA/CZBA1.DJBCD?a=EB035000
2026-05-15,TWSE,通信網路,EB035000,41172.36,250.69,3.35,moneydj,https://www.moneydj.com/Z/ZB/ZBA/CZBA1.DJBCD?a=EB035000
2026-05-18,TWSE,通信網路,EB035000,40891.82,251.08,3.68,moneydj,https://www.moneydj.com/Z/ZB/ZBA/CZBA1.DJBCD?a=EB035000
2026-05-19,TWSE,通信網路,EB035000,40175.56,250.57,4.9,moneydj,https://www.moneydj.com/Z/ZB/ZBA/CZBA1.DJBCD?a=EB035000
2026-05-20,TWSE,通信網路,EB035000,40020.82,247.08,5.05,moneydj,https://www.moneydj.com/Z/ZB/ZBA/CZBA1.DJBCD?a=EB035000
2026-05-21,TWSE,通信網路,EB035000,41368.21,250.52,4.51,moneydj,https://www.moneydj.com/Z/ZB/ZBA/CZBA1.DJBCD?a=EB035000
2026-05-22,TWSE,通信網路,EB035000,42267.97,251.57,3.49,moneydj,https://www.moneydj.com/Z/ZB/ZBA/CZBA1.DJBCD?a=EB035000
2026-05-25,TWSE,通信網路,EB035000,43644.4,255.07,4.18,moneydj,https://www.moneydj.com/Z/ZB/ZBA/CZBA1.DJBCD?a=EB035000
2026-05-26,TWSE,通信網路,EB035000,43525.37,258.28,3.5,moneydj,https://www.moneydj.com/Z/ZB/ZBA/CZBA1.DJBCD?a=EB035000
2026-05-27,TWSE,通信網路,EB035000,44256.8,257.22,3.01,moneydj,https://www.moneydj.com/Z/ZB/ZBA/CZBA1.DJBCD?a=EB035000
2026-05-28,TWSE,通信網路,EB035000,43636.44,249.29,2.93,moneydj,https://www.moneydj.com/Z/ZB/ZBA/CZBA1.DJBCD?a=EB035000
2026-05-29,TWSE,通信網路,EB035000,44732.94,250.87,2.55,moneydj,https://www.moneydj.com/Z/ZB/ZBA/CZBA1.DJBCD?a=EB035000
2026-06-01,TWSE,通信網路,EB035000,45337.91,257.01,2.19,moneydj,https://www.moneydj.com/Z/ZB/ZBA/CZBA1.DJBCD?a=EB035000
2026-06-02,TWSE,通信網路,EB035000,45557.31,255.47,2.12,moneydj,https://www.moneydj.com/Z/ZB/ZBA/CZBA1.DJBCD?a=EB035000
2026-06-03,TWSE,通信網路,EB035000,46459.16,262.18,2.37,moneydj,https://www.moneydj.com/Z/ZB/ZBA/CZBA1.DJBCD?a=EB035000
2026-06-04,TWSE,通信網路,EB035000,45677.46,259.32,2.45,moneydj,https://www.moneydj.com/Z/ZB/ZBA/CZBA1.DJBCD?a=EB035000
2026-06-05,TWSE,通信網路,EB035000,45070.94,257.33,2.31,moneydj,https://www.moneydj.com/Z/ZB/ZBA/CZBA1.DJBCD?a=EB035000
2026-06-08,TWSE,通信網路,EB035000,43502.78,250.42,1.9,moneydj,https://www.moneydj.com/Z/ZB/ZBA/CZBA1.DJBCD?a=EB035000
2026-06-09,TWSE,通信網路,EB035000,44704.44,257.64,2.04,moneydj,https://www.moneydj.com/Z/ZB/ZBA/CZBA1.DJBCD?a=EB035000
2026-03-13,TWSE,電子零組件,EB036000,33400.32,565.0,17.38,moneydj,https://www.moneydj.com/Z/ZB/ZBA/CZBA1.DJBCD?a=EB036000
2026-03-16,TWSE,電子零組件,EB036000,33342.51,565.69,18.91,moneydj,https://www.moneydj.com/Z/ZB/ZBA/CZBA1.DJBCD?a=EB036000
2026-03-17,TWSE,電子零組件,EB036000,33836.57,589.03,25.12,moneydj,https://www.moneydj.com/Z/ZB/ZBA/CZBA1.DJBCD?a=EB036000
2026-03-18,TWSE,電子零組件,EB036000,34348.58,601.04,21.88,moneydj,https://www.moneydj.com/Z/ZB/ZBA/CZBA1.DJBCD?a=EB036000
2026-03-19,TWSE,電子零組件,EB036000,33689.68,605.13,19.14,moneydj,https://www.moneydj.com/Z/ZB/ZBA/CZBA1.DJBCD?a=EB036000
2026-03-20,TWSE,電子零組件,EB036000,33543.88,601.33,17.94,moneydj,https://www.moneydj.com/Z/ZB/ZBA/CZBA1.DJBCD?a=EB036000
2026-03-23,TWSE,電子零組件,EB036000,32722.5,577.78,18.13,moneydj,https://www.moneydj.com/Z/ZB/ZBA/CZBA1.DJBCD?a=EB036000
2026-03-24,TWSE,電子零組件,EB036000,32612.24,568.1,20.98,moneydj,https://www.moneydj.com/Z/ZB/ZBA/CZBA1.DJBCD?a=EB036000
2026-03-25,TWSE,電子零組件,EB036000,33439.11,606.85,20.16,moneydj,https://www.moneydj.com/Z/ZB/ZBA/CZBA1.DJBCD?a=EB036000
2026-03-26,TWSE,電子零組件,EB036000,33337.62,606.36,25.87,moneydj,https://www.moneydj.com/Z/ZB/ZBA/CZBA1.DJBCD?a=EB036000
2026-03-27,TWSE,電子零組件,EB036000,33112.59,609.58,28.13,moneydj,https://www.moneydj.com/Z/ZB/ZBA/CZBA1.DJBCD?a=EB036000
2026-03-30,TWSE,電子零組件,EB036000,32518.16,596.25,22.56,moneydj,https://www.moneydj.com/Z/ZB/ZBA/CZBA1.DJBCD?a=EB036000
2026-03-31,TWSE,電子零組件,EB036000,31722.99,558.46,21.5,moneydj,https://www.moneydj.com/Z/ZB/ZBA/CZBA1.DJBCD?a=EB036000
2026-04-01,TWSE,電子零組件,EB036000,33174.82,595.65,21.94,moneydj,https://www.moneydj.com/Z/ZB/ZBA/CZBA1.DJBCD?a=EB036000
2026-04-02,TWSE,電子零組件,EB036000,32572.43,582.51,28.0,moneydj,https://www.moneydj.com/Z/ZB/ZBA/CZBA1.DJBCD?a=EB036000
2026-04-07,TWSE,電子零組件,EB036000,33229.82,607.62,28.35,moneydj,https://www.moneydj.com/Z/ZB/ZBA/CZBA1.DJBCD?a=EB036000
2026-04-08,TWSE,電子零組件,EB036000,34761.38,655.08,23.04,moneydj,https://www.moneydj.com/Z/ZB/ZBA/CZBA1.DJBCD?a=EB036000
2026-04-09,TWSE,電子零組件,EB036000,34861.16,664.51,25.34,moneydj,https://www.moneydj.com/Z/ZB/ZBA/CZBA1.DJBCD?a=EB036000
2026-04-10,TWSE,電子零組件,EB036000,35417.83,684.52,22.74,moneydj,https://www.moneydj.com/Z/ZB/ZBA/CZBA1.DJBCD?a=EB036000
2026-04-13,TWSE,電子零組件,EB036000,35457.29,681.84,24.15,moneydj,https://www.moneydj.com/Z/ZB/ZBA/CZBA1.DJBCD?a=EB036000
2026-04-14,TWSE,電子零組件,EB036000,36296.12,690.09,19.89,moneydj,https://www.moneydj.com/Z/ZB/ZBA/CZBA1.DJBCD?a=EB036000
2026-04-15,TWSE,電子零組件,EB036000,36722.14,707.08,19.55,moneydj,https://www.moneydj.com/Z/ZB/ZBA/CZBA1.DJBCD?a=EB036000
2026-04-16,TWSE,電子零組件,EB036000,37132.02,726.79,19.85,moneydj,https://www.moneydj.com/Z/ZB/ZBA/CZBA1.DJBCD?a=EB036000
2026-04-17,TWSE,電子零組件,EB036000,36804.34,730.47,19.27,moneydj,https://www.moneydj.com/Z/ZB/ZBA/CZBA1.DJBCD?a=EB036000
2026-04-20,TWSE,電子零組件,EB036000,36958.8,755.31,21.19,moneydj,https://www.moneydj.com/Z/ZB/ZBA/CZBA1.DJBCD?a=EB036000
2026-04-21,TWSE,電子零組件,EB036000,37605.11,784.01,21.58,moneydj,https://www.moneydj.com/Z/ZB/ZBA/CZBA1.DJBCD?a=EB036000
2026-04-22,TWSE,電子零組件,EB036000,37878.47,789.31,17.88,moneydj,https://www.moneydj.com/Z/ZB/ZBA/CZBA1.DJBCD?a=EB036000
2026-04-23,TWSE,電子零組件,EB036000,37714.15,773.56,18.86,moneydj,https://www.moneydj.com/Z/ZB/ZBA/CZBA1.DJBCD?a=EB036000
2026-04-24,TWSE,電子零組件,EB036000,38932.4,810.58,21.34,moneydj,https://www.moneydj.com/Z/ZB/ZBA/CZBA1.DJBCD?a=EB036000
2026-04-27,TWSE,電子零組件,EB036000,39616.63,815.91,19.64,moneydj,https://www.moneydj.com/Z/ZB/ZBA/CZBA1.DJBCD?a=EB036000
2026-04-28,TWSE,電子零組件,EB036000,39521.73,828.0,22.24,moneydj,https://www.moneydj.com/Z/ZB/ZBA/CZBA1.DJBCD?a=EB036000
2026-04-29,TWSE,電子零組件,EB036000,39303.5,834.61,21.11,moneydj,https://www.moneydj.com/Z/ZB/ZBA/CZBA1.DJBCD?a=EB036000
2026-04-30,TWSE,電子零組件,EB036000,38926.63,848.61,20.07,moneydj,https://www.moneydj.com/Z/ZB/ZBA/CZBA1.DJBCD?a=EB036000
2026-05-04,TWSE,電子零組件,EB036000,40705.14,873.23,23.85,moneydj,https://www.moneydj.com/Z/ZB/ZBA/CZBA1.DJBCD?a=EB036000
2026-05-05,TWSE,電子零組件,EB036000,40769.29,863.09,20.79,moneydj,https://www.moneydj.com/Z/ZB/ZBA/CZBA1.DJBCD?a=EB036000
2026-05-06,TWSE,電子零組件,EB036000,41138.85,861.25,18.33,moneydj,https://www.moneydj.com/Z/ZB/ZBA/CZBA1.DJBCD?a=EB036000
2026-05-07,TWSE,電子零組件,EB036000,41933.78,882.9,18.04,moneydj,https://www.moneydj.com/Z/ZB/ZBA/CZBA1.DJBCD?a=EB036000
2026-05-08,TWSE,電子零組件,EB036000,41603.94,851.59,21.77,moneydj,https://www.moneydj.com/Z/ZB/ZBA/CZBA1.DJBCD?a=EB036000
2026-05-11,TWSE,電子零組件,EB036000,41790.06,876.73,20.26,moneydj,https://www.moneydj.com/Z/ZB/ZBA/CZBA1.DJBCD?a=EB036000
2026-05-12,TWSE,電子零組件,EB036000,41898.32,873.82,17.76,moneydj,https://www.moneydj.com/Z/ZB/ZBA/CZBA1.DJBCD?a=EB036000
2026-05-13,TWSE,電子零組件,EB036000,41374.5,864.54,18.38,moneydj,https://www.moneydj.com/Z/ZB/ZBA/CZBA1.DJBCD?a=EB036000
2026-05-14,TWSE,電子零組件,EB036000,41751.75,864.41,17.81,moneydj,https://www.moneydj.com/Z/ZB/ZBA/CZBA1.DJBCD?a=EB036000
2026-05-15,TWSE,電子零組件,EB036000,41172.36,826.21,18.56,moneydj,https://www.moneydj.com/Z/ZB/ZBA/CZBA1.DJBCD?a=EB036000
2026-05-18,TWSE,電子零組件,EB036000,40891.82,821.22,20.55,moneydj,https://www.moneydj.com/Z/ZB/ZBA/CZBA1.DJBCD?a=EB036000
2026-05-19,TWSE,電子零組件,EB036000,40175.56,804.09,20.67,moneydj,https://www.moneydj.com/Z/ZB/ZBA/CZBA1.DJBCD?a=EB036000
2026-05-20,TWSE,電子零組件,EB036000,40020.82,806.74,22.44,moneydj,https://www.moneydj.com/Z/ZB/ZBA/CZBA1.DJBCD?a=EB036000
2026-05-21,TWSE,電子零組件,EB036000,41368.21,860.17,21.41,moneydj,https://www.moneydj.com/Z/ZB/ZBA/CZBA1.DJBCD?a=EB036000
2026-05-22,TWSE,電子零組件,EB036000,42267.97,905.46,23.03,moneydj,https://www.moneydj.com/Z/ZB/ZBA/CZBA1.DJBCD?a=EB036000
2026-05-25,TWSE,電子零組件,EB036000,43644.4,961.85,22.07,moneydj,https://www.moneydj.com/Z/ZB/ZBA/CZBA1.DJBCD?a=EB036000
2026-05-26,TWSE,電子零組件,EB036000,43525.37,975.1,17.86,moneydj,https://www.moneydj.com/Z/ZB/ZBA/CZBA1.DJBCD?a=EB036000
2026-05-27,TWSE,電子零組件,EB036000,44256.8,1001.75,16.56,moneydj,https://www.moneydj.com/Z/ZB/ZBA/CZBA1.DJBCD?a=EB036000
2026-05-28,TWSE,電子零組件,EB036000,43636.44,963.8,14.95,moneydj,https://www.moneydj.com/Z/ZB/ZBA/CZBA1.DJBCD?a=EB036000
2026-05-29,TWSE,電子零組件,EB036000,44732.94,987.16,13.97,moneydj,https://www.moneydj.com/Z/ZB/ZBA/CZBA1.DJBCD?a=EB036000
2026-06-01,TWSE,電子零組件,EB036000,45337.91,999.67,14.54,moneydj,https://www.moneydj.com/Z/ZB/ZBA/CZBA1.DJBCD?a=EB036000
2026-06-02,TWSE,電子零組件,EB036000,45557.31,979.3,13.43,moneydj,https://www.moneydj.com/Z/ZB/ZBA/CZBA1.DJBCD?a=EB036000
2026-06-03,TWSE,電子零組件,EB036000,46459.16,996.73,13.1,moneydj,https://www.moneydj.com/Z/ZB/ZBA/CZBA1.DJBCD?a=EB036000
2026-06-04,TWSE,電子零組件,EB036000,45677.46,972.04,12.13,moneydj,https://www.moneydj.com/Z/ZB/ZBA/CZBA1.DJBCD?a=EB036000
2026-06-05,TWSE,電子零組件,EB036000,45070.94,952.2,15.57,moneydj,https://www.moneydj.com/Z/ZB/ZBA/CZBA1.DJBCD?a=EB036000
2026-06-08,TWSE,電子零組件,EB036000,43502.78,938.73,16.26,moneydj,https://www.moneydj.com/Z/ZB/ZBA/CZBA1.DJBCD?a=EB036000
2026-06-09,TWSE,電子零組件,EB036000,44704.44,1004.4,22.96,moneydj,https://www.moneydj.com/Z/ZB/ZBA/CZBA1.DJBCD?a=EB036000
2026-03-13,TWSE,電子通路,EB037000,33400.32,313.73,1.08,moneydj,https://www.moneydj.com/Z/ZB/ZBA/CZBA1.DJBCD?a=EB037000
2026-03-16,TWSE,電子通路,EB037000,33342.51,323.6,1.48,moneydj,https://www.moneydj.com/Z/ZB/ZBA/CZBA1.DJBCD?a=EB037000
2026-03-17,TWSE,電子通路,EB037000,33836.57,340.18,1.96,moneydj,https://www.moneydj.com/Z/ZB/ZBA/CZBA1.DJBCD?a=EB037000
2026-03-18,TWSE,電子通路,EB037000,34348.58,348.05,1.74,moneydj,https://www.moneydj.com/Z/ZB/ZBA/CZBA1.DJBCD?a=EB037000
2026-03-19,TWSE,電子通路,EB037000,33689.68,342.74,1.33,moneydj,https://www.moneydj.com/Z/ZB/ZBA/CZBA1.DJBCD?a=EB037000
2026-03-20,TWSE,電子通路,EB037000,33543.88,340.83,1.54,moneydj,https://www.moneydj.com/Z/ZB/ZBA/CZBA1.DJBCD?a=EB037000
2026-03-23,TWSE,電子通路,EB037000,32722.5,330.55,1.08,moneydj,https://www.moneydj.com/Z/ZB/ZBA/CZBA1.DJBCD?a=EB037000
2026-03-24,TWSE,電子通路,EB037000,32612.24,326.86,1.41,moneydj,https://www.moneydj.com/Z/ZB/ZBA/CZBA1.DJBCD?a=EB037000
2026-03-25,TWSE,電子通路,EB037000,33439.11,335.82,1.19,moneydj,https://www.moneydj.com/Z/ZB/ZBA/CZBA1.DJBCD?a=EB037000
2026-03-26,TWSE,電子通路,EB037000,33337.62,328.71,0.87,moneydj,https://www.moneydj.com/Z/ZB/ZBA/CZBA1.DJBCD?a=EB037000
2026-03-27,TWSE,電子通路,EB037000,33112.59,326.63,0.82,moneydj,https://www.moneydj.com/Z/ZB/ZBA/CZBA1.DJBCD?a=EB037000
2026-03-30,TWSE,電子通路,EB037000,32518.16,319.55,0.67,moneydj,https://www.moneydj.com/Z/ZB/ZBA/CZBA1.DJBCD?a=EB037000
2026-03-31,TWSE,電子通路,EB037000,31722.99,310.11,0.76,moneydj,https://www.moneydj.com/Z/ZB/ZBA/CZBA1.DJBCD?a=EB037000
2026-04-01,TWSE,電子通路,EB037000,33174.82,319.54,0.91,moneydj,https://www.moneydj.com/Z/ZB/ZBA/CZBA1.DJBCD?a=EB037000
2026-04-02,TWSE,電子通路,EB037000,32572.43,317.51,0.7,moneydj,https://www.moneydj.com/Z/ZB/ZBA/CZBA1.DJBCD?a=EB037000
2026-04-07,TWSE,電子通路,EB037000,33229.82,324.58,0.9,moneydj,https://www.moneydj.com/Z/ZB/ZBA/CZBA1.DJBCD?a=EB037000
2026-04-08,TWSE,電子通路,EB037000,34761.38,333.43,0.62,moneydj,https://www.moneydj.com/Z/ZB/ZBA/CZBA1.DJBCD?a=EB037000
2026-04-09,TWSE,電子通路,EB037000,34861.16,330.05,0.59,moneydj,https://www.moneydj.com/Z/ZB/ZBA/CZBA1.DJBCD?a=EB037000
2026-04-10,TWSE,電子通路,EB037000,35417.83,332.83,0.98,moneydj,https://www.moneydj.com/Z/ZB/ZBA/CZBA1.DJBCD?a=EB037000
2026-04-13,TWSE,電子通路,EB037000,35457.29,340.6,0.96,moneydj,https://www.moneydj.com/Z/ZB/ZBA/CZBA1.DJBCD?a=EB037000
2026-04-14,TWSE,電子通路,EB037000,36296.12,341.34,1.03,moneydj,https://www.moneydj.com/Z/ZB/ZBA/CZBA1.DJBCD?a=EB037000
2026-04-15,TWSE,電子通路,EB037000,36722.14,343.69,0.82,moneydj,https://www.moneydj.com/Z/ZB/ZBA/CZBA1.DJBCD?a=EB037000
2026-04-16,TWSE,電子通路,EB037000,37132.02,347.39,0.81,moneydj,https://www.moneydj.com/Z/ZB/ZBA/CZBA1.DJBCD?a=EB037000
2026-04-17,TWSE,電子通路,EB037000,36804.34,347.77,0.8,moneydj,https://www.moneydj.com/Z/ZB/ZBA/CZBA1.DJBCD?a=EB037000
2026-04-20,TWSE,電子通路,EB037000,36958.8,342.68,0.92,moneydj,https://www.moneydj.com/Z/ZB/ZBA/CZBA1.DJBCD?a=EB037000
2026-04-21,TWSE,電子通路,EB037000,37605.11,346.77,0.69,moneydj,https://www.moneydj.com/Z/ZB/ZBA/CZBA1.DJBCD?a=EB037000
2026-04-22,TWSE,電子通路,EB037000,37878.47,345.42,0.82,moneydj,https://www.moneydj.com/Z/ZB/ZBA/CZBA1.DJBCD?a=EB037000
2026-04-23,TWSE,電子通路,EB037000,37714.15,333.85,0.77,moneydj,https://www.moneydj.com/Z/ZB/ZBA/CZBA1.DJBCD?a=EB037000
2026-04-24,TWSE,電子通路,EB037000,38932.4,330.12,0.69,moneydj,https://www.moneydj.com/Z/ZB/ZBA/CZBA1.DJBCD?a=EB037000
2026-04-27,TWSE,電子通路,EB037000,39616.63,329.53,0.64,moneydj,https://www.moneydj.com/Z/ZB/ZBA/CZBA1.DJBCD?a=EB037000
2026-04-28,TWSE,電子通路,EB037000,39521.73,337.08,0.9,moneydj,https://www.moneydj.com/Z/ZB/ZBA/CZBA1.DJBCD?a=EB037000
2026-04-29,TWSE,電子通路,EB037000,39303.5,336.32,0.69,moneydj,https://www.moneydj.com/Z/ZB/ZBA/CZBA1.DJBCD?a=EB037000
2026-04-30,TWSE,電子通路,EB037000,38926.63,334.73,0.49,moneydj,https://www.moneydj.com/Z/ZB/ZBA/CZBA1.DJBCD?a=EB037000
2026-05-04,TWSE,電子通路,EB037000,40705.14,341.77,0.63,moneydj,https://www.moneydj.com/Z/ZB/ZBA/CZBA1.DJBCD?a=EB037000
2026-05-05,TWSE,電子通路,EB037000,40769.29,341.06,0.43,moneydj,https://www.moneydj.com/Z/ZB/ZBA/CZBA1.DJBCD?a=EB037000
2026-05-06,TWSE,電子通路,EB037000,41138.85,348.98,0.74,moneydj,https://www.moneydj.com/Z/ZB/ZBA/CZBA1.DJBCD?a=EB037000
2026-05-07,TWSE,電子通路,EB037000,41933.78,350.23,0.88,moneydj,https://www.moneydj.com/Z/ZB/ZBA/CZBA1.DJBCD?a=EB037000
2026-05-08,TWSE,電子通路,EB037000,41603.94,367.93,0.9,moneydj,https://www.moneydj.com/Z/ZB/ZBA/CZBA1.DJBCD?a=EB037000
2026-05-11,TWSE,電子通路,EB037000,41790.06,383.55,1.5,moneydj,https://www.moneydj.com/Z/ZB/ZBA/CZBA1.DJBCD?a=EB037000
2026-05-12,TWSE,電子通路,EB037000,41898.32,387.71,1.53,moneydj,https://www.moneydj.com/Z/ZB/ZBA/CZBA1.DJBCD?a=EB037000
2026-05-13,TWSE,電子通路,EB037000,41374.5,385.83,1.27,moneydj,https://www.moneydj.com/Z/ZB/ZBA/CZBA1.DJBCD?a=EB037000
2026-05-14,TWSE,電子通路,EB037000,41751.75,381.98,1.12,moneydj,https://www.moneydj.com/Z/ZB/ZBA/CZBA1.DJBCD?a=EB037000
2026-05-15,TWSE,電子通路,EB037000,41172.36,379.3,0.93,moneydj,https://www.moneydj.com/Z/ZB/ZBA/CZBA1.DJBCD?a=EB037000
2026-05-18,TWSE,電子通路,EB037000,40891.82,376.83,1.24,moneydj,https://www.moneydj.com/Z/ZB/ZBA/CZBA1.DJBCD?a=EB037000
2026-05-19,TWSE,電子通路,EB037000,40175.56,376.19,1.0,moneydj,https://www.moneydj.com/Z/ZB/ZBA/CZBA1.DJBCD?a=EB037000
2026-05-20,TWSE,電子通路,EB037000,40020.82,392.93,1.86,moneydj,https://www.moneydj.com/Z/ZB/ZBA/CZBA1.DJBCD?a=EB037000
2026-05-21,TWSE,電子通路,EB037000,41368.21,406.57,1.61,moneydj,https://www.moneydj.com/Z/ZB/ZBA/CZBA1.DJBCD?a=EB037000
2026-05-22,TWSE,電子通路,EB037000,42267.97,405.6,1.12,moneydj,https://www.moneydj.com/Z/ZB/ZBA/CZBA1.DJBCD?a=EB037000
2026-05-25,TWSE,電子通路,EB037000,43644.4,416.67,1.29,moneydj,https://www.moneydj.com/Z/ZB/ZBA/CZBA1.DJBCD?a=EB037000
2026-05-26,TWSE,電子通路,EB037000,43525.37,413.43,0.67,moneydj,https://www.moneydj.com/Z/ZB/ZBA/CZBA1.DJBCD?a=EB037000
2026-05-27,TWSE,電子通路,EB037000,44256.8,414.43,0.79,moneydj,https://www.moneydj.com/Z/ZB/ZBA/CZBA1.DJBCD?a=EB037000
2026-05-28,TWSE,電子通路,EB037000,43636.44,409.78,0.81,moneydj,https://www.moneydj.com/Z/ZB/ZBA/CZBA1.DJBCD?a=EB037000
2026-05-29,TWSE,電子通路,EB037000,44732.94,408.28,0.58,moneydj,https://www.moneydj.com/Z/ZB/ZBA/CZBA1.DJBCD?a=EB037000
2026-06-01,TWSE,電子通路,EB037000,45337.91,409.51,0.8,moneydj,https://www.moneydj.com/Z/ZB/ZBA/CZBA1.DJBCD?a=EB037000
2026-06-02,TWSE,電子通路,EB037000,45557.31,419.43,1.34,moneydj,https://www.moneydj.com/Z/ZB/ZBA/CZBA1.DJBCD?a=EB037000
2026-06-03,TWSE,電子通路,EB037000,46459.16,421.3,1.21,moneydj,https://www.moneydj.com/Z/ZB/ZBA/CZBA1.DJBCD?a=EB037000
2026-06-04,TWSE,電子通路,EB037000,45677.46,415.57,1.56,moneydj,https://www.moneydj.com/Z/ZB/ZBA/CZBA1.DJBCD?a=EB037000
2026-06-05,TWSE,電子通路,EB037000,45070.94,409.76,1.42,moneydj,https://www.moneydj.com/Z/ZB/ZBA/CZBA1.DJBCD?a=EB037000
2026-06-08,TWSE,電子通路,EB037000,43502.78,380.74,1.44,moneydj,https://www.moneydj.com/Z/ZB/ZBA/CZBA1.DJBCD?a=EB037000
2026-06-09,TWSE,電子通路,EB037000,44704.44,391.15,1.28,moneydj,https://www.moneydj.com/Z/ZB/ZBA/CZBA1.DJBCD?a=EB037000
2026-03-13,TWSE,資訊服務,EB038000,33400.32,198.15,0.08,moneydj,https://www.moneydj.com/Z/ZB/ZBA/CZBA1.DJBCD?a=EB038000
2026-03-16,TWSE,資訊服務,EB038000,33342.51,198.83,0.05,moneydj,https://www.moneydj.com/Z/ZB/ZBA/CZBA1.DJBCD?a=EB038000
2026-03-17,TWSE,資訊服務,EB038000,33836.57,199.28,0.06,moneydj,https://www.moneydj.com/Z/ZB/ZBA/CZBA1.DJBCD?a=EB038000
2026-03-18,TWSE,資訊服務,EB038000,34348.58,200.63,0.08,moneydj,https://www.moneydj.com/Z/ZB/ZBA/CZBA1.DJBCD?a=EB038000
2026-03-19,TWSE,資訊服務,EB038000,33689.68,197.13,0.09,moneydj,https://www.moneydj.com/Z/ZB/ZBA/CZBA1.DJBCD?a=EB038000
2026-03-20,TWSE,資訊服務,EB038000,33543.88,196.29,0.07,moneydj,https://www.moneydj.com/Z/ZB/ZBA/CZBA1.DJBCD?a=EB038000
2026-03-23,TWSE,資訊服務,EB038000,32722.5,190.85,0.06,moneydj,https://www.moneydj.com/Z/ZB/ZBA/CZBA1.DJBCD?a=EB038000
2026-03-24,TWSE,資訊服務,EB038000,32612.24,190.08,0.05,moneydj,https://www.moneydj.com/Z/ZB/ZBA/CZBA1.DJBCD?a=EB038000
2026-03-25,TWSE,資訊服務,EB038000,33439.11,191.09,0.06,moneydj,https://www.moneydj.com/Z/ZB/ZBA/CZBA1.DJBCD?a=EB038000
2026-03-26,TWSE,資訊服務,EB038000,33337.62,188.64,0.04,moneydj,https://www.moneydj.com/Z/ZB/ZBA/CZBA1.DJBCD?a=EB038000
2026-03-27,TWSE,資訊服務,EB038000,33112.59,188.27,0.04,moneydj,https://www.moneydj.com/Z/ZB/ZBA/CZBA1.DJBCD?a=EB038000
2026-03-30,TWSE,資訊服務,EB038000,32518.16,186.47,0.05,moneydj,https://www.moneydj.com/Z/ZB/ZBA/CZBA1.DJBCD?a=EB038000
2026-03-31,TWSE,資訊服務,EB038000,31722.99,184.22,0.04,moneydj,https://www.moneydj.com/Z/ZB/ZBA/CZBA1.DJBCD?a=EB038000
2026-04-01,TWSE,資訊服務,EB038000,33174.82,187.92,0.05,moneydj,https://www.moneydj.com/Z/ZB/ZBA/CZBA1.DJBCD?a=EB038000
2026-04-02,TWSE,資訊服務,EB038000,32572.43,186.51,0.04,moneydj,https://www.moneydj.com/Z/ZB/ZBA/CZBA1.DJBCD?a=EB038000
2026-04-07,TWSE,資訊服務,EB038000,33229.82,187.86,0.06,moneydj,https://www.moneydj.com/Z/ZB/ZBA/CZBA1.DJBCD?a=EB038000
2026-04-08,TWSE,資訊服務,EB038000,34761.38,191.64,0.05,moneydj,https://www.moneydj.com/Z/ZB/ZBA/CZBA1.DJBCD?a=EB038000
2026-04-09,TWSE,資訊服務,EB038000,34861.16,192.86,0.04,moneydj,https://www.moneydj.com/Z/ZB/ZBA/CZBA1.DJBCD?a=EB038000
2026-04-10,TWSE,資訊服務,EB038000,35417.83,192.94,0.03,moneydj,https://www.moneydj.com/Z/ZB/ZBA/CZBA1.DJBCD?a=EB038000
2026-04-13,TWSE,資訊服務,EB038000,35457.29,192.32,0.04,moneydj,https://www.moneydj.com/Z/ZB/ZBA/CZBA1.DJBCD?a=EB038000
2026-04-14,TWSE,資訊服務,EB038000,36296.12,194.91,0.04,moneydj,https://www.moneydj.com/Z/ZB/ZBA/CZBA1.DJBCD?a=EB038000
2026-04-15,TWSE,資訊服務,EB038000,36722.14,194.95,0.04,moneydj,https://www.moneydj.com/Z/ZB/ZBA/CZBA1.DJBCD?a=EB038000
2026-04-16,TWSE,資訊服務,EB038000,37132.02,198.84,0.06,moneydj,https://www.moneydj.com/Z/ZB/ZBA/CZBA1.DJBCD?a=EB038000
2026-04-17,TWSE,資訊服務,EB038000,36804.34,200.22,0.07,moneydj,https://www.moneydj.com/Z/ZB/ZBA/CZBA1.DJBCD?a=EB038000
2026-04-20,TWSE,資訊服務,EB038000,36958.8,199.34,0.07,moneydj,https://www.moneydj.com/Z/ZB/ZBA/CZBA1.DJBCD?a=EB038000
2026-04-21,TWSE,資訊服務,EB038000,37605.11,200.36,0.07,moneydj,https://www.moneydj.com/Z/ZB/ZBA/CZBA1.DJBCD?a=EB038000
2026-04-22,TWSE,資訊服務,EB038000,37878.47,200.37,0.05,moneydj,https://www.moneydj.com/Z/ZB/ZBA/CZBA1.DJBCD?a=EB038000
2026-04-23,TWSE,資訊服務,EB038000,37714.15,196.06,0.05,moneydj,https://www.moneydj.com/Z/ZB/ZBA/CZBA1.DJBCD?a=EB038000
2026-04-24,TWSE,資訊服務,EB038000,38932.4,194.28,0.03,moneydj,https://www.moneydj.com/Z/ZB/ZBA/CZBA1.DJBCD?a=EB038000
2026-04-27,TWSE,資訊服務,EB038000,39616.63,192.25,0.03,moneydj,https://www.moneydj.com/Z/ZB/ZBA/CZBA1.DJBCD?a=EB038000
2026-04-28,TWSE,資訊服務,EB038000,39521.73,196.68,0.08,moneydj,https://www.moneydj.com/Z/ZB/ZBA/CZBA1.DJBCD?a=EB038000
2026-04-29,TWSE,資訊服務,EB038000,39303.5,195.42,0.05,moneydj,https://www.moneydj.com/Z/ZB/ZBA/CZBA1.DJBCD?a=EB038000
2026-04-30,TWSE,資訊服務,EB038000,38926.63,196.12,0.07,moneydj,https://www.moneydj.com/Z/ZB/ZBA/CZBA1.DJBCD?a=EB038000
2026-05-04,TWSE,資訊服務,EB038000,40705.14,197.72,0.06,moneydj,https://www.moneydj.com/Z/ZB/ZBA/CZBA1.DJBCD?a=EB038000
2026-05-05,TWSE,資訊服務,EB038000,40769.29,201.02,0.05,moneydj,https://www.moneydj.com/Z/ZB/ZBA/CZBA1.DJBCD?a=EB038000
2026-05-06,TWSE,資訊服務,EB038000,41138.85,200.89,0.03,moneydj,https://www.moneydj.com/Z/ZB/ZBA/CZBA1.DJBCD?a=EB038000
2026-05-07,TWSE,資訊服務,EB038000,41933.78,199.52,0.05,moneydj,https://www.moneydj.com/Z/ZB/ZBA/CZBA1.DJBCD?a=EB038000
2026-05-08,TWSE,資訊服務,EB038000,41603.94,199.53,0.05,moneydj,https://www.moneydj.com/Z/ZB/ZBA/CZBA1.DJBCD?a=EB038000
2026-05-11,TWSE,資訊服務,EB038000,41790.06,200.25,0.03,moneydj,https://www.moneydj.com/Z/ZB/ZBA/CZBA1.DJBCD?a=EB038000
2026-05-12,TWSE,資訊服務,EB038000,41898.32,197.8,0.03,moneydj,https://www.moneydj.com/Z/ZB/ZBA/CZBA1.DJBCD?a=EB038000
2026-05-13,TWSE,資訊服務,EB038000,41374.5,195.82,0.03,moneydj,https://www.moneydj.com/Z/ZB/ZBA/CZBA1.DJBCD?a=EB038000
2026-05-14,TWSE,資訊服務,EB038000,41751.75,195.55,0.03,moneydj,https://www.moneydj.com/Z/ZB/ZBA/CZBA1.DJBCD?a=EB038000
2026-05-15,TWSE,資訊服務,EB038000,41172.36,194.33,0.03,moneydj,https://www.moneydj.com/Z/ZB/ZBA/CZBA1.DJBCD?a=EB038000
2026-05-18,TWSE,資訊服務,EB038000,40891.82,195.03,0.03,moneydj,https://www.moneydj.com/Z/ZB/ZBA/CZBA1.DJBCD?a=EB038000
2026-05-19,TWSE,資訊服務,EB038000,40175.56,194.61,0.03,moneydj,https://www.moneydj.com/Z/ZB/ZBA/CZBA1.DJBCD?a=EB038000
2026-05-20,TWSE,資訊服務,EB038000,40020.82,194.64,0.02,moneydj,https://www.moneydj.com/Z/ZB/ZBA/CZBA1.DJBCD?a=EB038000
2026-05-21,TWSE,資訊服務,EB038000,41368.21,197.13,0.04,moneydj,https://www.moneydj.com/Z/ZB/ZBA/CZBA1.DJBCD?a=EB038000
2026-05-22,TWSE,資訊服務,EB038000,42267.97,199.7,0.05,moneydj,https://www.moneydj.com/Z/ZB/ZBA/CZBA1.DJBCD?a=EB038000
2026-05-25,TWSE,資訊服務,EB038000,43644.4,199.22,0.04,moneydj,https://www.moneydj.com/Z/ZB/ZBA/CZBA1.DJBCD?a=EB038000
2026-05-26,TWSE,資訊服務,EB038000,43525.37,199.99,0.04,moneydj,https://www.moneydj.com/Z/ZB/ZBA/CZBA1.DJBCD?a=EB038000
2026-05-27,TWSE,資訊服務,EB038000,44256.8,198.6,0.06,moneydj,https://www.moneydj.com/Z/ZB/ZBA/CZBA1.DJBCD?a=EB038000
2026-05-28,TWSE,資訊服務,EB038000,43636.44,197.83,0.04,moneydj,https://www.moneydj.com/Z/ZB/ZBA/CZBA1.DJBCD?a=EB038000
2026-05-29,TWSE,資訊服務,EB038000,44732.94,200.17,0.03,moneydj,https://www.moneydj.com/Z/ZB/ZBA/CZBA1.DJBCD?a=EB038000
2026-06-01,TWSE,資訊服務,EB038000,45337.91,215.12,0.14,moneydj,https://www.moneydj.com/Z/ZB/ZBA/CZBA1.DJBCD?a=EB038000
2026-06-02,TWSE,資訊服務,EB038000,45557.31,224.85,0.19,moneydj,https://www.moneydj.com/Z/ZB/ZBA/CZBA1.DJBCD?a=EB038000
2026-06-03,TWSE,資訊服務,EB038000,46459.16,222.16,0.18,moneydj,https://www.moneydj.com/Z/ZB/ZBA/CZBA1.DJBCD?a=EB038000
2026-06-04,TWSE,資訊服務,EB038000,45677.46,220.12,0.12,moneydj,https://www.moneydj.com/Z/ZB/ZBA/CZBA1.DJBCD?a=EB038000
2026-06-05,TWSE,資訊服務,EB038000,45070.94,216.7,0.12,moneydj,https://www.moneydj.com/Z/ZB/ZBA/CZBA1.DJBCD?a=EB038000
2026-06-08,TWSE,資訊服務,EB038000,43502.78,213.05,0.16,moneydj,https://www.moneydj.com/Z/ZB/ZBA/CZBA1.DJBCD?a=EB038000
2026-06-09,TWSE,資訊服務,EB038000,44704.44,213.8,0.15,moneydj,https://www.moneydj.com/Z/ZB/ZBA/CZBA1.DJBCD?a=EB038000
2026-03-13,TWSE,其他電子,EB039000,33400.32,225.1,4.03,moneydj,https://www.moneydj.com/Z/ZB/ZBA/CZBA1.DJBCD?a=EB039000
2026-03-16,TWSE,其他電子,EB039000,33342.51,225.4,4.91,moneydj,https://www.moneydj.com/Z/ZB/ZBA/CZBA1.DJBCD?a=EB039000
2026-03-17,TWSE,其他電子,EB039000,33836.57,223.9,7.09,moneydj,https://www.moneydj.com/Z/ZB/ZBA/CZBA1.DJBCD?a=EB039000
2026-03-18,TWSE,其他電子,EB039000,34348.58,224.62,5.43,moneydj,https://www.moneydj.com/Z/ZB/ZBA/CZBA1.DJBCD?a=EB039000
2026-03-19,TWSE,其他電子,EB039000,33689.68,221.67,6.14,moneydj,https://www.moneydj.com/Z/ZB/ZBA/CZBA1.DJBCD?a=EB039000
2026-03-20,TWSE,其他電子,EB039000,33543.88,221.33,7.26,moneydj,https://www.moneydj.com/Z/ZB/ZBA/CZBA1.DJBCD?a=EB039000
2026-03-23,TWSE,其他電子,EB039000,32722.5,214.3,5.94,moneydj,https://www.moneydj.com/Z/ZB/ZBA/CZBA1.DJBCD?a=EB039000
2026-03-24,TWSE,其他電子,EB039000,32612.24,212.97,6.52,moneydj,https://www.moneydj.com/Z/ZB/ZBA/CZBA1.DJBCD?a=EB039000
2026-03-25,TWSE,其他電子,EB039000,33439.11,220.72,6.68,moneydj,https://www.moneydj.com/Z/ZB/ZBA/CZBA1.DJBCD?a=EB039000
2026-03-26,TWSE,其他電子,EB039000,33337.62,220.2,6.14,moneydj,https://www.moneydj.com/Z/ZB/ZBA/CZBA1.DJBCD?a=EB039000
2026-03-27,TWSE,其他電子,EB039000,33112.59,219.31,5.43,moneydj,https://www.moneydj.com/Z/ZB/ZBA/CZBA1.DJBCD?a=EB039000
2026-03-30,TWSE,其他電子,EB039000,32518.16,215.16,5.06,moneydj,https://www.moneydj.com/Z/ZB/ZBA/CZBA1.DJBCD?a=EB039000
2026-03-31,TWSE,其他電子,EB039000,31722.99,205.61,6.0,moneydj,https://www.moneydj.com/Z/ZB/ZBA/CZBA1.DJBCD?a=EB039000
2026-04-01,TWSE,其他電子,EB039000,33174.82,216.8,5.24,moneydj,https://www.moneydj.com/Z/ZB/ZBA/CZBA1.DJBCD?a=EB039000
2026-04-02,TWSE,其他電子,EB039000,32572.43,212.4,5.94,moneydj,https://www.moneydj.com/Z/ZB/ZBA/CZBA1.DJBCD?a=EB039000
2026-04-07,TWSE,其他電子,EB039000,33229.82,213.59,5.39,moneydj,https://www.moneydj.com/Z/ZB/ZBA/CZBA1.DJBCD?a=EB039000
2026-04-08,TWSE,其他電子,EB039000,34761.38,224.66,5.22,moneydj,https://www.moneydj.com/Z/ZB/ZBA/CZBA1.DJBCD?a=EB039000
2026-04-09,TWSE,其他電子,EB039000,34861.16,227.62,6.26,moneydj,https://www.moneydj.com/Z/ZB/ZBA/CZBA1.DJBCD?a=EB039000
2026-04-10,TWSE,其他電子,EB039000,35417.83,228.83,5.47,moneydj,https://www.moneydj.com/Z/ZB/ZBA/CZBA1.DJBCD?a=EB039000
2026-04-13,TWSE,其他電子,EB039000,35457.29,230.75,6.06,moneydj,https://www.moneydj.com/Z/ZB/ZBA/CZBA1.DJBCD?a=EB039000
2026-04-14,TWSE,其他電子,EB039000,36296.12,236.05,5.28,moneydj,https://www.moneydj.com/Z/ZB/ZBA/CZBA1.DJBCD?a=EB039000
2026-04-15,TWSE,其他電子,EB039000,36722.14,240.53,4.33,moneydj,https://www.moneydj.com/Z/ZB/ZBA/CZBA1.DJBCD?a=EB039000
2026-04-16,TWSE,其他電子,EB039000,37132.02,242.03,5.36,moneydj,https://www.moneydj.com/Z/ZB/ZBA/CZBA1.DJBCD?a=EB039000
2026-04-17,TWSE,其他電子,EB039000,36804.34,247.76,6.16,moneydj,https://www.moneydj.com/Z/ZB/ZBA/CZBA1.DJBCD?a=EB039000
2026-04-20,TWSE,其他電子,EB039000,36958.8,246.33,6.4,moneydj,https://www.moneydj.com/Z/ZB/ZBA/CZBA1.DJBCD?a=EB039000
2026-04-21,TWSE,其他電子,EB039000,37605.11,247.61,5.92,moneydj,https://www.moneydj.com/Z/ZB/ZBA/CZBA1.DJBCD?a=EB039000
2026-04-22,TWSE,其他電子,EB039000,37878.47,256.08,7.46,moneydj,https://www.moneydj.com/Z/ZB/ZBA/CZBA1.DJBCD?a=EB039000
2026-04-23,TWSE,其他電子,EB039000,37714.15,257.31,7.39,moneydj,https://www.moneydj.com/Z/ZB/ZBA/CZBA1.DJBCD?a=EB039000
2026-04-24,TWSE,其他電子,EB039000,38932.4,254.28,5.41,moneydj,https://www.moneydj.com/Z/ZB/ZBA/CZBA1.DJBCD?a=EB039000
2026-04-27,TWSE,其他電子,EB039000,39616.63,256.15,5.16,moneydj,https://www.moneydj.com/Z/ZB/ZBA/CZBA1.DJBCD?a=EB039000
2026-04-28,TWSE,其他電子,EB039000,39521.73,258.17,5.81,moneydj,https://www.moneydj.com/Z/ZB/ZBA/CZBA1.DJBCD?a=EB039000
2026-04-29,TWSE,其他電子,EB039000,39303.5,258.58,5.34,moneydj,https://www.moneydj.com/Z/ZB/ZBA/CZBA1.DJBCD?a=EB039000
2026-04-30,TWSE,其他電子,EB039000,38926.63,256.3,4.89,moneydj,https://www.moneydj.com/Z/ZB/ZBA/CZBA1.DJBCD?a=EB039000
2026-05-04,TWSE,其他電子,EB039000,40705.14,268.13,5.61,moneydj,https://www.moneydj.com/Z/ZB/ZBA/CZBA1.DJBCD?a=EB039000
2026-05-05,TWSE,其他電子,EB039000,40769.29,274.49,7.02,moneydj,https://www.moneydj.com/Z/ZB/ZBA/CZBA1.DJBCD?a=EB039000
2026-05-06,TWSE,其他電子,EB039000,41138.85,284.05,8.1,moneydj,https://www.moneydj.com/Z/ZB/ZBA/CZBA1.DJBCD?a=EB039000
2026-05-07,TWSE,其他電子,EB039000,41933.78,285.0,5.89,moneydj,https://www.moneydj.com/Z/ZB/ZBA/CZBA1.DJBCD?a=EB039000
2026-05-08,TWSE,其他電子,EB039000,41603.94,280.19,5.43,moneydj,https://www.moneydj.com/Z/ZB/ZBA/CZBA1.DJBCD?a=EB039000
2026-05-11,TWSE,其他電子,EB039000,41790.06,285.36,5.13,moneydj,https://www.moneydj.com/Z/ZB/ZBA/CZBA1.DJBCD?a=EB039000
2026-05-12,TWSE,其他電子,EB039000,41898.32,284.7,4.84,moneydj,https://www.moneydj.com/Z/ZB/ZBA/CZBA1.DJBCD?a=EB039000
2026-05-13,TWSE,其他電子,EB039000,41374.5,282.09,5.2,moneydj,https://www.moneydj.com/Z/ZB/ZBA/CZBA1.DJBCD?a=EB039000
2026-05-14,TWSE,其他電子,EB039000,41751.75,273.28,5.54,moneydj,https://www.moneydj.com/Z/ZB/ZBA/CZBA1.DJBCD?a=EB039000
2026-05-15,TWSE,其他電子,EB039000,41172.36,272.79,7.34,moneydj,https://www.moneydj.com/Z/ZB/ZBA/CZBA1.DJBCD?a=EB039000
2026-05-18,TWSE,其他電子,EB039000,40891.82,271.26,6.33,moneydj,https://www.moneydj.com/Z/ZB/ZBA/CZBA1.DJBCD?a=EB039000
2026-05-19,TWSE,其他電子,EB039000,40175.56,265.84,6.16,moneydj,https://www.moneydj.com/Z/ZB/ZBA/CZBA1.DJBCD?a=EB039000
2026-05-20,TWSE,其他電子,EB039000,40020.82,261.66,5.19,moneydj,https://www.moneydj.com/Z/ZB/ZBA/CZBA1.DJBCD?a=EB039000
2026-05-21,TWSE,其他電子,EB039000,41368.21,274.67,5.23,moneydj,https://www.moneydj.com/Z/ZB/ZBA/CZBA1.DJBCD?a=EB039000
2026-05-22,TWSE,其他電子,EB039000,42267.97,278.83,5.2,moneydj,https://www.moneydj.com/Z/ZB/ZBA/CZBA1.DJBCD?a=EB039000
2026-05-25,TWSE,其他電子,EB039000,43644.4,293.58,5.77,moneydj,https://www.moneydj.com/Z/ZB/ZBA/CZBA1.DJBCD?a=EB039000
2026-05-26,TWSE,其他電子,EB039000,43525.37,293.13,4.58,moneydj,https://www.moneydj.com/Z/ZB/ZBA/CZBA1.DJBCD?a=EB039000
2026-05-27,TWSE,其他電子,EB039000,44256.8,296.62,4.63,moneydj,https://www.moneydj.com/Z/ZB/ZBA/CZBA1.DJBCD?a=EB039000
2026-05-28,TWSE,其他電子,EB039000,43636.44,292.75,4.56,moneydj,https://www.moneydj.com/Z/ZB/ZBA/CZBA1.DJBCD?a=EB039000
2026-05-29,TWSE,其他電子,EB039000,44732.94,309.17,7.25,moneydj,https://www.moneydj.com/Z/ZB/ZBA/CZBA1.DJBCD?a=EB039000
2026-06-01,TWSE,其他電子,EB039000,45337.91,314.75,6.58,moneydj,https://www.moneydj.com/Z/ZB/ZBA/CZBA1.DJBCD?a=EB039000
2026-06-02,TWSE,其他電子,EB039000,45557.31,316.87,4.77,moneydj,https://www.moneydj.com/Z/ZB/ZBA/CZBA1.DJBCD?a=EB039000
2026-06-03,TWSE,其他電子,EB039000,46459.16,325.99,6.81,moneydj,https://www.moneydj.com/Z/ZB/ZBA/CZBA1.DJBCD?a=EB039000
2026-06-04,TWSE,其他電子,EB039000,45677.46,316.22,6.23,moneydj,https://www.moneydj.com/Z/ZB/ZBA/CZBA1.DJBCD?a=EB039000
2026-06-05,TWSE,其他電子,EB039000,45070.94,309.55,5.74,moneydj,https://www.moneydj.com/Z/ZB/ZBA/CZBA1.DJBCD?a=EB039000
2026-06-08,TWSE,其他電子,EB039000,43502.78,293.29,6.07,moneydj,https://www.moneydj.com/Z/ZB/ZBA/CZBA1.DJBCD?a=EB039000
2026-06-09,TWSE,其他電子,EB039000,44704.44,299.75,5.33,moneydj,https://www.moneydj.com/Z/ZB/ZBA/CZBA1.DJBCD?a=EB039000
2026-03-13,TWSE,建材營造,EB025000,33400.32,467.13,0.26,moneydj,https://www.moneydj.com/Z/ZB/ZBA/CZBA1.DJBCD?a=EB025000
2026-03-16,TWSE,建材營造,EB025000,33342.51,466.89,0.29,moneydj,https://www.moneydj.com/Z/ZB/ZBA/CZBA1.DJBCD?a=EB025000
2026-03-17,TWSE,建材營造,EB025000,33836.57,470.82,0.25,moneydj,https://www.moneydj.com/Z/ZB/ZBA/CZBA1.DJBCD?a=EB025000
2026-03-18,TWSE,建材營造,EB025000,34348.58,467.61,0.24,moneydj,https://www.moneydj.com/Z/ZB/ZBA/CZBA1.DJBCD?a=EB025000
2026-03-19,TWSE,建材營造,EB025000,33689.68,461.39,0.27,moneydj,https://www.moneydj.com/Z/ZB/ZBA/CZBA1.DJBCD?a=EB025000
2026-03-20,TWSE,建材營造,EB025000,33543.88,467.18,0.37,moneydj,https://www.moneydj.com/Z/ZB/ZBA/CZBA1.DJBCD?a=EB025000
2026-03-23,TWSE,建材營造,EB025000,32722.5,458.11,0.3,moneydj,https://www.moneydj.com/Z/ZB/ZBA/CZBA1.DJBCD?a=EB025000
2026-03-24,TWSE,建材營造,EB025000,32612.24,459.51,0.23,moneydj,https://www.moneydj.com/Z/ZB/ZBA/CZBA1.DJBCD?a=EB025000
2026-03-25,TWSE,建材營造,EB025000,33439.11,467.77,0.3,moneydj,https://www.moneydj.com/Z/ZB/ZBA/CZBA1.DJBCD?a=EB025000
2026-03-26,TWSE,建材營造,EB025000,33337.62,464.03,0.22,moneydj,https://www.moneydj.com/Z/ZB/ZBA/CZBA1.DJBCD?a=EB025000
2026-03-27,TWSE,建材營造,EB025000,33112.59,463.2,0.23,moneydj,https://www.moneydj.com/Z/ZB/ZBA/CZBA1.DJBCD?a=EB025000
2026-03-30,TWSE,建材營造,EB025000,32518.16,456.59,0.25,moneydj,https://www.moneydj.com/Z/ZB/ZBA/CZBA1.DJBCD?a=EB025000
2026-03-31,TWSE,建材營造,EB025000,31722.99,451.75,0.24,moneydj,https://www.moneydj.com/Z/ZB/ZBA/CZBA1.DJBCD?a=EB025000
2026-04-01,TWSE,建材營造,EB025000,33174.82,457.0,0.23,moneydj,https://www.moneydj.com/Z/ZB/ZBA/CZBA1.DJBCD?a=EB025000
2026-04-02,TWSE,建材營造,EB025000,32572.43,453.19,0.18,moneydj,https://www.moneydj.com/Z/ZB/ZBA/CZBA1.DJBCD?a=EB025000
2026-04-07,TWSE,建材營造,EB025000,33229.82,455.49,0.21,moneydj,https://www.moneydj.com/Z/ZB/ZBA/CZBA1.DJBCD?a=EB025000
2026-04-08,TWSE,建材營造,EB025000,34761.38,462.83,0.21,moneydj,https://www.moneydj.com/Z/ZB/ZBA/CZBA1.DJBCD?a=EB025000
2026-04-09,TWSE,建材營造,EB025000,34861.16,460.29,0.2,moneydj,https://www.moneydj.com/Z/ZB/ZBA/CZBA1.DJBCD?a=EB025000
2026-04-10,TWSE,建材營造,EB025000,35417.83,463.18,0.19,moneydj,https://www.moneydj.com/Z/ZB/ZBA/CZBA1.DJBCD?a=EB025000
2026-04-13,TWSE,建材營造,EB025000,35457.29,463.02,0.22,moneydj,https://www.moneydj.com/Z/ZB/ZBA/CZBA1.DJBCD?a=EB025000
2026-04-14,TWSE,建材營造,EB025000,36296.12,464.66,0.2,moneydj,https://www.moneydj.com/Z/ZB/ZBA/CZBA1.DJBCD?a=EB025000
2026-04-15,TWSE,建材營造,EB025000,36722.14,467.39,0.17,moneydj,https://www.moneydj.com/Z/ZB/ZBA/CZBA1.DJBCD?a=EB025000
2026-04-16,TWSE,建材營造,EB025000,37132.02,469.96,0.19,moneydj,https://www.moneydj.com/Z/ZB/ZBA/CZBA1.DJBCD?a=EB025000
2026-04-17,TWSE,建材營造,EB025000,36804.34,471.43,0.21,moneydj,https://www.moneydj.com/Z/ZB/ZBA/CZBA1.DJBCD?a=EB025000
2026-04-20,TWSE,建材營造,EB025000,36958.8,467.33,0.29,moneydj,https://www.moneydj.com/Z/ZB/ZBA/CZBA1.DJBCD?a=EB025000
2026-04-21,TWSE,建材營造,EB025000,37605.11,466.51,0.22,moneydj,https://www.moneydj.com/Z/ZB/ZBA/CZBA1.DJBCD?a=EB025000
2026-04-22,TWSE,建材營造,EB025000,37878.47,463.41,0.22,moneydj,https://www.moneydj.com/Z/ZB/ZBA/CZBA1.DJBCD?a=EB025000
2026-04-23,TWSE,建材營造,EB025000,37714.15,466.73,0.2,moneydj,https://www.moneydj.com/Z/ZB/ZBA/CZBA1.DJBCD?a=EB025000
2026-04-24,TWSE,建材營造,EB025000,38932.4,464.81,0.35,moneydj,https://www.moneydj.com/Z/ZB/ZBA/CZBA1.DJBCD?a=EB025000
2026-04-27,TWSE,建材營造,EB025000,39616.63,459.59,0.23,moneydj,https://www.moneydj.com/Z/ZB/ZBA/CZBA1.DJBCD?a=EB025000
2026-04-28,TWSE,建材營造,EB025000,39521.73,455.73,0.22,moneydj,https://www.moneydj.com/Z/ZB/ZBA/CZBA1.DJBCD?a=EB025000
2026-04-29,TWSE,建材營造,EB025000,39303.5,457.93,0.27,moneydj,https://www.moneydj.com/Z/ZB/ZBA/CZBA1.DJBCD?a=EB025000
2026-04-30,TWSE,建材營造,EB025000,38926.63,452.01,0.2,moneydj,https://www.moneydj.com/Z/ZB/ZBA/CZBA1.DJBCD?a=EB025000
2026-05-04,TWSE,建材營造,EB025000,40705.14,448.41,0.2,moneydj,https://www.moneydj.com/Z/ZB/ZBA/CZBA1.DJBCD?a=EB025000
2026-05-05,TWSE,建材營造,EB025000,40769.29,445.9,0.17,moneydj,https://www.moneydj.com/Z/ZB/ZBA/CZBA1.DJBCD?a=EB025000
2026-05-06,TWSE,建材營造,EB025000,41138.85,449.45,0.14,moneydj,https://www.moneydj.com/Z/ZB/ZBA/CZBA1.DJBCD?a=EB025000
2026-05-07,TWSE,建材營造,EB025000,41933.78,454.43,0.17,moneydj,https://www.moneydj.com/Z/ZB/ZBA/CZBA1.DJBCD?a=EB025000
2026-05-08,TWSE,建材營造,EB025000,41603.94,455.11,0.15,moneydj,https://www.moneydj.com/Z/ZB/ZBA/CZBA1.DJBCD?a=EB025000
2026-05-11,TWSE,建材營造,EB025000,41790.06,460.36,0.22,moneydj,https://www.moneydj.com/Z/ZB/ZBA/CZBA1.DJBCD?a=EB025000
2026-05-12,TWSE,建材營造,EB025000,41898.32,452.59,0.15,moneydj,https://www.moneydj.com/Z/ZB/ZBA/CZBA1.DJBCD?a=EB025000
2026-05-13,TWSE,建材營造,EB025000,41374.5,454.34,0.24,moneydj,https://www.moneydj.com/Z/ZB/ZBA/CZBA1.DJBCD?a=EB025000
2026-05-14,TWSE,建材營造,EB025000,41751.75,450.37,0.21,moneydj,https://www.moneydj.com/Z/ZB/ZBA/CZBA1.DJBCD?a=EB025000
2026-05-15,TWSE,建材營造,EB025000,41172.36,450.1,0.22,moneydj,https://www.moneydj.com/Z/ZB/ZBA/CZBA1.DJBCD?a=EB025000
2026-05-18,TWSE,建材營造,EB025000,40891.82,450.12,0.24,moneydj,https://www.moneydj.com/Z/ZB/ZBA/CZBA1.DJBCD?a=EB025000
2026-05-19,TWSE,建材營造,EB025000,40175.56,447.68,0.15,moneydj,https://www.moneydj.com/Z/ZB/ZBA/CZBA1.DJBCD?a=EB025000
2026-05-20,TWSE,建材營造,EB025000,40020.82,448.92,0.16,moneydj,https://www.moneydj.com/Z/ZB/ZBA/CZBA1.DJBCD?a=EB025000
2026-05-21,TWSE,建材營造,EB025000,41368.21,452.98,0.21,moneydj,https://www.moneydj.com/Z/ZB/ZBA/CZBA1.DJBCD?a=EB025000
2026-05-22,TWSE,建材營造,EB025000,42267.97,450.18,0.19,moneydj,https://www.moneydj.com/Z/ZB/ZBA/CZBA1.DJBCD?a=EB025000
2026-05-25,TWSE,建材營造,EB025000,43644.4,444.48,0.21,moneydj,https://www.moneydj.com/Z/ZB/ZBA/CZBA1.DJBCD?a=EB025000
2026-05-26,TWSE,建材營造,EB025000,43525.37,443.19,0.14,moneydj,https://www.moneydj.com/Z/ZB/ZBA/CZBA1.DJBCD?a=EB025000
2026-05-27,TWSE,建材營造,EB025000,44256.8,443.12,0.16,moneydj,https://www.moneydj.com/Z/ZB/ZBA/CZBA1.DJBCD?a=EB025000
2026-05-28,TWSE,建材營造,EB025000,43636.44,442.52,0.14,moneydj,https://www.moneydj.com/Z/ZB/ZBA/CZBA1.DJBCD?a=EB025000
2026-05-29,TWSE,建材營造,EB025000,44732.94,450.85,0.15,moneydj,https://www.moneydj.com/Z/ZB/ZBA/CZBA1.DJBCD?a=EB025000
2026-06-01,TWSE,建材營造,EB025000,45337.91,456.02,0.18,moneydj,https://www.moneydj.com/Z/ZB/ZBA/CZBA1.DJBCD?a=EB025000
2026-06-02,TWSE,建材營造,EB025000,45557.31,452.4,0.25,moneydj,https://www.moneydj.com/Z/ZB/ZBA/CZBA1.DJBCD?a=EB025000
2026-06-03,TWSE,建材營造,EB025000,46459.16,458.42,0.27,moneydj,https://www.moneydj.com/Z/ZB/ZBA/CZBA1.DJBCD?a=EB025000
2026-06-04,TWSE,建材營造,EB025000,45677.46,461.41,0.27,moneydj,https://www.moneydj.com/Z/ZB/ZBA/CZBA1.DJBCD?a=EB025000
2026-06-05,TWSE,建材營造,EB025000,45070.94,465.53,0.33,moneydj,https://www.moneydj.com/Z/ZB/ZBA/CZBA1.DJBCD?a=EB025000
2026-06-08,TWSE,建材營造,EB025000,43502.78,454.8,0.32,moneydj,https://www.moneydj.com/Z/ZB/ZBA/CZBA1.DJBCD?a=EB025000
2026-06-09,TWSE,建材營造,EB025000,44704.44,460.53,0.29,moneydj,https://www.moneydj.com/Z/ZB/ZBA/CZBA1.DJBCD?a=EB025000
2026-03-13,TWSE,航運業,EB026000,33400.32,181.86,1.49,moneydj,https://www.moneydj.com/Z/ZB/ZBA/CZBA1.DJBCD?a=EB026000
2026-03-16,TWSE,航運業,EB026000,33342.51,186.33,2.39,moneydj,https://www.moneydj.com/Z/ZB/ZBA/CZBA1.DJBCD?a=EB026000
2026-03-17,TWSE,航運業,EB026000,33836.57,187.28,1.46,moneydj,https://www.moneydj.com/Z/ZB/ZBA/CZBA1.DJBCD?a=EB026000
2026-03-18,TWSE,航運業,EB026000,34348.58,187.03,1.22,moneydj,https://www.moneydj.com/Z/ZB/ZBA/CZBA1.DJBCD?a=EB026000
2026-03-19,TWSE,航運業,EB026000,33689.68,184.59,1.35,moneydj,https://www.moneydj.com/Z/ZB/ZBA/CZBA1.DJBCD?a=EB026000
2026-03-20,TWSE,航運業,EB026000,33543.88,183.23,1.72,moneydj,https://www.moneydj.com/Z/ZB/ZBA/CZBA1.DJBCD?a=EB026000
2026-03-23,TWSE,航運業,EB026000,32722.5,177.27,1.61,moneydj,https://www.moneydj.com/Z/ZB/ZBA/CZBA1.DJBCD?a=EB026000
2026-03-24,TWSE,航運業,EB026000,32612.24,177.58,1.19,moneydj,https://www.moneydj.com/Z/ZB/ZBA/CZBA1.DJBCD?a=EB026000
2026-03-25,TWSE,航運業,EB026000,33439.11,180.81,1.18,moneydj,https://www.moneydj.com/Z/ZB/ZBA/CZBA1.DJBCD?a=EB026000
2026-03-26,TWSE,航運業,EB026000,33337.62,178.26,0.78,moneydj,https://www.moneydj.com/Z/ZB/ZBA/CZBA1.DJBCD?a=EB026000
2026-03-27,TWSE,航運業,EB026000,33112.59,177.39,1.11,moneydj,https://www.moneydj.com/Z/ZB/ZBA/CZBA1.DJBCD?a=EB026000
2026-03-30,TWSE,航運業,EB026000,32518.16,178.27,1.2,moneydj,https://www.moneydj.com/Z/ZB/ZBA/CZBA1.DJBCD?a=EB026000
2026-03-31,TWSE,航運業,EB026000,31722.99,174.97,1.01,moneydj,https://www.moneydj.com/Z/ZB/ZBA/CZBA1.DJBCD?a=EB026000
2026-04-01,TWSE,航運業,EB026000,33174.82,178.95,0.91,moneydj,https://www.moneydj.com/Z/ZB/ZBA/CZBA1.DJBCD?a=EB026000
2026-04-02,TWSE,航運業,EB026000,32572.43,176.99,0.68,moneydj,https://www.moneydj.com/Z/ZB/ZBA/CZBA1.DJBCD?a=EB026000
2026-04-07,TWSE,航運業,EB026000,33229.82,177.16,0.61,moneydj,https://www.moneydj.com/Z/ZB/ZBA/CZBA1.DJBCD?a=EB026000
2026-04-08,TWSE,航運業,EB026000,34761.38,178.05,0.82,moneydj,https://www.moneydj.com/Z/ZB/ZBA/CZBA1.DJBCD?a=EB026000
2026-04-09,TWSE,航運業,EB026000,34861.16,177.46,0.64,moneydj,https://www.moneydj.com/Z/ZB/ZBA/CZBA1.DJBCD?a=EB026000
2026-04-10,TWSE,航運業,EB026000,35417.83,177.03,0.63,moneydj,https://www.moneydj.com/Z/ZB/ZBA/CZBA1.DJBCD?a=EB026000
2026-04-13,TWSE,航運業,EB026000,35457.29,176.08,0.76,moneydj,https://www.moneydj.com/Z/ZB/ZBA/CZBA1.DJBCD?a=EB026000
2026-04-14,TWSE,航運業,EB026000,36296.12,176.14,0.62,moneydj,https://www.moneydj.com/Z/ZB/ZBA/CZBA1.DJBCD?a=EB026000
2026-04-15,TWSE,航運業,EB026000,36722.14,178.03,0.81,moneydj,https://www.moneydj.com/Z/ZB/ZBA/CZBA1.DJBCD?a=EB026000
2026-04-16,TWSE,航運業,EB026000,37132.02,178.44,0.88,moneydj,https://www.moneydj.com/Z/ZB/ZBA/CZBA1.DJBCD?a=EB026000
2026-04-17,TWSE,航運業,EB026000,36804.34,177.32,0.84,moneydj,https://www.moneydj.com/Z/ZB/ZBA/CZBA1.DJBCD?a=EB026000
2026-04-20,TWSE,航運業,EB026000,36958.8,175.69,0.88,moneydj,https://www.moneydj.com/Z/ZB/ZBA/CZBA1.DJBCD?a=EB026000
2026-04-21,TWSE,航運業,EB026000,37605.11,177.28,0.66,moneydj,https://www.moneydj.com/Z/ZB/ZBA/CZBA1.DJBCD?a=EB026000
2026-04-22,TWSE,航運業,EB026000,37878.47,177.23,0.63,moneydj,https://www.moneydj.com/Z/ZB/ZBA/CZBA1.DJBCD?a=EB026000
2026-04-23,TWSE,航運業,EB026000,37714.15,174.99,0.77,moneydj,https://www.moneydj.com/Z/ZB/ZBA/CZBA1.DJBCD?a=EB026000
2026-04-24,TWSE,航運業,EB026000,38932.4,174.68,0.59,moneydj,https://www.moneydj.com/Z/ZB/ZBA/CZBA1.DJBCD?a=EB026000
2026-04-27,TWSE,航運業,EB026000,39616.63,173.41,0.5,moneydj,https://www.moneydj.com/Z/ZB/ZBA/CZBA1.DJBCD?a=EB026000
2026-04-28,TWSE,航運業,EB026000,39521.73,173.59,0.5,moneydj,https://www.moneydj.com/Z/ZB/ZBA/CZBA1.DJBCD?a=EB026000
2026-04-29,TWSE,航運業,EB026000,39303.5,174.61,0.46,moneydj,https://www.moneydj.com/Z/ZB/ZBA/CZBA1.DJBCD?a=EB026000
2026-04-30,TWSE,航運業,EB026000,38926.63,173.59,0.45,moneydj,https://www.moneydj.com/Z/ZB/ZBA/CZBA1.DJBCD?a=EB026000
2026-05-04,TWSE,航運業,EB026000,40705.14,176.19,0.68,moneydj,https://www.moneydj.com/Z/ZB/ZBA/CZBA1.DJBCD?a=EB026000
2026-05-05,TWSE,航運業,EB026000,40769.29,177.81,0.61,moneydj,https://www.moneydj.com/Z/ZB/ZBA/CZBA1.DJBCD?a=EB026000
2026-05-06,TWSE,航運業,EB026000,41138.85,179.01,0.53,moneydj,https://www.moneydj.com/Z/ZB/ZBA/CZBA1.DJBCD?a=EB026000
2026-05-07,TWSE,航運業,EB026000,41933.78,181.49,0.68,moneydj,https://www.moneydj.com/Z/ZB/ZBA/CZBA1.DJBCD?a=EB026000
2026-05-08,TWSE,航運業,EB026000,41603.94,180.73,0.74,moneydj,https://www.moneydj.com/Z/ZB/ZBA/CZBA1.DJBCD?a=EB026000
2026-05-11,TWSE,航運業,EB026000,41790.06,181.59,0.8,moneydj,https://www.moneydj.com/Z/ZB/ZBA/CZBA1.DJBCD?a=EB026000
2026-05-12,TWSE,航運業,EB026000,41898.32,179.76,0.51,moneydj,https://www.moneydj.com/Z/ZB/ZBA/CZBA1.DJBCD?a=EB026000
2026-05-13,TWSE,航運業,EB026000,41374.5,176.91,0.54,moneydj,https://www.moneydj.com/Z/ZB/ZBA/CZBA1.DJBCD?a=EB026000
2026-05-14,TWSE,航運業,EB026000,41751.75,177.04,0.64,moneydj,https://www.moneydj.com/Z/ZB/ZBA/CZBA1.DJBCD?a=EB026000
2026-05-15,TWSE,航運業,EB026000,41172.36,172.97,0.78,moneydj,https://www.moneydj.com/Z/ZB/ZBA/CZBA1.DJBCD?a=EB026000
2026-05-18,TWSE,航運業,EB026000,40891.82,172.76,0.81,moneydj,https://www.moneydj.com/Z/ZB/ZBA/CZBA1.DJBCD?a=EB026000
2026-05-19,TWSE,航運業,EB026000,40175.56,174.34,0.75,moneydj,https://www.moneydj.com/Z/ZB/ZBA/CZBA1.DJBCD?a=EB026000
2026-05-20,TWSE,航運業,EB026000,40020.82,178.29,1.57,moneydj,https://www.moneydj.com/Z/ZB/ZBA/CZBA1.DJBCD?a=EB026000
2026-05-21,TWSE,航運業,EB026000,41368.21,180.32,0.96,moneydj,https://www.moneydj.com/Z/ZB/ZBA/CZBA1.DJBCD?a=EB026000
2026-05-22,TWSE,航運業,EB026000,42267.97,183.55,1.22,moneydj,https://www.moneydj.com/Z/ZB/ZBA/CZBA1.DJBCD?a=EB026000
2026-05-25,TWSE,航運業,EB026000,43644.4,182.24,1.18,moneydj,https://www.moneydj.com/Z/ZB/ZBA/CZBA1.DJBCD?a=EB026000
2026-05-26,TWSE,航運業,EB026000,43525.37,180.76,0.85,moneydj,https://www.moneydj.com/Z/ZB/ZBA/CZBA1.DJBCD?a=EB026000
2026-05-27,TWSE,航運業,EB026000,44256.8,180.98,0.99,moneydj,https://www.moneydj.com/Z/ZB/ZBA/CZBA1.DJBCD?a=EB026000
2026-05-28,TWSE,航運業,EB026000,43636.44,180.76,0.87,moneydj,https://www.moneydj.com/Z/ZB/ZBA/CZBA1.DJBCD?a=EB026000
2026-05-29,TWSE,航運業,EB026000,44732.94,182.73,1.46,moneydj,https://www.moneydj.com/Z/ZB/ZBA/CZBA1.DJBCD?a=EB026000
2026-06-01,TWSE,航運業,EB026000,45337.91,189.66,1.33,moneydj,https://www.moneydj.com/Z/ZB/ZBA/CZBA1.DJBCD?a=EB026000
2026-06-02,TWSE,航運業,EB026000,45557.31,189.89,1.19,moneydj,https://www.moneydj.com/Z/ZB/ZBA/CZBA1.DJBCD?a=EB026000
2026-06-03,TWSE,航運業,EB026000,46459.16,192.0,1.37,moneydj,https://www.moneydj.com/Z/ZB/ZBA/CZBA1.DJBCD?a=EB026000
2026-06-04,TWSE,航運業,EB026000,45677.46,191.1,1.2,moneydj,https://www.moneydj.com/Z/ZB/ZBA/CZBA1.DJBCD?a=EB026000
2026-06-05,TWSE,航運業,EB026000,45070.94,191.74,1.41,moneydj,https://www.moneydj.com/Z/ZB/ZBA/CZBA1.DJBCD?a=EB026000
2026-06-08,TWSE,航運業,EB026000,43502.78,185.58,1.33,moneydj,https://www.moneydj.com/Z/ZB/ZBA/CZBA1.DJBCD?a=EB026000
2026-06-09,TWSE,航運業,EB026000,44704.44,186.84,1.21,moneydj,https://www.moneydj.com/Z/ZB/ZBA/CZBA1.DJBCD?a=EB026000
2026-03-13,TWSE,觀光餐旅,EB027000,33400.32,104.82,0.04,moneydj,https://www.moneydj.com/Z/ZB/ZBA/CZBA1.DJBCD?a=EB027000
2026-03-16,TWSE,觀光餐旅,EB027000,33342.51,104.58,0.04,moneydj,https://www.moneydj.com/Z/ZB/ZBA/CZBA1.DJBCD?a=EB027000
2026-03-17,TWSE,觀光餐旅,EB027000,33836.57,104.32,0.03,moneydj,https://www.moneydj.com/Z/ZB/ZBA/CZBA1.DJBCD?a=EB027000
2026-03-18,TWSE,觀光餐旅,EB027000,34348.58,104.27,0.03,moneydj,https://www.moneydj.com/Z/ZB/ZBA/CZBA1.DJBCD?a=EB027000
2026-03-19,TWSE,觀光餐旅,EB027000,33689.68,103.47,0.04,moneydj,https://www.moneydj.com/Z/ZB/ZBA/CZBA1.DJBCD?a=EB027000
2026-03-20,TWSE,觀光餐旅,EB027000,33543.88,103.81,0.02,moneydj,https://www.moneydj.com/Z/ZB/ZBA/CZBA1.DJBCD?a=EB027000
2026-03-23,TWSE,觀光餐旅,EB027000,32722.5,102.18,0.05,moneydj,https://www.moneydj.com/Z/ZB/ZBA/CZBA1.DJBCD?a=EB027000
2026-03-24,TWSE,觀光餐旅,EB027000,32612.24,103.33,0.07,moneydj,https://www.moneydj.com/Z/ZB/ZBA/CZBA1.DJBCD?a=EB027000
2026-03-25,TWSE,觀光餐旅,EB027000,33439.11,104.27,0.06,moneydj,https://www.moneydj.com/Z/ZB/ZBA/CZBA1.DJBCD?a=EB027000
2026-03-26,TWSE,觀光餐旅,EB027000,33337.62,103.72,0.03,moneydj,https://www.moneydj.com/Z/ZB/ZBA/CZBA1.DJBCD?a=EB027000
2026-03-27,TWSE,觀光餐旅,EB027000,33112.59,103.32,0.04,moneydj,https://www.moneydj.com/Z/ZB/ZBA/CZBA1.DJBCD?a=EB027000
2026-03-30,TWSE,觀光餐旅,EB027000,32518.16,102.58,0.06,moneydj,https://www.moneydj.com/Z/ZB/ZBA/CZBA1.DJBCD?a=EB027000
2026-03-31,TWSE,觀光餐旅,EB027000,31722.99,101.92,0.04,moneydj,https://www.moneydj.com/Z/ZB/ZBA/CZBA1.DJBCD?a=EB027000
2026-04-01,TWSE,觀光餐旅,EB027000,33174.82,103.76,0.05,moneydj,https://www.moneydj.com/Z/ZB/ZBA/CZBA1.DJBCD?a=EB027000
2026-04-02,TWSE,觀光餐旅,EB027000,32572.43,103.17,0.03,moneydj,https://www.moneydj.com/Z/ZB/ZBA/CZBA1.DJBCD?a=EB027000
2026-04-07,TWSE,觀光餐旅,EB027000,33229.82,103.52,0.03,moneydj,https://www.moneydj.com/Z/ZB/ZBA/CZBA1.DJBCD?a=EB027000
2026-04-08,TWSE,觀光餐旅,EB027000,34761.38,104.09,0.03,moneydj,https://www.moneydj.com/Z/ZB/ZBA/CZBA1.DJBCD?a=EB027000
2026-04-09,TWSE,觀光餐旅,EB027000,34861.16,103.53,0.04,moneydj,https://www.moneydj.com/Z/ZB/ZBA/CZBA1.DJBCD?a=EB027000
2026-04-10,TWSE,觀光餐旅,EB027000,35417.83,103.73,0.04,moneydj,https://www.moneydj.com/Z/ZB/ZBA/CZBA1.DJBCD?a=EB027000
2026-04-13,TWSE,觀光餐旅,EB027000,35457.29,105.99,0.13,moneydj,https://www.moneydj.com/Z/ZB/ZBA/CZBA1.DJBCD?a=EB027000
2026-04-14,TWSE,觀光餐旅,EB027000,36296.12,105.0,0.08,moneydj,https://www.moneydj.com/Z/ZB/ZBA/CZBA1.DJBCD?a=EB027000
2026-04-15,TWSE,觀光餐旅,EB027000,36722.14,104.96,0.05,moneydj,https://www.moneydj.com/Z/ZB/ZBA/CZBA1.DJBCD?a=EB027000
2026-04-16,TWSE,觀光餐旅,EB027000,37132.02,103.94,0.05,moneydj,https://www.moneydj.com/Z/ZB/ZBA/CZBA1.DJBCD?a=EB027000
2026-04-17,TWSE,觀光餐旅,EB027000,36804.34,103.99,0.03,moneydj,https://www.moneydj.com/Z/ZB/ZBA/CZBA1.DJBCD?a=EB027000
2026-04-20,TWSE,觀光餐旅,EB027000,36958.8,103.48,0.04,moneydj,https://www.moneydj.com/Z/ZB/ZBA/CZBA1.DJBCD?a=EB027000
2026-04-21,TWSE,觀光餐旅,EB027000,37605.11,103.17,0.03,moneydj,https://www.moneydj.com/Z/ZB/ZBA/CZBA1.DJBCD?a=EB027000
2026-04-22,TWSE,觀光餐旅,EB027000,37878.47,102.69,0.03,moneydj,https://www.moneydj.com/Z/ZB/ZBA/CZBA1.DJBCD?a=EB027000
2026-04-23,TWSE,觀光餐旅,EB027000,37714.15,101.38,0.04,moneydj,https://www.moneydj.com/Z/ZB/ZBA/CZBA1.DJBCD?a=EB027000
2026-04-24,TWSE,觀光餐旅,EB027000,38932.4,100.89,0.03,moneydj,https://www.moneydj.com/Z/ZB/ZBA/CZBA1.DJBCD?a=EB027000
2026-04-27,TWSE,觀光餐旅,EB027000,39616.63,100.91,0.04,moneydj,https://www.moneydj.com/Z/ZB/ZBA/CZBA1.DJBCD?a=EB027000
2026-04-28,TWSE,觀光餐旅,EB027000,39521.73,101.04,0.03,moneydj,https://www.moneydj.com/Z/ZB/ZBA/CZBA1.DJBCD?a=EB027000
2026-04-29,TWSE,觀光餐旅,EB027000,39303.5,100.93,0.03,moneydj,https://www.moneydj.com/Z/ZB/ZBA/CZBA1.DJBCD?a=EB027000
2026-04-30,TWSE,觀光餐旅,EB027000,38926.63,100.41,0.03,moneydj,https://www.moneydj.com/Z/ZB/ZBA/CZBA1.DJBCD?a=EB027000
2026-05-04,TWSE,觀光餐旅,EB027000,40705.14,101.47,0.03,moneydj,https://www.moneydj.com/Z/ZB/ZBA/CZBA1.DJBCD?a=EB027000
2026-05-05,TWSE,觀光餐旅,EB027000,40769.29,101.41,0.04,moneydj,https://www.moneydj.com/Z/ZB/ZBA/CZBA1.DJBCD?a=EB027000
2026-05-06,TWSE,觀光餐旅,EB027000,41138.85,102.09,0.03,moneydj,https://www.moneydj.com/Z/ZB/ZBA/CZBA1.DJBCD?a=EB027000
2026-05-07,TWSE,觀光餐旅,EB027000,41933.78,101.99,0.04,moneydj,https://www.moneydj.com/Z/ZB/ZBA/CZBA1.DJBCD?a=EB027000
2026-05-08,TWSE,觀光餐旅,EB027000,41603.94,101.98,0.07,moneydj,https://www.moneydj.com/Z/ZB/ZBA/CZBA1.DJBCD?a=EB027000
2026-05-11,TWSE,觀光餐旅,EB027000,41790.06,102.06,0.04,moneydj,https://www.moneydj.com/Z/ZB/ZBA/CZBA1.DJBCD?a=EB027000
2026-05-12,TWSE,觀光餐旅,EB027000,41898.32,101.51,0.04,moneydj,https://www.moneydj.com/Z/ZB/ZBA/CZBA1.DJBCD?a=EB027000
2026-05-13,TWSE,觀光餐旅,EB027000,41374.5,102.04,0.04,moneydj,https://www.moneydj.com/Z/ZB/ZBA/CZBA1.DJBCD?a=EB027000
2026-05-14,TWSE,觀光餐旅,EB027000,41751.75,101.07,0.04,moneydj,https://www.moneydj.com/Z/ZB/ZBA/CZBA1.DJBCD?a=EB027000
2026-05-15,TWSE,觀光餐旅,EB027000,41172.36,100.3,0.03,moneydj,https://www.moneydj.com/Z/ZB/ZBA/CZBA1.DJBCD?a=EB027000
2026-05-18,TWSE,觀光餐旅,EB027000,40891.82,99.84,0.04,moneydj,https://www.moneydj.com/Z/ZB/ZBA/CZBA1.DJBCD?a=EB027000
2026-05-19,TWSE,觀光餐旅,EB027000,40175.56,100.04,0.03,moneydj,https://www.moneydj.com/Z/ZB/ZBA/CZBA1.DJBCD?a=EB027000
2026-05-20,TWSE,觀光餐旅,EB027000,40020.82,99.81,0.03,moneydj,https://www.moneydj.com/Z/ZB/ZBA/CZBA1.DJBCD?a=EB027000
2026-05-21,TWSE,觀光餐旅,EB027000,41368.21,100.15,0.03,moneydj,https://www.moneydj.com/Z/ZB/ZBA/CZBA1.DJBCD?a=EB027000
2026-05-22,TWSE,觀光餐旅,EB027000,42267.97,99.97,0.03,moneydj,https://www.moneydj.com/Z/ZB/ZBA/CZBA1.DJBCD?a=EB027000
2026-05-25,TWSE,觀光餐旅,EB027000,43644.4,99.46,0.04,moneydj,https://www.moneydj.com/Z/ZB/ZBA/CZBA1.DJBCD?a=EB027000
2026-05-26,TWSE,觀光餐旅,EB027000,43525.37,100.0,0.04,moneydj,https://www.moneydj.com/Z/ZB/ZBA/CZBA1.DJBCD?a=EB027000
2026-05-27,TWSE,觀光餐旅,EB027000,44256.8,99.84,0.03,moneydj,https://www.moneydj.com/Z/ZB/ZBA/CZBA1.DJBCD?a=EB027000
2026-05-28,TWSE,觀光餐旅,EB027000,43636.44,99.51,0.03,moneydj,https://www.moneydj.com/Z/ZB/ZBA/CZBA1.DJBCD?a=EB027000
2026-05-29,TWSE,觀光餐旅,EB027000,44732.94,100.26,0.03,moneydj,https://www.moneydj.com/Z/ZB/ZBA/CZBA1.DJBCD?a=EB027000
2026-06-01,TWSE,觀光餐旅,EB027000,45337.91,101.12,0.03,moneydj,https://www.moneydj.com/Z/ZB/ZBA/CZBA1.DJBCD?a=EB027000
2026-06-02,TWSE,觀光餐旅,EB027000,45557.31,101.61,0.03,moneydj,https://www.moneydj.com/Z/ZB/ZBA/CZBA1.DJBCD?a=EB027000
2026-06-03,TWSE,觀光餐旅,EB027000,46459.16,102.68,0.04,moneydj,https://www.moneydj.com/Z/ZB/ZBA/CZBA1.DJBCD?a=EB027000
2026-06-04,TWSE,觀光餐旅,EB027000,45677.46,104.18,0.07,moneydj,https://www.moneydj.com/Z/ZB/ZBA/CZBA1.DJBCD?a=EB027000
2026-06-05,TWSE,觀光餐旅,EB027000,45070.94,103.92,0.06,moneydj,https://www.moneydj.com/Z/ZB/ZBA/CZBA1.DJBCD?a=EB027000
2026-06-08,TWSE,觀光餐旅,EB027000,43502.78,102.37,0.07,moneydj,https://www.moneydj.com/Z/ZB/ZBA/CZBA1.DJBCD?a=EB027000
2026-06-09,TWSE,觀光餐旅,EB027000,44704.44,101.97,0.08,moneydj,https://www.moneydj.com/Z/ZB/ZBA/CZBA1.DJBCD?a=EB027000
2026-03-13,TWSE,金融保險,EB028000,33400.32,2420.21,1.98,moneydj,https://www.moneydj.com/Z/ZB/ZBA/CZBA1.DJBCD?a=EB028000
2026-03-16,TWSE,金融保險,EB028000,33342.51,2430.14,1.98,moneydj,https://www.moneydj.com/Z/ZB/ZBA/CZBA1.DJBCD?a=EB028000
2026-03-17,TWSE,金融保險,EB028000,33836.57,2450.61,1.9,moneydj,https://www.moneydj.com/Z/ZB/ZBA/CZBA1.DJBCD?a=EB028000
2026-03-18,TWSE,金融保險,EB028000,34348.58,2451.8,1.46,moneydj,https://www.moneydj.com/Z/ZB/ZBA/CZBA1.DJBCD?a=EB028000
2026-03-19,TWSE,金融保險,EB028000,33689.68,2413.35,1.87,moneydj,https://www.moneydj.com/Z/ZB/ZBA/CZBA1.DJBCD?a=EB028000
2026-03-20,TWSE,金融保險,EB028000,33543.88,2423.6,2.13,moneydj,https://www.moneydj.com/Z/ZB/ZBA/CZBA1.DJBCD?a=EB028000
2026-03-23,TWSE,金融保險,EB028000,32722.5,2387.18,2.74,moneydj,https://www.moneydj.com/Z/ZB/ZBA/CZBA1.DJBCD?a=EB028000
2026-03-24,TWSE,金融保險,EB028000,32612.24,2404.54,1.92,moneydj,https://www.moneydj.com/Z/ZB/ZBA/CZBA1.DJBCD?a=EB028000
2026-03-25,TWSE,金融保險,EB028000,33439.11,2440.78,2.17,moneydj,https://www.moneydj.com/Z/ZB/ZBA/CZBA1.DJBCD?a=EB028000
2026-03-26,TWSE,金融保險,EB028000,33337.62,2432.59,1.42,moneydj,https://www.moneydj.com/Z/ZB/ZBA/CZBA1.DJBCD?a=EB028000
2026-03-27,TWSE,金融保險,EB028000,33112.59,2423.05,1.91,moneydj,https://www.moneydj.com/Z/ZB/ZBA/CZBA1.DJBCD?a=EB028000
2026-03-30,TWSE,金融保險,EB028000,32518.16,2390.11,2.65,moneydj,https://www.moneydj.com/Z/ZB/ZBA/CZBA1.DJBCD?a=EB028000
2026-03-31,TWSE,金融保險,EB028000,31722.99,2380.57,2.16,moneydj,https://www.moneydj.com/Z/ZB/ZBA/CZBA1.DJBCD?a=EB028000
2026-04-01,TWSE,金融保險,EB028000,33174.82,2440.62,2.46,moneydj,https://www.moneydj.com/Z/ZB/ZBA/CZBA1.DJBCD?a=EB028000
2026-04-02,TWSE,金融保險,EB028000,32572.43,2441.93,2.39,moneydj,https://www.moneydj.com/Z/ZB/ZBA/CZBA1.DJBCD?a=EB028000
2026-04-07,TWSE,金融保險,EB028000,33229.82,2461.64,2.06,moneydj,https://www.moneydj.com/Z/ZB/ZBA/CZBA1.DJBCD?a=EB028000
2026-04-08,TWSE,金融保險,EB028000,34761.38,2492.5,2.02,moneydj,https://www.moneydj.com/Z/ZB/ZBA/CZBA1.DJBCD?a=EB028000
2026-04-09,TWSE,金融保險,EB028000,34861.16,2490.16,1.98,moneydj,https://www.moneydj.com/Z/ZB/ZBA/CZBA1.DJBCD?a=EB028000
2026-04-10,TWSE,金融保險,EB028000,35417.83,2471.28,1.64,moneydj,https://www.moneydj.com/Z/ZB/ZBA/CZBA1.DJBCD?a=EB028000
2026-04-13,TWSE,金融保險,EB028000,35457.29,2450.7,1.68,moneydj,https://www.moneydj.com/Z/ZB/ZBA/CZBA1.DJBCD?a=EB028000
2026-04-14,TWSE,金融保險,EB028000,36296.12,2475.81,1.7,moneydj,https://www.moneydj.com/Z/ZB/ZBA/CZBA1.DJBCD?a=EB028000
2026-04-15,TWSE,金融保險,EB028000,36722.14,2486.85,1.68,moneydj,https://www.moneydj.com/Z/ZB/ZBA/CZBA1.DJBCD?a=EB028000
2026-04-16,TWSE,金融保險,EB028000,37132.02,2505.68,1.88,moneydj,https://www.moneydj.com/Z/ZB/ZBA/CZBA1.DJBCD?a=EB028000
2026-04-17,TWSE,金融保險,EB028000,36804.34,2495.5,1.72,moneydj,https://www.moneydj.com/Z/ZB/ZBA/CZBA1.DJBCD?a=EB028000
2026-04-20,TWSE,金融保險,EB028000,36958.8,2493.44,1.9,moneydj,https://www.moneydj.com/Z/ZB/ZBA/CZBA1.DJBCD?a=EB028000
2026-04-21,TWSE,金融保險,EB028000,37605.11,2486.9,1.71,moneydj,https://www.moneydj.com/Z/ZB/ZBA/CZBA1.DJBCD?a=EB028000
2026-04-22,TWSE,金融保險,EB028000,37878.47,2488.72,1.86,moneydj,https://www.moneydj.com/Z/ZB/ZBA/CZBA1.DJBCD?a=EB028000
2026-04-23,TWSE,金融保險,EB028000,37714.15,2469.45,1.54,moneydj,https://www.moneydj.com/Z/ZB/ZBA/CZBA1.DJBCD?a=EB028000
2026-04-24,TWSE,金融保險,EB028000,38932.4,2469.43,1.64,moneydj,https://www.moneydj.com/Z/ZB/ZBA/CZBA1.DJBCD?a=EB028000
2026-04-27,TWSE,金融保險,EB028000,39616.63,2469.02,1.66,moneydj,https://www.moneydj.com/Z/ZB/ZBA/CZBA1.DJBCD?a=EB028000
2026-04-28,TWSE,金融保險,EB028000,39521.73,2483.91,1.68,moneydj,https://www.moneydj.com/Z/ZB/ZBA/CZBA1.DJBCD?a=EB028000
2026-04-29,TWSE,金融保險,EB028000,39303.5,2510.94,2.41,moneydj,https://www.moneydj.com/Z/ZB/ZBA/CZBA1.DJBCD?a=EB028000
2026-04-30,TWSE,金融保險,EB028000,38926.63,2478.15,2.11,moneydj,https://www.moneydj.com/Z/ZB/ZBA/CZBA1.DJBCD?a=EB028000
2026-05-04,TWSE,金融保險,EB028000,40705.14,2474.0,2.39,moneydj,https://www.moneydj.com/Z/ZB/ZBA/CZBA1.DJBCD?a=EB028000
2026-05-05,TWSE,金融保險,EB028000,40769.29,2503.19,1.79,moneydj,https://www.moneydj.com/Z/ZB/ZBA/CZBA1.DJBCD?a=EB028000
2026-05-06,TWSE,金融保險,EB028000,41138.85,2532.24,1.56,moneydj,https://www.moneydj.com/Z/ZB/ZBA/CZBA1.DJBCD?a=EB028000
2026-05-07,TWSE,金融保險,EB028000,41933.78,2555.43,1.99,moneydj,https://www.moneydj.com/Z/ZB/ZBA/CZBA1.DJBCD?a=EB028000
2026-05-08,TWSE,金融保險,EB028000,41603.94,2577.67,2.0,moneydj,https://www.moneydj.com/Z/ZB/ZBA/CZBA1.DJBCD?a=EB028000
2026-05-11,TWSE,金融保險,EB028000,41790.06,2559.15,1.76,moneydj,https://www.moneydj.com/Z/ZB/ZBA/CZBA1.DJBCD?a=EB028000
2026-05-12,TWSE,金融保險,EB028000,41898.32,2506.32,2.04,moneydj,https://www.moneydj.com/Z/ZB/ZBA/CZBA1.DJBCD?a=EB028000
2026-05-13,TWSE,金融保險,EB028000,41374.5,2531.03,1.54,moneydj,https://www.moneydj.com/Z/ZB/ZBA/CZBA1.DJBCD?a=EB028000
2026-05-14,TWSE,金融保險,EB028000,41751.75,2521.32,1.48,moneydj,https://www.moneydj.com/Z/ZB/ZBA/CZBA1.DJBCD?a=EB028000
2026-05-15,TWSE,金融保險,EB028000,41172.36,2529.76,2.15,moneydj,https://www.moneydj.com/Z/ZB/ZBA/CZBA1.DJBCD?a=EB028000
2026-05-18,TWSE,金融保險,EB028000,40891.82,2508.68,1.79,moneydj,https://www.moneydj.com/Z/ZB/ZBA/CZBA1.DJBCD?a=EB028000
2026-05-19,TWSE,金融保險,EB028000,40175.56,2539.81,2.29,moneydj,https://www.moneydj.com/Z/ZB/ZBA/CZBA1.DJBCD?a=EB028000
2026-05-20,TWSE,金融保險,EB028000,40020.82,2539.21,2.73,moneydj,https://www.moneydj.com/Z/ZB/ZBA/CZBA1.DJBCD?a=EB028000
2026-05-21,TWSE,金融保險,EB028000,41368.21,2539.22,2.3,moneydj,https://www.moneydj.com/Z/ZB/ZBA/CZBA1.DJBCD?a=EB028000
2026-05-22,TWSE,金融保險,EB028000,42267.97,2536.33,1.96,moneydj,https://www.moneydj.com/Z/ZB/ZBA/CZBA1.DJBCD?a=EB028000
2026-05-25,TWSE,金融保險,EB028000,43644.4,2541.87,2.18,moneydj,https://www.moneydj.com/Z/ZB/ZBA/CZBA1.DJBCD?a=EB028000
2026-05-26,TWSE,金融保險,EB028000,43525.37,2580.59,2.32,moneydj,https://www.moneydj.com/Z/ZB/ZBA/CZBA1.DJBCD?a=EB028000
2026-05-27,TWSE,金融保險,EB028000,44256.8,2635.23,2.47,moneydj,https://www.moneydj.com/Z/ZB/ZBA/CZBA1.DJBCD?a=EB028000
2026-05-28,TWSE,金融保險,EB028000,43636.44,2622.39,2.41,moneydj,https://www.moneydj.com/Z/ZB/ZBA/CZBA1.DJBCD?a=EB028000
2026-05-29,TWSE,金融保險,EB028000,44732.94,2653.63,3.43,moneydj,https://www.moneydj.com/Z/ZB/ZBA/CZBA1.DJBCD?a=EB028000
2026-06-01,TWSE,金融保險,EB028000,45337.91,2703.64,2.52,moneydj,https://www.moneydj.com/Z/ZB/ZBA/CZBA1.DJBCD?a=EB028000
2026-06-02,TWSE,金融保險,EB028000,45557.31,2763.11,3.07,moneydj,https://www.moneydj.com/Z/ZB/ZBA/CZBA1.DJBCD?a=EB028000
2026-06-03,TWSE,金融保險,EB028000,46459.16,2881.65,3.65,moneydj,https://www.moneydj.com/Z/ZB/ZBA/CZBA1.DJBCD?a=EB028000
2026-06-04,TWSE,金融保險,EB028000,45677.46,2907.52,4.83,moneydj,https://www.moneydj.com/Z/ZB/ZBA/CZBA1.DJBCD?a=EB028000
2026-06-05,TWSE,金融保險,EB028000,45070.94,2930.55,3.72,moneydj,https://www.moneydj.com/Z/ZB/ZBA/CZBA1.DJBCD?a=EB028000
2026-06-08,TWSE,金融保險,EB028000,43502.78,2847.48,3.97,moneydj,https://www.moneydj.com/Z/ZB/ZBA/CZBA1.DJBCD?a=EB028000
2026-06-09,TWSE,金融保險,EB028000,44704.44,3026.92,4.72,moneydj,https://www.moneydj.com/Z/ZB/ZBA/CZBA1.DJBCD?a=EB028000
2026-03-13,TWSE,貿易百貨,EB029000,33400.32,233.08,0.12,moneydj,https://www.moneydj.com/Z/ZB/ZBA/CZBA1.DJBCD?a=EB029000
2026-03-16,TWSE,貿易百貨,EB029000,33342.51,232.11,0.13,moneydj,https://www.moneydj.com/Z/ZB/ZBA/CZBA1.DJBCD?a=EB029000
2026-03-17,TWSE,貿易百貨,EB029000,33836.57,232.92,0.07,moneydj,https://www.moneydj.com/Z/ZB/ZBA/CZBA1.DJBCD?a=EB029000
2026-03-18,TWSE,貿易百貨,EB029000,34348.58,232.11,0.07,moneydj,https://www.moneydj.com/Z/ZB/ZBA/CZBA1.DJBCD?a=EB029000
2026-03-19,TWSE,貿易百貨,EB029000,33689.68,227.64,0.15,moneydj,https://www.moneydj.com/Z/ZB/ZBA/CZBA1.DJBCD?a=EB029000
2026-03-20,TWSE,貿易百貨,EB029000,33543.88,229.08,0.42,moneydj,https://www.moneydj.com/Z/ZB/ZBA/CZBA1.DJBCD?a=EB029000
2026-03-23,TWSE,貿易百貨,EB029000,32722.5,222.8,0.23,moneydj,https://www.moneydj.com/Z/ZB/ZBA/CZBA1.DJBCD?a=EB029000
2026-03-24,TWSE,貿易百貨,EB029000,32612.24,226.43,0.16,moneydj,https://www.moneydj.com/Z/ZB/ZBA/CZBA1.DJBCD?a=EB029000
2026-03-25,TWSE,貿易百貨,EB029000,33439.11,227.27,0.09,moneydj,https://www.moneydj.com/Z/ZB/ZBA/CZBA1.DJBCD?a=EB029000
2026-03-26,TWSE,貿易百貨,EB029000,33337.62,230.25,0.09,moneydj,https://www.moneydj.com/Z/ZB/ZBA/CZBA1.DJBCD?a=EB029000
2026-03-27,TWSE,貿易百貨,EB029000,33112.59,232.22,0.13,moneydj,https://www.moneydj.com/Z/ZB/ZBA/CZBA1.DJBCD?a=EB029000
2026-03-30,TWSE,貿易百貨,EB029000,32518.16,232.05,0.14,moneydj,https://www.moneydj.com/Z/ZB/ZBA/CZBA1.DJBCD?a=EB029000
2026-03-31,TWSE,貿易百貨,EB029000,31722.99,232.05,0.11,moneydj,https://www.moneydj.com/Z/ZB/ZBA/CZBA1.DJBCD?a=EB029000
2026-04-01,TWSE,貿易百貨,EB029000,33174.82,234.03,0.09,moneydj,https://www.moneydj.com/Z/ZB/ZBA/CZBA1.DJBCD?a=EB029000
2026-04-02,TWSE,貿易百貨,EB029000,32572.43,234.63,0.11,moneydj,https://www.moneydj.com/Z/ZB/ZBA/CZBA1.DJBCD?a=EB029000
2026-04-07,TWSE,貿易百貨,EB029000,33229.82,236.88,0.1,moneydj,https://www.moneydj.com/Z/ZB/ZBA/CZBA1.DJBCD?a=EB029000
2026-04-08,TWSE,貿易百貨,EB029000,34761.38,236.38,0.07,moneydj,https://www.moneydj.com/Z/ZB/ZBA/CZBA1.DJBCD?a=EB029000
2026-04-09,TWSE,貿易百貨,EB029000,34861.16,237.09,0.07,moneydj,https://www.moneydj.com/Z/ZB/ZBA/CZBA1.DJBCD?a=EB029000
2026-04-10,TWSE,貿易百貨,EB029000,35417.83,234.19,0.06,moneydj,https://www.moneydj.com/Z/ZB/ZBA/CZBA1.DJBCD?a=EB029000
2026-04-13,TWSE,貿易百貨,EB029000,35457.29,232.29,0.1,moneydj,https://www.moneydj.com/Z/ZB/ZBA/CZBA1.DJBCD?a=EB029000
2026-04-14,TWSE,貿易百貨,EB029000,36296.12,234.07,0.06,moneydj,https://www.moneydj.com/Z/ZB/ZBA/CZBA1.DJBCD?a=EB029000
2026-04-15,TWSE,貿易百貨,EB029000,36722.14,236.95,0.07,moneydj,https://www.moneydj.com/Z/ZB/ZBA/CZBA1.DJBCD?a=EB029000
2026-04-16,TWSE,貿易百貨,EB029000,37132.02,238.1,0.11,moneydj,https://www.moneydj.com/Z/ZB/ZBA/CZBA1.DJBCD?a=EB029000
2026-04-17,TWSE,貿易百貨,EB029000,36804.34,239.89,0.11,moneydj,https://www.moneydj.com/Z/ZB/ZBA/CZBA1.DJBCD?a=EB029000
2026-04-20,TWSE,貿易百貨,EB029000,36958.8,239.41,0.12,moneydj,https://www.moneydj.com/Z/ZB/ZBA/CZBA1.DJBCD?a=EB029000
2026-04-21,TWSE,貿易百貨,EB029000,37605.11,238.6,0.1,moneydj,https://www.moneydj.com/Z/ZB/ZBA/CZBA1.DJBCD?a=EB029000
2026-04-22,TWSE,貿易百貨,EB029000,37878.47,239.14,0.11,moneydj,https://www.moneydj.com/Z/ZB/ZBA/CZBA1.DJBCD?a=EB029000
2026-04-23,TWSE,貿易百貨,EB029000,37714.15,235.62,0.06,moneydj,https://www.moneydj.com/Z/ZB/ZBA/CZBA1.DJBCD?a=EB029000
2026-04-24,TWSE,貿易百貨,EB029000,38932.4,231.32,0.09,moneydj,https://www.moneydj.com/Z/ZB/ZBA/CZBA1.DJBCD?a=EB029000
2026-04-27,TWSE,貿易百貨,EB029000,39616.63,229.57,0.05,moneydj,https://www.moneydj.com/Z/ZB/ZBA/CZBA1.DJBCD?a=EB029000
2026-04-28,TWSE,貿易百貨,EB029000,39521.73,229.04,0.06,moneydj,https://www.moneydj.com/Z/ZB/ZBA/CZBA1.DJBCD?a=EB029000
2026-04-29,TWSE,貿易百貨,EB029000,39303.5,229.64,0.08,moneydj,https://www.moneydj.com/Z/ZB/ZBA/CZBA1.DJBCD?a=EB029000
2026-04-30,TWSE,貿易百貨,EB029000,38926.63,228.76,0.07,moneydj,https://www.moneydj.com/Z/ZB/ZBA/CZBA1.DJBCD?a=EB029000
2026-05-04,TWSE,貿易百貨,EB029000,40705.14,228.72,0.07,moneydj,https://www.moneydj.com/Z/ZB/ZBA/CZBA1.DJBCD?a=EB029000
2026-05-05,TWSE,貿易百貨,EB029000,40769.29,227.74,0.06,moneydj,https://www.moneydj.com/Z/ZB/ZBA/CZBA1.DJBCD?a=EB029000
2026-05-06,TWSE,貿易百貨,EB029000,41138.85,229.87,0.05,moneydj,https://www.moneydj.com/Z/ZB/ZBA/CZBA1.DJBCD?a=EB029000
2026-05-07,TWSE,貿易百貨,EB029000,41933.78,231.07,0.08,moneydj,https://www.moneydj.com/Z/ZB/ZBA/CZBA1.DJBCD?a=EB029000
2026-05-08,TWSE,貿易百貨,EB029000,41603.94,232.95,0.07,moneydj,https://www.moneydj.com/Z/ZB/ZBA/CZBA1.DJBCD?a=EB029000
2026-05-11,TWSE,貿易百貨,EB029000,41790.06,230.26,0.06,moneydj,https://www.moneydj.com/Z/ZB/ZBA/CZBA1.DJBCD?a=EB029000
2026-05-12,TWSE,貿易百貨,EB029000,41898.32,228.83,0.04,moneydj,https://www.moneydj.com/Z/ZB/ZBA/CZBA1.DJBCD?a=EB029000
2026-05-13,TWSE,貿易百貨,EB029000,41374.5,228.37,0.05,moneydj,https://www.moneydj.com/Z/ZB/ZBA/CZBA1.DJBCD?a=EB029000
2026-05-14,TWSE,貿易百貨,EB029000,41751.75,228.56,0.04,moneydj,https://www.moneydj.com/Z/ZB/ZBA/CZBA1.DJBCD?a=EB029000
2026-05-15,TWSE,貿易百貨,EB029000,41172.36,229.2,0.05,moneydj,https://www.moneydj.com/Z/ZB/ZBA/CZBA1.DJBCD?a=EB029000
2026-05-18,TWSE,貿易百貨,EB029000,40891.82,228.74,0.08,moneydj,https://www.moneydj.com/Z/ZB/ZBA/CZBA1.DJBCD?a=EB029000
2026-05-19,TWSE,貿易百貨,EB029000,40175.56,230.48,0.08,moneydj,https://www.moneydj.com/Z/ZB/ZBA/CZBA1.DJBCD?a=EB029000
2026-05-20,TWSE,貿易百貨,EB029000,40020.82,226.31,0.14,moneydj,https://www.moneydj.com/Z/ZB/ZBA/CZBA1.DJBCD?a=EB029000
2026-05-21,TWSE,貿易百貨,EB029000,41368.21,225.98,0.15,moneydj,https://www.moneydj.com/Z/ZB/ZBA/CZBA1.DJBCD?a=EB029000
2026-05-22,TWSE,貿易百貨,EB029000,42267.97,225.16,0.13,moneydj,https://www.moneydj.com/Z/ZB/ZBA/CZBA1.DJBCD?a=EB029000
2026-05-25,TWSE,貿易百貨,EB029000,43644.4,219.73,0.17,moneydj,https://www.moneydj.com/Z/ZB/ZBA/CZBA1.DJBCD?a=EB029000
2026-05-26,TWSE,貿易百貨,EB029000,43525.37,219.03,0.18,moneydj,https://www.moneydj.com/Z/ZB/ZBA/CZBA1.DJBCD?a=EB029000
2026-05-27,TWSE,貿易百貨,EB029000,44256.8,216.36,0.19,moneydj,https://www.moneydj.com/Z/ZB/ZBA/CZBA1.DJBCD?a=EB029000
2026-05-28,TWSE,貿易百貨,EB029000,43636.44,216.82,0.21,moneydj,https://www.moneydj.com/Z/ZB/ZBA/CZBA1.DJBCD?a=EB029000
2026-05-29,TWSE,貿易百貨,EB029000,44732.94,221.75,0.24,moneydj,https://www.moneydj.com/Z/ZB/ZBA/CZBA1.DJBCD?a=EB029000
2026-06-01,TWSE,貿易百貨,EB029000,45337.91,231.71,0.23,moneydj,https://www.moneydj.com/Z/ZB/ZBA/CZBA1.DJBCD?a=EB029000
2026-06-02,TWSE,貿易百貨,EB029000,45557.31,236.46,0.2,moneydj,https://www.moneydj.com/Z/ZB/ZBA/CZBA1.DJBCD?a=EB029000
2026-06-03,TWSE,貿易百貨,EB029000,46459.16,242.62,0.23,moneydj,https://www.moneydj.com/Z/ZB/ZBA/CZBA1.DJBCD?a=EB029000
2026-06-04,TWSE,貿易百貨,EB029000,45677.46,248.25,0.29,moneydj,https://www.moneydj.com/Z/ZB/ZBA/CZBA1.DJBCD?a=EB029000
2026-06-05,TWSE,貿易百貨,EB029000,45070.94,239.63,0.14,moneydj,https://www.moneydj.com/Z/ZB/ZBA/CZBA1.DJBCD?a=EB029000
2026-06-08,TWSE,貿易百貨,EB029000,43502.78,231.12,0.14,moneydj,https://www.moneydj.com/Z/ZB/ZBA/CZBA1.DJBCD?a=EB029000
2026-06-09,TWSE,貿易百貨,EB029000,44704.44,233.28,0.09,moneydj,https://www.moneydj.com/Z/ZB/ZBA/CZBA1.DJBCD?a=EB029000
2026-03-13,TWSE,油電燃氣,EB040000,33400.32,80.5,0.63,moneydj,https://www.moneydj.com/Z/ZB/ZBA/CZBA1.DJBCD?a=EB040000
2026-03-16,TWSE,油電燃氣,EB040000,33342.51,80.7,0.25,moneydj,https://www.moneydj.com/Z/ZB/ZBA/CZBA1.DJBCD?a=EB040000
2026-03-17,TWSE,油電燃氣,EB040000,33836.57,78.91,0.19,moneydj,https://www.moneydj.com/Z/ZB/ZBA/CZBA1.DJBCD?a=EB040000
2026-03-18,TWSE,油電燃氣,EB040000,34348.58,79.32,0.1,moneydj,https://www.moneydj.com/Z/ZB/ZBA/CZBA1.DJBCD?a=EB040000
2026-03-19,TWSE,油電燃氣,EB040000,33689.68,80.04,0.35,moneydj,https://www.moneydj.com/Z/ZB/ZBA/CZBA1.DJBCD?a=EB040000
2026-03-20,TWSE,油電燃氣,EB040000,33543.88,78.41,0.17,moneydj,https://www.moneydj.com/Z/ZB/ZBA/CZBA1.DJBCD?a=EB040000
2026-03-23,TWSE,油電燃氣,EB040000,32722.5,76.77,0.35,moneydj,https://www.moneydj.com/Z/ZB/ZBA/CZBA1.DJBCD?a=EB040000
2026-03-24,TWSE,油電燃氣,EB040000,32612.24,77.07,0.21,moneydj,https://www.moneydj.com/Z/ZB/ZBA/CZBA1.DJBCD?a=EB040000
2026-03-25,TWSE,油電燃氣,EB040000,33439.11,76.35,0.16,moneydj,https://www.moneydj.com/Z/ZB/ZBA/CZBA1.DJBCD?a=EB040000
2026-03-26,TWSE,油電燃氣,EB040000,33337.62,77.9,0.17,moneydj,https://www.moneydj.com/Z/ZB/ZBA/CZBA1.DJBCD?a=EB040000
2026-03-27,TWSE,油電燃氣,EB040000,33112.59,78.71,0.15,moneydj,https://www.moneydj.com/Z/ZB/ZBA/CZBA1.DJBCD?a=EB040000
2026-03-30,TWSE,油電燃氣,EB040000,32518.16,78.64,0.31,moneydj,https://www.moneydj.com/Z/ZB/ZBA/CZBA1.DJBCD?a=EB040000
2026-03-31,TWSE,油電燃氣,EB040000,31722.99,76.9,0.13,moneydj,https://www.moneydj.com/Z/ZB/ZBA/CZBA1.DJBCD?a=EB040000
2026-04-01,TWSE,油電燃氣,EB040000,33174.82,77.63,0.19,moneydj,https://www.moneydj.com/Z/ZB/ZBA/CZBA1.DJBCD?a=EB040000
2026-04-02,TWSE,油電燃氣,EB040000,32572.43,76.43,0.09,moneydj,https://www.moneydj.com/Z/ZB/ZBA/CZBA1.DJBCD?a=EB040000
2026-04-07,TWSE,油電燃氣,EB040000,33229.82,78.85,0.21,moneydj,https://www.moneydj.com/Z/ZB/ZBA/CZBA1.DJBCD?a=EB040000
2026-04-08,TWSE,油電燃氣,EB040000,34761.38,75.87,0.15,moneydj,https://www.moneydj.com/Z/ZB/ZBA/CZBA1.DJBCD?a=EB040000
2026-04-09,TWSE,油電燃氣,EB040000,34861.16,73.93,0.12,moneydj,https://www.moneydj.com/Z/ZB/ZBA/CZBA1.DJBCD?a=EB040000
2026-04-10,TWSE,油電燃氣,EB040000,35417.83,73.18,0.08,moneydj,https://www.moneydj.com/Z/ZB/ZBA/CZBA1.DJBCD?a=EB040000
2026-04-13,TWSE,油電燃氣,EB040000,35457.29,76.87,0.17,moneydj,https://www.moneydj.com/Z/ZB/ZBA/CZBA1.DJBCD?a=EB040000
2026-04-14,TWSE,油電燃氣,EB040000,36296.12,78.17,0.15,moneydj,https://www.moneydj.com/Z/ZB/ZBA/CZBA1.DJBCD?a=EB040000
2026-04-15,TWSE,油電燃氣,EB040000,36722.14,76.1,0.08,moneydj,https://www.moneydj.com/Z/ZB/ZBA/CZBA1.DJBCD?a=EB040000
2026-04-16,TWSE,油電燃氣,EB040000,37132.02,76.95,0.07,moneydj,https://www.moneydj.com/Z/ZB/ZBA/CZBA1.DJBCD?a=EB040000
2026-04-17,TWSE,油電燃氣,EB040000,36804.34,76.79,0.07,moneydj,https://www.moneydj.com/Z/ZB/ZBA/CZBA1.DJBCD?a=EB040000
2026-04-20,TWSE,油電燃氣,EB040000,36958.8,75.81,0.07,moneydj,https://www.moneydj.com/Z/ZB/ZBA/CZBA1.DJBCD?a=EB040000
2026-04-21,TWSE,油電燃氣,EB040000,37605.11,74.6,0.06,moneydj,https://www.moneydj.com/Z/ZB/ZBA/CZBA1.DJBCD?a=EB040000
2026-04-22,TWSE,油電燃氣,EB040000,37878.47,74.21,0.04,moneydj,https://www.moneydj.com/Z/ZB/ZBA/CZBA1.DJBCD?a=EB040000
2026-04-23,TWSE,油電燃氣,EB040000,37714.15,72.92,0.06,moneydj,https://www.moneydj.com/Z/ZB/ZBA/CZBA1.DJBCD?a=EB040000
2026-04-24,TWSE,油電燃氣,EB040000,38932.4,72.78,0.05,moneydj,https://www.moneydj.com/Z/ZB/ZBA/CZBA1.DJBCD?a=EB040000
2026-04-27,TWSE,油電燃氣,EB040000,39616.63,73.07,0.04,moneydj,https://www.moneydj.com/Z/ZB/ZBA/CZBA1.DJBCD?a=EB040000
2026-04-28,TWSE,油電燃氣,EB040000,39521.73,74.38,0.05,moneydj,https://www.moneydj.com/Z/ZB/ZBA/CZBA1.DJBCD?a=EB040000
2026-04-29,TWSE,油電燃氣,EB040000,39303.5,75.61,0.06,moneydj,https://www.moneydj.com/Z/ZB/ZBA/CZBA1.DJBCD?a=EB040000
2026-04-30,TWSE,油電燃氣,EB040000,38926.63,78.37,0.12,moneydj,https://www.moneydj.com/Z/ZB/ZBA/CZBA1.DJBCD?a=EB040000
2026-05-04,TWSE,油電燃氣,EB040000,40705.14,75.65,0.08,moneydj,https://www.moneydj.com/Z/ZB/ZBA/CZBA1.DJBCD?a=EB040000
2026-05-05,TWSE,油電燃氣,EB040000,40769.29,77.51,0.07,moneydj,https://www.moneydj.com/Z/ZB/ZBA/CZBA1.DJBCD?a=EB040000
2026-05-06,TWSE,油電燃氣,EB040000,41138.85,76.71,0.03,moneydj,https://www.moneydj.com/Z/ZB/ZBA/CZBA1.DJBCD?a=EB040000
2026-05-07,TWSE,油電燃氣,EB040000,41933.78,73.76,0.08,moneydj,https://www.moneydj.com/Z/ZB/ZBA/CZBA1.DJBCD?a=EB040000
2026-05-08,TWSE,油電燃氣,EB040000,41603.94,74.82,0.07,moneydj,https://www.moneydj.com/Z/ZB/ZBA/CZBA1.DJBCD?a=EB040000
2026-05-11,TWSE,油電燃氣,EB040000,41790.06,76.22,0.09,moneydj,https://www.moneydj.com/Z/ZB/ZBA/CZBA1.DJBCD?a=EB040000
2026-05-12,TWSE,油電燃氣,EB040000,41898.32,75.15,0.05,moneydj,https://www.moneydj.com/Z/ZB/ZBA/CZBA1.DJBCD?a=EB040000
2026-05-13,TWSE,油電燃氣,EB040000,41374.5,75.45,0.11,moneydj,https://www.moneydj.com/Z/ZB/ZBA/CZBA1.DJBCD?a=EB040000
2026-05-14,TWSE,油電燃氣,EB040000,41751.75,74.93,0.13,moneydj,https://www.moneydj.com/Z/ZB/ZBA/CZBA1.DJBCD?a=EB040000
2026-05-15,TWSE,油電燃氣,EB040000,41172.36,73.97,0.1,moneydj,https://www.moneydj.com/Z/ZB/ZBA/CZBA1.DJBCD?a=EB040000
2026-05-18,TWSE,油電燃氣,EB040000,40891.82,73.47,0.13,moneydj,https://www.moneydj.com/Z/ZB/ZBA/CZBA1.DJBCD?a=EB040000
2026-05-19,TWSE,油電燃氣,EB040000,40175.56,73.57,0.07,moneydj,https://www.moneydj.com/Z/ZB/ZBA/CZBA1.DJBCD?a=EB040000
2026-05-20,TWSE,油電燃氣,EB040000,40020.82,73.73,0.09,moneydj,https://www.moneydj.com/Z/ZB/ZBA/CZBA1.DJBCD?a=EB040000
2026-05-21,TWSE,油電燃氣,EB040000,41368.21,73.96,0.09,moneydj,https://www.moneydj.com/Z/ZB/ZBA/CZBA1.DJBCD?a=EB040000
2026-05-22,TWSE,油電燃氣,EB040000,42267.97,73.59,0.06,moneydj,https://www.moneydj.com/Z/ZB/ZBA/CZBA1.DJBCD?a=EB040000
2026-05-25,TWSE,油電燃氣,EB040000,43644.4,71.95,0.13,moneydj,https://www.moneydj.com/Z/ZB/ZBA/CZBA1.DJBCD?a=EB040000
2026-05-26,TWSE,油電燃氣,EB040000,43525.37,72.35,0.1,moneydj,https://www.moneydj.com/Z/ZB/ZBA/CZBA1.DJBCD?a=EB040000
2026-05-27,TWSE,油電燃氣,EB040000,44256.8,73.68,0.14,moneydj,https://www.moneydj.com/Z/ZB/ZBA/CZBA1.DJBCD?a=EB040000
2026-05-28,TWSE,油電燃氣,EB040000,43636.44,72.94,0.11,moneydj,https://www.moneydj.com/Z/ZB/ZBA/CZBA1.DJBCD?a=EB040000
2026-05-29,TWSE,油電燃氣,EB040000,44732.94,74.65,0.07,moneydj,https://www.moneydj.com/Z/ZB/ZBA/CZBA1.DJBCD?a=EB040000
2026-06-01,TWSE,油電燃氣,EB040000,45337.91,76.99,0.09,moneydj,https://www.moneydj.com/Z/ZB/ZBA/CZBA1.DJBCD?a=EB040000
2026-06-02,TWSE,油電燃氣,EB040000,45557.31,78.44,0.07,moneydj,https://www.moneydj.com/Z/ZB/ZBA/CZBA1.DJBCD?a=EB040000
2026-06-03,TWSE,油電燃氣,EB040000,46459.16,80.44,0.12,moneydj,https://www.moneydj.com/Z/ZB/ZBA/CZBA1.DJBCD?a=EB040000
2026-06-04,TWSE,油電燃氣,EB040000,45677.46,82.59,0.17,moneydj,https://www.moneydj.com/Z/ZB/ZBA/CZBA1.DJBCD?a=EB040000
2026-06-05,TWSE,油電燃氣,EB040000,45070.94,79.66,0.11,moneydj,https://www.moneydj.com/Z/ZB/ZBA/CZBA1.DJBCD?a=EB040000
2026-06-08,TWSE,油電燃氣,EB040000,43502.78,76.13,0.09,moneydj,https://www.moneydj.com/Z/ZB/ZBA/CZBA1.DJBCD?a=EB040000
2026-06-09,TWSE,油電燃氣,EB040000,44704.44,76.53,0.16,moneydj,https://www.moneydj.com/Z/ZB/ZBA/CZBA1.DJBCD?a=EB040000
2026-03-13,TWSE,綠能環保,EB041000,33400.32,109.94,0.51,moneydj,https://www.moneydj.com/Z/ZB/ZBA/CZBA1.DJBCD?a=EB041000
2026-03-16,TWSE,綠能環保,EB041000,33342.51,109.91,0.41,moneydj,https://www.moneydj.com/Z/ZB/ZBA/CZBA1.DJBCD?a=EB041000
2026-03-17,TWSE,綠能環保,EB041000,33836.57,110.32,0.31,moneydj,https://www.moneydj.com/Z/ZB/ZBA/CZBA1.DJBCD?a=EB041000
2026-03-18,TWSE,綠能環保,EB041000,34348.58,110.9,0.46,moneydj,https://www.moneydj.com/Z/ZB/ZBA/CZBA1.DJBCD?a=EB041000
2026-03-19,TWSE,綠能環保,EB041000,33689.68,109.66,0.34,moneydj,https://www.moneydj.com/Z/ZB/ZBA/CZBA1.DJBCD?a=EB041000
2026-03-20,TWSE,綠能環保,EB041000,33543.88,109.1,0.4,moneydj,https://www.moneydj.com/Z/ZB/ZBA/CZBA1.DJBCD?a=EB041000
2026-03-23,TWSE,綠能環保,EB041000,32722.5,105.82,0.35,moneydj,https://www.moneydj.com/Z/ZB/ZBA/CZBA1.DJBCD?a=EB041000
2026-03-24,TWSE,綠能環保,EB041000,32612.24,105.83,0.34,moneydj,https://www.moneydj.com/Z/ZB/ZBA/CZBA1.DJBCD?a=EB041000
2026-03-25,TWSE,綠能環保,EB041000,33439.11,109.08,0.39,moneydj,https://www.moneydj.com/Z/ZB/ZBA/CZBA1.DJBCD?a=EB041000
2026-03-26,TWSE,綠能環保,EB041000,33337.62,107.64,0.43,moneydj,https://www.moneydj.com/Z/ZB/ZBA/CZBA1.DJBCD?a=EB041000
2026-03-27,TWSE,綠能環保,EB041000,33112.59,108.18,0.35,moneydj,https://www.moneydj.com/Z/ZB/ZBA/CZBA1.DJBCD?a=EB041000
2026-03-30,TWSE,綠能環保,EB041000,32518.16,106.91,0.33,moneydj,https://www.moneydj.com/Z/ZB/ZBA/CZBA1.DJBCD?a=EB041000
2026-03-31,TWSE,綠能環保,EB041000,31722.99,105.17,0.31,moneydj,https://www.moneydj.com/Z/ZB/ZBA/CZBA1.DJBCD?a=EB041000
2026-04-01,TWSE,綠能環保,EB041000,33174.82,107.49,0.39,moneydj,https://www.moneydj.com/Z/ZB/ZBA/CZBA1.DJBCD?a=EB041000
2026-04-02,TWSE,綠能環保,EB041000,32572.43,104.72,0.45,moneydj,https://www.moneydj.com/Z/ZB/ZBA/CZBA1.DJBCD?a=EB041000
2026-04-07,TWSE,綠能環保,EB041000,33229.82,106.19,0.48,moneydj,https://www.moneydj.com/Z/ZB/ZBA/CZBA1.DJBCD?a=EB041000
2026-04-08,TWSE,綠能環保,EB041000,34761.38,110.98,0.49,moneydj,https://www.moneydj.com/Z/ZB/ZBA/CZBA1.DJBCD?a=EB041000
2026-04-09,TWSE,綠能環保,EB041000,34861.16,111.88,0.44,moneydj,https://www.moneydj.com/Z/ZB/ZBA/CZBA1.DJBCD?a=EB041000
2026-04-10,TWSE,綠能環保,EB041000,35417.83,112.79,0.34,moneydj,https://www.moneydj.com/Z/ZB/ZBA/CZBA1.DJBCD?a=EB041000
2026-04-13,TWSE,綠能環保,EB041000,35457.29,113.3,0.5,moneydj,https://www.moneydj.com/Z/ZB/ZBA/CZBA1.DJBCD?a=EB041000
2026-04-14,TWSE,綠能環保,EB041000,36296.12,114.94,0.24,moneydj,https://www.moneydj.com/Z/ZB/ZBA/CZBA1.DJBCD?a=EB041000
2026-04-15,TWSE,綠能環保,EB041000,36722.14,116.8,0.35,moneydj,https://www.moneydj.com/Z/ZB/ZBA/CZBA1.DJBCD?a=EB041000
2026-04-16,TWSE,綠能環保,EB041000,37132.02,116.75,0.33,moneydj,https://www.moneydj.com/Z/ZB/ZBA/CZBA1.DJBCD?a=EB041000
2026-04-17,TWSE,綠能環保,EB041000,36804.34,117.26,0.26,moneydj,https://www.moneydj.com/Z/ZB/ZBA/CZBA1.DJBCD?a=EB041000
2026-04-20,TWSE,綠能環保,EB041000,36958.8,117.92,0.27,moneydj,https://www.moneydj.com/Z/ZB/ZBA/CZBA1.DJBCD?a=EB041000
2026-04-21,TWSE,綠能環保,EB041000,37605.11,118.65,0.27,moneydj,https://www.moneydj.com/Z/ZB/ZBA/CZBA1.DJBCD?a=EB041000
2026-04-22,TWSE,綠能環保,EB041000,37878.47,120.04,0.31,moneydj,https://www.moneydj.com/Z/ZB/ZBA/CZBA1.DJBCD?a=EB041000
2026-04-23,TWSE,綠能環保,EB041000,37714.15,118.6,0.28,moneydj,https://www.moneydj.com/Z/ZB/ZBA/CZBA1.DJBCD?a=EB041000
2026-04-24,TWSE,綠能環保,EB041000,38932.4,116.89,0.26,moneydj,https://www.moneydj.com/Z/ZB/ZBA/CZBA1.DJBCD?a=EB041000
2026-04-27,TWSE,綠能環保,EB041000,39616.63,114.22,0.24,moneydj,https://www.moneydj.com/Z/ZB/ZBA/CZBA1.DJBCD?a=EB041000
2026-04-28,TWSE,綠能環保,EB041000,39521.73,114.95,0.14,moneydj,https://www.moneydj.com/Z/ZB/ZBA/CZBA1.DJBCD?a=EB041000
2026-04-29,TWSE,綠能環保,EB041000,39303.5,114.73,0.16,moneydj,https://www.moneydj.com/Z/ZB/ZBA/CZBA1.DJBCD?a=EB041000
2026-04-30,TWSE,綠能環保,EB041000,38926.63,115.29,0.16,moneydj,https://www.moneydj.com/Z/ZB/ZBA/CZBA1.DJBCD?a=EB041000
2026-05-04,TWSE,綠能環保,EB041000,40705.14,115.77,0.17,moneydj,https://www.moneydj.com/Z/ZB/ZBA/CZBA1.DJBCD?a=EB041000
2026-05-05,TWSE,綠能環保,EB041000,40769.29,117.63,0.24,moneydj,https://www.moneydj.com/Z/ZB/ZBA/CZBA1.DJBCD?a=EB041000
2026-05-06,TWSE,綠能環保,EB041000,41138.85,116.42,0.24,moneydj,https://www.moneydj.com/Z/ZB/ZBA/CZBA1.DJBCD?a=EB041000
2026-05-07,TWSE,綠能環保,EB041000,41933.78,119.47,0.28,moneydj,https://www.moneydj.com/Z/ZB/ZBA/CZBA1.DJBCD?a=EB041000
2026-05-08,TWSE,綠能環保,EB041000,41603.94,119.23,0.26,moneydj,https://www.moneydj.com/Z/ZB/ZBA/CZBA1.DJBCD?a=EB041000
2026-05-11,TWSE,綠能環保,EB041000,41790.06,118.91,0.27,moneydj,https://www.moneydj.com/Z/ZB/ZBA/CZBA1.DJBCD?a=EB041000
2026-05-12,TWSE,綠能環保,EB041000,41898.32,117.49,0.23,moneydj,https://www.moneydj.com/Z/ZB/ZBA/CZBA1.DJBCD?a=EB041000
2026-05-13,TWSE,綠能環保,EB041000,41374.5,118.1,0.22,moneydj,https://www.moneydj.com/Z/ZB/ZBA/CZBA1.DJBCD?a=EB041000
2026-05-14,TWSE,綠能環保,EB041000,41751.75,116.5,0.24,moneydj,https://www.moneydj.com/Z/ZB/ZBA/CZBA1.DJBCD?a=EB041000
2026-05-15,TWSE,綠能環保,EB041000,41172.36,116.5,0.31,moneydj,https://www.moneydj.com/Z/ZB/ZBA/CZBA1.DJBCD?a=EB041000
2026-05-18,TWSE,綠能環保,EB041000,40891.82,117.55,0.32,moneydj,https://www.moneydj.com/Z/ZB/ZBA/CZBA1.DJBCD?a=EB041000
2026-05-19,TWSE,綠能環保,EB041000,40175.56,116.24,0.21,moneydj,https://www.moneydj.com/Z/ZB/ZBA/CZBA1.DJBCD?a=EB041000
2026-05-20,TWSE,綠能環保,EB041000,40020.82,117.68,0.21,moneydj,https://www.moneydj.com/Z/ZB/ZBA/CZBA1.DJBCD?a=EB041000
2026-05-21,TWSE,綠能環保,EB041000,41368.21,122.09,0.3,moneydj,https://www.moneydj.com/Z/ZB/ZBA/CZBA1.DJBCD?a=EB041000
2026-05-22,TWSE,綠能環保,EB041000,42267.97,122.71,0.32,moneydj,https://www.moneydj.com/Z/ZB/ZBA/CZBA1.DJBCD?a=EB041000
2026-05-25,TWSE,綠能環保,EB041000,43644.4,123.05,0.14,moneydj,https://www.moneydj.com/Z/ZB/ZBA/CZBA1.DJBCD?a=EB041000
2026-05-26,TWSE,綠能環保,EB041000,43525.37,123.83,0.17,moneydj,https://www.moneydj.com/Z/ZB/ZBA/CZBA1.DJBCD?a=EB041000
2026-05-27,TWSE,綠能環保,EB041000,44256.8,122.97,0.16,moneydj,https://www.moneydj.com/Z/ZB/ZBA/CZBA1.DJBCD?a=EB041000
2026-05-28,TWSE,綠能環保,EB041000,43636.44,124.44,0.16,moneydj,https://www.moneydj.com/Z/ZB/ZBA/CZBA1.DJBCD?a=EB041000
2026-05-29,TWSE,綠能環保,EB041000,44732.94,128.52,0.15,moneydj,https://www.moneydj.com/Z/ZB/ZBA/CZBA1.DJBCD?a=EB041000
2026-06-01,TWSE,綠能環保,EB041000,45337.91,131.25,0.17,moneydj,https://www.moneydj.com/Z/ZB/ZBA/CZBA1.DJBCD?a=EB041000
2026-06-02,TWSE,綠能環保,EB041000,45557.31,131.2,0.19,moneydj,https://www.moneydj.com/Z/ZB/ZBA/CZBA1.DJBCD?a=EB041000
2026-06-03,TWSE,綠能環保,EB041000,46459.16,133.12,0.19,moneydj,https://www.moneydj.com/Z/ZB/ZBA/CZBA1.DJBCD?a=EB041000
2026-06-04,TWSE,綠能環保,EB041000,45677.46,136.37,0.29,moneydj,https://www.moneydj.com/Z/ZB/ZBA/CZBA1.DJBCD?a=EB041000
2026-06-05,TWSE,綠能環保,EB041000,45070.94,135.64,0.19,moneydj,https://www.moneydj.com/Z/ZB/ZBA/CZBA1.DJBCD?a=EB041000
2026-06-08,TWSE,綠能環保,EB041000,43502.78,133.07,0.21,moneydj,https://www.moneydj.com/Z/ZB/ZBA/CZBA1.DJBCD?a=EB041000
2026-06-09,TWSE,綠能環保,EB041000,44704.44,137.11,0.2,moneydj,https://www.moneydj.com/Z/ZB/ZBA/CZBA1.DJBCD?a=EB041000
2026-03-13,TWSE,數位雲端,EB042000,33400.32,34.81,0.07,moneydj,https://www.moneydj.com/Z/ZB/ZBA/CZBA1.DJBCD?a=EB042000
2026-03-16,TWSE,數位雲端,EB042000,33342.51,34.92,0.05,moneydj,https://www.moneydj.com/Z/ZB/ZBA/CZBA1.DJBCD?a=EB042000
2026-03-17,TWSE,數位雲端,EB042000,33836.57,35.4,0.04,moneydj,https://www.moneydj.com/Z/ZB/ZBA/CZBA1.DJBCD?a=EB042000
2026-03-18,TWSE,數位雲端,EB042000,34348.58,35.65,0.05,moneydj,https://www.moneydj.com/Z/ZB/ZBA/CZBA1.DJBCD?a=EB042000
2026-03-19,TWSE,數位雲端,EB042000,33689.68,35.02,0.08,moneydj,https://www.moneydj.com/Z/ZB/ZBA/CZBA1.DJBCD?a=EB042000
2026-03-20,TWSE,數位雲端,EB042000,33543.88,34.98,0.06,moneydj,https://www.moneydj.com/Z/ZB/ZBA/CZBA1.DJBCD?a=EB042000
2026-03-23,TWSE,數位雲端,EB042000,32722.5,34.57,0.07,moneydj,https://www.moneydj.com/Z/ZB/ZBA/CZBA1.DJBCD?a=EB042000
2026-03-24,TWSE,數位雲端,EB042000,32612.24,34.61,0.08,moneydj,https://www.moneydj.com/Z/ZB/ZBA/CZBA1.DJBCD?a=EB042000
2026-03-25,TWSE,數位雲端,EB042000,33439.11,35.08,0.05,moneydj,https://www.moneydj.com/Z/ZB/ZBA/CZBA1.DJBCD?a=EB042000
2026-03-26,TWSE,數位雲端,EB042000,33337.62,35.06,0.04,moneydj,https://www.moneydj.com/Z/ZB/ZBA/CZBA1.DJBCD?a=EB042000
2026-03-27,TWSE,數位雲端,EB042000,33112.59,35.04,0.03,moneydj,https://www.moneydj.com/Z/ZB/ZBA/CZBA1.DJBCD?a=EB042000
2026-03-30,TWSE,數位雲端,EB042000,32518.16,34.99,0.06,moneydj,https://www.moneydj.com/Z/ZB/ZBA/CZBA1.DJBCD?a=EB042000
2026-03-31,TWSE,數位雲端,EB042000,31722.99,34.32,0.04,moneydj,https://www.moneydj.com/Z/ZB/ZBA/CZBA1.DJBCD?a=EB042000
2026-04-01,TWSE,數位雲端,EB042000,33174.82,34.88,0.12,moneydj,https://www.moneydj.com/Z/ZB/ZBA/CZBA1.DJBCD?a=EB042000
2026-04-02,TWSE,數位雲端,EB042000,32572.43,34.69,0.04,moneydj,https://www.moneydj.com/Z/ZB/ZBA/CZBA1.DJBCD?a=EB042000
2026-04-07,TWSE,數位雲端,EB042000,33229.82,34.55,0.05,moneydj,https://www.moneydj.com/Z/ZB/ZBA/CZBA1.DJBCD?a=EB042000
2026-04-08,TWSE,數位雲端,EB042000,34761.38,35.33,0.04,moneydj,https://www.moneydj.com/Z/ZB/ZBA/CZBA1.DJBCD?a=EB042000
2026-04-09,TWSE,數位雲端,EB042000,34861.16,35.04,0.03,moneydj,https://www.moneydj.com/Z/ZB/ZBA/CZBA1.DJBCD?a=EB042000
2026-04-10,TWSE,數位雲端,EB042000,35417.83,35.1,0.03,moneydj,https://www.moneydj.com/Z/ZB/ZBA/CZBA1.DJBCD?a=EB042000
2026-04-13,TWSE,數位雲端,EB042000,35457.29,34.87,0.04,moneydj,https://www.moneydj.com/Z/ZB/ZBA/CZBA1.DJBCD?a=EB042000
2026-04-14,TWSE,數位雲端,EB042000,36296.12,35.13,0.03,moneydj,https://www.moneydj.com/Z/ZB/ZBA/CZBA1.DJBCD?a=EB042000
2026-04-15,TWSE,數位雲端,EB042000,36722.14,34.91,0.03,moneydj,https://www.moneydj.com/Z/ZB/ZBA/CZBA1.DJBCD?a=EB042000
2026-04-16,TWSE,數位雲端,EB042000,37132.02,35.38,0.03,moneydj,https://www.moneydj.com/Z/ZB/ZBA/CZBA1.DJBCD?a=EB042000
2026-04-17,TWSE,數位雲端,EB042000,36804.34,34.84,0.05,moneydj,https://www.moneydj.com/Z/ZB/ZBA/CZBA1.DJBCD?a=EB042000
2026-04-20,TWSE,數位雲端,EB042000,36958.8,34.68,0.05,moneydj,https://www.moneydj.com/Z/ZB/ZBA/CZBA1.DJBCD?a=EB042000
2026-04-21,TWSE,數位雲端,EB042000,37605.11,34.88,0.03,moneydj,https://www.moneydj.com/Z/ZB/ZBA/CZBA1.DJBCD?a=EB042000
2026-04-22,TWSE,數位雲端,EB042000,37878.47,35.04,0.04,moneydj,https://www.moneydj.com/Z/ZB/ZBA/CZBA1.DJBCD?a=EB042000
2026-04-23,TWSE,數位雲端,EB042000,37714.15,34.49,0.05,moneydj,https://www.moneydj.com/Z/ZB/ZBA/CZBA1.DJBCD?a=EB042000
2026-04-24,TWSE,數位雲端,EB042000,38932.4,33.91,0.06,moneydj,https://www.moneydj.com/Z/ZB/ZBA/CZBA1.DJBCD?a=EB042000
2026-04-27,TWSE,數位雲端,EB042000,39616.63,33.62,0.04,moneydj,https://www.moneydj.com/Z/ZB/ZBA/CZBA1.DJBCD?a=EB042000
2026-04-28,TWSE,數位雲端,EB042000,39521.73,33.81,0.03,moneydj,https://www.moneydj.com/Z/ZB/ZBA/CZBA1.DJBCD?a=EB042000
2026-04-29,TWSE,數位雲端,EB042000,39303.5,34.01,0.06,moneydj,https://www.moneydj.com/Z/ZB/ZBA/CZBA1.DJBCD?a=EB042000
2026-04-30,TWSE,數位雲端,EB042000,38926.63,33.84,0.05,moneydj,https://www.moneydj.com/Z/ZB/ZBA/CZBA1.DJBCD?a=EB042000
2026-05-04,TWSE,數位雲端,EB042000,40705.14,34.38,0.05,moneydj,https://www.moneydj.com/Z/ZB/ZBA/CZBA1.DJBCD?a=EB042000
2026-05-05,TWSE,數位雲端,EB042000,40769.29,34.47,0.03,moneydj,https://www.moneydj.com/Z/ZB/ZBA/CZBA1.DJBCD?a=EB042000
2026-05-06,TWSE,數位雲端,EB042000,41138.85,34.99,0.03,moneydj,https://www.moneydj.com/Z/ZB/ZBA/CZBA1.DJBCD?a=EB042000
2026-05-07,TWSE,數位雲端,EB042000,41933.78,35.63,0.05,moneydj,https://www.moneydj.com/Z/ZB/ZBA/CZBA1.DJBCD?a=EB042000
2026-05-08,TWSE,數位雲端,EB042000,41603.94,36.21,0.05,moneydj,https://www.moneydj.com/Z/ZB/ZBA/CZBA1.DJBCD?a=EB042000
2026-05-11,TWSE,數位雲端,EB042000,41790.06,36.17,0.04,moneydj,https://www.moneydj.com/Z/ZB/ZBA/CZBA1.DJBCD?a=EB042000
2026-05-12,TWSE,數位雲端,EB042000,41898.32,35.47,0.03,moneydj,https://www.moneydj.com/Z/ZB/ZBA/CZBA1.DJBCD?a=EB042000
2026-05-13,TWSE,數位雲端,EB042000,41374.5,35.97,0.03,moneydj,https://www.moneydj.com/Z/ZB/ZBA/CZBA1.DJBCD?a=EB042000
2026-05-14,TWSE,數位雲端,EB042000,41751.75,35.41,0.02,moneydj,https://www.moneydj.com/Z/ZB/ZBA/CZBA1.DJBCD?a=EB042000
2026-05-15,TWSE,數位雲端,EB042000,41172.36,34.98,0.02,moneydj,https://www.moneydj.com/Z/ZB/ZBA/CZBA1.DJBCD?a=EB042000
2026-05-18,TWSE,數位雲端,EB042000,40891.82,35.47,0.03,moneydj,https://www.moneydj.com/Z/ZB/ZBA/CZBA1.DJBCD?a=EB042000
2026-05-19,TWSE,數位雲端,EB042000,40175.56,36.01,0.05,moneydj,https://www.moneydj.com/Z/ZB/ZBA/CZBA1.DJBCD?a=EB042000
2026-05-20,TWSE,數位雲端,EB042000,40020.82,35.72,0.04,moneydj,https://www.moneydj.com/Z/ZB/ZBA/CZBA1.DJBCD?a=EB042000
2026-05-21,TWSE,數位雲端,EB042000,41368.21,35.85,0.04,moneydj,https://www.moneydj.com/Z/ZB/ZBA/CZBA1.DJBCD?a=EB042000
2026-05-22,TWSE,數位雲端,EB042000,42267.97,36.22,0.04,moneydj,https://www.moneydj.com/Z/ZB/ZBA/CZBA1.DJBCD?a=EB042000
2026-05-25,TWSE,數位雲端,EB042000,43644.4,35.91,0.05,moneydj,https://www.moneydj.com/Z/ZB/ZBA/CZBA1.DJBCD?a=EB042000
2026-05-26,TWSE,數位雲端,EB042000,43525.37,35.98,0.03,moneydj,https://www.moneydj.com/Z/ZB/ZBA/CZBA1.DJBCD?a=EB042000
2026-05-27,TWSE,數位雲端,EB042000,44256.8,36.02,0.03,moneydj,https://www.moneydj.com/Z/ZB/ZBA/CZBA1.DJBCD?a=EB042000
2026-05-28,TWSE,數位雲端,EB042000,43636.44,37.62,0.05,moneydj,https://www.moneydj.com/Z/ZB/ZBA/CZBA1.DJBCD?a=EB042000
2026-05-29,TWSE,數位雲端,EB042000,44732.94,39.57,0.06,moneydj,https://www.moneydj.com/Z/ZB/ZBA/CZBA1.DJBCD?a=EB042000
2026-06-01,TWSE,數位雲端,EB042000,45337.91,41.4,0.13,moneydj,https://www.moneydj.com/Z/ZB/ZBA/CZBA1.DJBCD?a=EB042000
2026-06-02,TWSE,數位雲端,EB042000,45557.31,42.93,0.11,moneydj,https://www.moneydj.com/Z/ZB/ZBA/CZBA1.DJBCD?a=EB042000
2026-06-03,TWSE,數位雲端,EB042000,46459.16,45.36,0.15,moneydj,https://www.moneydj.com/Z/ZB/ZBA/CZBA1.DJBCD?a=EB042000
2026-06-04,TWSE,數位雲端,EB042000,45677.46,47.72,0.21,moneydj,https://www.moneydj.com/Z/ZB/ZBA/CZBA1.DJBCD?a=EB042000
2026-06-05,TWSE,數位雲端,EB042000,45070.94,50.99,0.13,moneydj,https://www.moneydj.com/Z/ZB/ZBA/CZBA1.DJBCD?a=EB042000
2026-06-08,TWSE,數位雲端,EB042000,43502.78,53.24,0.14,moneydj,https://www.moneydj.com/Z/ZB/ZBA/CZBA1.DJBCD?a=EB042000
2026-06-09,TWSE,數位雲端,EB042000,44704.44,57.26,0.15,moneydj,https://www.moneydj.com/Z/ZB/ZBA/CZBA1.DJBCD?a=EB042000
2026-03-13,TWSE,運動休閒,EB043000,33400.32,61.64,0.21,moneydj,https://www.moneydj.com/Z/ZB/ZBA/CZBA1.DJBCD?a=EB043000
2026-03-16,TWSE,運動休閒,EB043000,33342.51,62.27,0.23,moneydj,https://www.moneydj.com/Z/ZB/ZBA/CZBA1.DJBCD?a=EB043000
2026-03-17,TWSE,運動休閒,EB043000,33836.57,62.17,0.17,moneydj,https://www.moneydj.com/Z/ZB/ZBA/CZBA1.DJBCD?a=EB043000
2026-03-18,TWSE,運動休閒,EB043000,34348.58,62.21,0.14,moneydj,https://www.moneydj.com/Z/ZB/ZBA/CZBA1.DJBCD?a=EB043000
2026-03-19,TWSE,運動休閒,EB043000,33689.68,60.49,0.19,moneydj,https://www.moneydj.com/Z/ZB/ZBA/CZBA1.DJBCD?a=EB043000
2026-03-20,TWSE,運動休閒,EB043000,33543.88,60.86,0.15,moneydj,https://www.moneydj.com/Z/ZB/ZBA/CZBA1.DJBCD?a=EB043000
2026-03-23,TWSE,運動休閒,EB043000,32722.5,60.8,0.19,moneydj,https://www.moneydj.com/Z/ZB/ZBA/CZBA1.DJBCD?a=EB043000
2026-03-24,TWSE,運動休閒,EB043000,32612.24,60.33,0.15,moneydj,https://www.moneydj.com/Z/ZB/ZBA/CZBA1.DJBCD?a=EB043000
2026-03-25,TWSE,運動休閒,EB043000,33439.11,60.67,0.13,moneydj,https://www.moneydj.com/Z/ZB/ZBA/CZBA1.DJBCD?a=EB043000
2026-03-26,TWSE,運動休閒,EB043000,33337.62,60.38,0.11,moneydj,https://www.moneydj.com/Z/ZB/ZBA/CZBA1.DJBCD?a=EB043000
2026-03-27,TWSE,運動休閒,EB043000,33112.59,60.35,0.13,moneydj,https://www.moneydj.com/Z/ZB/ZBA/CZBA1.DJBCD?a=EB043000
2026-03-30,TWSE,運動休閒,EB043000,32518.16,59.43,0.16,moneydj,https://www.moneydj.com/Z/ZB/ZBA/CZBA1.DJBCD?a=EB043000
2026-03-31,TWSE,運動休閒,EB043000,31722.99,59.04,0.09,moneydj,https://www.moneydj.com/Z/ZB/ZBA/CZBA1.DJBCD?a=EB043000
2026-04-01,TWSE,運動休閒,EB043000,33174.82,60.43,0.15,moneydj,https://www.moneydj.com/Z/ZB/ZBA/CZBA1.DJBCD?a=EB043000
2026-04-02,TWSE,運動休閒,EB043000,32572.43,59.18,0.16,moneydj,https://www.moneydj.com/Z/ZB/ZBA/CZBA1.DJBCD?a=EB043000
2026-04-07,TWSE,運動休閒,EB043000,33229.82,58.68,0.17,moneydj,https://www.moneydj.com/Z/ZB/ZBA/CZBA1.DJBCD?a=EB043000
2026-04-08,TWSE,運動休閒,EB043000,34761.38,59.61,0.13,moneydj,https://www.moneydj.com/Z/ZB/ZBA/CZBA1.DJBCD?a=EB043000
2026-04-09,TWSE,運動休閒,EB043000,34861.16,58.14,0.19,moneydj,https://www.moneydj.com/Z/ZB/ZBA/CZBA1.DJBCD?a=EB043000
2026-04-10,TWSE,運動休閒,EB043000,35417.83,58.05,0.15,moneydj,https://www.moneydj.com/Z/ZB/ZBA/CZBA1.DJBCD?a=EB043000
2026-04-13,TWSE,運動休閒,EB043000,35457.29,58.14,0.21,moneydj,https://www.moneydj.com/Z/ZB/ZBA/CZBA1.DJBCD?a=EB043000
2026-04-14,TWSE,運動休閒,EB043000,36296.12,58.05,0.11,moneydj,https://www.moneydj.com/Z/ZB/ZBA/CZBA1.DJBCD?a=EB043000
2026-04-15,TWSE,運動休閒,EB043000,36722.14,58.21,0.1,moneydj,https://www.moneydj.com/Z/ZB/ZBA/CZBA1.DJBCD?a=EB043000
2026-04-16,TWSE,運動休閒,EB043000,37132.02,59.56,0.16,moneydj,https://www.moneydj.com/Z/ZB/ZBA/CZBA1.DJBCD?a=EB043000
2026-04-17,TWSE,運動休閒,EB043000,36804.34,59.17,0.15,moneydj,https://www.moneydj.com/Z/ZB/ZBA/CZBA1.DJBCD?a=EB043000
2026-04-20,TWSE,運動休閒,EB043000,36958.8,58.73,0.19,moneydj,https://www.moneydj.com/Z/ZB/ZBA/CZBA1.DJBCD?a=EB043000
2026-04-21,TWSE,運動休閒,EB043000,37605.11,58.77,0.16,moneydj,https://www.moneydj.com/Z/ZB/ZBA/CZBA1.DJBCD?a=EB043000
2026-04-22,TWSE,運動休閒,EB043000,37878.47,58.33,0.17,moneydj,https://www.moneydj.com/Z/ZB/ZBA/CZBA1.DJBCD?a=EB043000
2026-04-23,TWSE,運動休閒,EB043000,37714.15,57.26,0.13,moneydj,https://www.moneydj.com/Z/ZB/ZBA/CZBA1.DJBCD?a=EB043000
2026-04-24,TWSE,運動休閒,EB043000,38932.4,56.22,0.15,moneydj,https://www.moneydj.com/Z/ZB/ZBA/CZBA1.DJBCD?a=EB043000
2026-04-27,TWSE,運動休閒,EB043000,39616.63,55.89,0.12,moneydj,https://www.moneydj.com/Z/ZB/ZBA/CZBA1.DJBCD?a=EB043000
2026-04-28,TWSE,運動休閒,EB043000,39521.73,56.65,0.16,moneydj,https://www.moneydj.com/Z/ZB/ZBA/CZBA1.DJBCD?a=EB043000
2026-04-29,TWSE,運動休閒,EB043000,39303.5,56.46,0.12,moneydj,https://www.moneydj.com/Z/ZB/ZBA/CZBA1.DJBCD?a=EB043000
2026-04-30,TWSE,運動休閒,EB043000,38926.63,56.0,0.11,moneydj,https://www.moneydj.com/Z/ZB/ZBA/CZBA1.DJBCD?a=EB043000
2026-05-04,TWSE,運動休閒,EB043000,40705.14,56.35,0.12,moneydj,https://www.moneydj.com/Z/ZB/ZBA/CZBA1.DJBCD?a=EB043000
2026-05-05,TWSE,運動休閒,EB043000,40769.29,56.32,0.11,moneydj,https://www.moneydj.com/Z/ZB/ZBA/CZBA1.DJBCD?a=EB043000
2026-05-06,TWSE,運動休閒,EB043000,41138.85,55.95,0.08,moneydj,https://www.moneydj.com/Z/ZB/ZBA/CZBA1.DJBCD?a=EB043000
2026-05-07,TWSE,運動休閒,EB043000,41933.78,56.56,0.13,moneydj,https://www.moneydj.com/Z/ZB/ZBA/CZBA1.DJBCD?a=EB043000
2026-05-08,TWSE,運動休閒,EB043000,41603.94,56.72,0.11,moneydj,https://www.moneydj.com/Z/ZB/ZBA/CZBA1.DJBCD?a=EB043000
2026-05-11,TWSE,運動休閒,EB043000,41790.06,57.54,0.15,moneydj,https://www.moneydj.com/Z/ZB/ZBA/CZBA1.DJBCD?a=EB043000
2026-05-12,TWSE,運動休閒,EB043000,41898.32,57.8,0.13,moneydj,https://www.moneydj.com/Z/ZB/ZBA/CZBA1.DJBCD?a=EB043000
2026-05-13,TWSE,運動休閒,EB043000,41374.5,57.38,0.13,moneydj,https://www.moneydj.com/Z/ZB/ZBA/CZBA1.DJBCD?a=EB043000
2026-05-14,TWSE,運動休閒,EB043000,41751.75,56.74,0.11,moneydj,https://www.moneydj.com/Z/ZB/ZBA/CZBA1.DJBCD?a=EB043000
2026-05-15,TWSE,運動休閒,EB043000,41172.36,57.27,0.16,moneydj,https://www.moneydj.com/Z/ZB/ZBA/CZBA1.DJBCD?a=EB043000
2026-05-18,TWSE,運動休閒,EB043000,40891.82,57.29,0.17,moneydj,https://www.moneydj.com/Z/ZB/ZBA/CZBA1.DJBCD?a=EB043000
2026-05-19,TWSE,運動休閒,EB043000,40175.56,57.21,0.13,moneydj,https://www.moneydj.com/Z/ZB/ZBA/CZBA1.DJBCD?a=EB043000
2026-05-20,TWSE,運動休閒,EB043000,40020.82,56.8,0.13,moneydj,https://www.moneydj.com/Z/ZB/ZBA/CZBA1.DJBCD?a=EB043000
2026-05-21,TWSE,運動休閒,EB043000,41368.21,56.87,0.12,moneydj,https://www.moneydj.com/Z/ZB/ZBA/CZBA1.DJBCD?a=EB043000
2026-05-22,TWSE,運動休閒,EB043000,42267.97,56.61,0.1,moneydj,https://www.moneydj.com/Z/ZB/ZBA/CZBA1.DJBCD?a=EB043000
2026-05-25,TWSE,運動休閒,EB043000,43644.4,56.22,0.09,moneydj,https://www.moneydj.com/Z/ZB/ZBA/CZBA1.DJBCD?a=EB043000
2026-05-26,TWSE,運動休閒,EB043000,43525.37,56.0,0.07,moneydj,https://www.moneydj.com/Z/ZB/ZBA/CZBA1.DJBCD?a=EB043000
2026-05-27,TWSE,運動休閒,EB043000,44256.8,55.67,0.09,moneydj,https://www.moneydj.com/Z/ZB/ZBA/CZBA1.DJBCD?a=EB043000
2026-05-28,TWSE,運動休閒,EB043000,43636.44,55.75,0.09,moneydj,https://www.moneydj.com/Z/ZB/ZBA/CZBA1.DJBCD?a=EB043000
2026-05-29,TWSE,運動休閒,EB043000,44732.94,56.57,0.09,moneydj,https://www.moneydj.com/Z/ZB/ZBA/CZBA1.DJBCD?a=EB043000
2026-06-01,TWSE,運動休閒,EB043000,45337.91,57.77,0.12,moneydj,https://www.moneydj.com/Z/ZB/ZBA/CZBA1.DJBCD?a=EB043000
2026-06-02,TWSE,運動休閒,EB043000,45557.31,59.79,0.18,moneydj,https://www.moneydj.com/Z/ZB/ZBA/CZBA1.DJBCD?a=EB043000
2026-06-03,TWSE,運動休閒,EB043000,46459.16,61.25,0.25,moneydj,https://www.moneydj.com/Z/ZB/ZBA/CZBA1.DJBCD?a=EB043000
2026-06-04,TWSE,運動休閒,EB043000,45677.46,61.41,0.28,moneydj,https://www.moneydj.com/Z/ZB/ZBA/CZBA1.DJBCD?a=EB043000
2026-06-05,TWSE,運動休閒,EB043000,45070.94,61.23,0.35,moneydj,https://www.moneydj.com/Z/ZB/ZBA/CZBA1.DJBCD?a=EB043000
2026-06-08,TWSE,運動休閒,EB043000,43502.78,61.07,0.27,moneydj,https://www.moneydj.com/Z/ZB/ZBA/CZBA1.DJBCD?a=EB043000
2026-06-09,TWSE,運動休閒,EB043000,44704.44,63.65,0.24,moneydj,https://www.moneydj.com/Z/ZB/ZBA/CZBA1.DJBCD?a=EB043000
2026-03-13,TWSE,居家生活,EB044000,33400.32,106.23,0.06,moneydj,https://www.moneydj.com/Z/ZB/ZBA/CZBA1.DJBCD?a=EB044000
2026-03-16,TWSE,居家生活,EB044000,33342.51,108.82,0.07,moneydj,https://www.moneydj.com/Z/ZB/ZBA/CZBA1.DJBCD?a=EB044000
2026-03-17,TWSE,居家生活,EB044000,33836.57,109.22,0.05,moneydj,https://www.moneydj.com/Z/ZB/ZBA/CZBA1.DJBCD?a=EB044000
2026-03-18,TWSE,居家生活,EB044000,34348.58,108.12,0.05,moneydj,https://www.moneydj.com/Z/ZB/ZBA/CZBA1.DJBCD?a=EB044000
2026-03-19,TWSE,居家生活,EB044000,33689.68,105.46,0.08,moneydj,https://www.moneydj.com/Z/ZB/ZBA/CZBA1.DJBCD?a=EB044000
2026-03-20,TWSE,居家生活,EB044000,33543.88,105.5,0.03,moneydj,https://www.moneydj.com/Z/ZB/ZBA/CZBA1.DJBCD?a=EB044000
2026-03-23,TWSE,居家生活,EB044000,32722.5,104.14,0.03,moneydj,https://www.moneydj.com/Z/ZB/ZBA/CZBA1.DJBCD?a=EB044000
2026-03-24,TWSE,居家生活,EB044000,32612.24,105.24,0.05,moneydj,https://www.moneydj.com/Z/ZB/ZBA/CZBA1.DJBCD?a=EB044000
2026-03-25,TWSE,居家生活,EB044000,33439.11,98.36,0.16,moneydj,https://www.moneydj.com/Z/ZB/ZBA/CZBA1.DJBCD?a=EB044000
2026-03-26,TWSE,居家生活,EB044000,33337.62,97.3,0.08,moneydj,https://www.moneydj.com/Z/ZB/ZBA/CZBA1.DJBCD?a=EB044000
2026-03-27,TWSE,居家生活,EB044000,33112.59,98.0,0.07,moneydj,https://www.moneydj.com/Z/ZB/ZBA/CZBA1.DJBCD?a=EB044000
2026-03-30,TWSE,居家生活,EB044000,32518.16,95.87,0.05,moneydj,https://www.moneydj.com/Z/ZB/ZBA/CZBA1.DJBCD?a=EB044000
2026-03-31,TWSE,居家生活,EB044000,31722.99,94.85,0.07,moneydj,https://www.moneydj.com/Z/ZB/ZBA/CZBA1.DJBCD?a=EB044000
2026-04-01,TWSE,居家生活,EB044000,33174.82,97.46,0.09,moneydj,https://www.moneydj.com/Z/ZB/ZBA/CZBA1.DJBCD?a=EB044000
2026-04-02,TWSE,居家生活,EB044000,32572.43,95.66,0.07,moneydj,https://www.moneydj.com/Z/ZB/ZBA/CZBA1.DJBCD?a=EB044000
2026-04-07,TWSE,居家生活,EB044000,33229.82,96.57,0.06,moneydj,https://www.moneydj.com/Z/ZB/ZBA/CZBA1.DJBCD?a=EB044000
2026-04-08,TWSE,居家生活,EB044000,34761.38,98.55,0.04,moneydj,https://www.moneydj.com/Z/ZB/ZBA/CZBA1.DJBCD?a=EB044000
2026-04-09,TWSE,居家生活,EB044000,34861.16,98.71,0.03,moneydj,https://www.moneydj.com/Z/ZB/ZBA/CZBA1.DJBCD?a=EB044000
2026-04-10,TWSE,居家生活,EB044000,35417.83,99.72,0.02,moneydj,https://www.moneydj.com/Z/ZB/ZBA/CZBA1.DJBCD?a=EB044000
2026-04-13,TWSE,居家生活,EB044000,35457.29,102.31,0.06,moneydj,https://www.moneydj.com/Z/ZB/ZBA/CZBA1.DJBCD?a=EB044000
2026-04-14,TWSE,居家生活,EB044000,36296.12,103.74,0.04,moneydj,https://www.moneydj.com/Z/ZB/ZBA/CZBA1.DJBCD?a=EB044000
2026-04-15,TWSE,居家生活,EB044000,36722.14,100.03,0.05,moneydj,https://www.moneydj.com/Z/ZB/ZBA/CZBA1.DJBCD?a=EB044000
2026-04-16,TWSE,居家生活,EB044000,37132.02,102.36,0.03,moneydj,https://www.moneydj.com/Z/ZB/ZBA/CZBA1.DJBCD?a=EB044000
2026-04-17,TWSE,居家生活,EB044000,36804.34,102.02,0.03,moneydj,https://www.moneydj.com/Z/ZB/ZBA/CZBA1.DJBCD?a=EB044000
2026-04-20,TWSE,居家生活,EB044000,36958.8,102.14,0.03,moneydj,https://www.moneydj.com/Z/ZB/ZBA/CZBA1.DJBCD?a=EB044000
2026-04-21,TWSE,居家生活,EB044000,37605.11,103.86,0.04,moneydj,https://www.moneydj.com/Z/ZB/ZBA/CZBA1.DJBCD?a=EB044000
2026-04-22,TWSE,居家生活,EB044000,37878.47,102.51,0.03,moneydj,https://www.moneydj.com/Z/ZB/ZBA/CZBA1.DJBCD?a=EB044000
2026-04-23,TWSE,居家生活,EB044000,37714.15,100.37,0.03,moneydj,https://www.moneydj.com/Z/ZB/ZBA/CZBA1.DJBCD?a=EB044000
2026-04-24,TWSE,居家生活,EB044000,38932.4,98.97,0.04,moneydj,https://www.moneydj.com/Z/ZB/ZBA/CZBA1.DJBCD?a=EB044000
2026-04-27,TWSE,居家生活,EB044000,39616.63,97.52,0.04,moneydj,https://www.moneydj.com/Z/ZB/ZBA/CZBA1.DJBCD?a=EB044000
2026-04-28,TWSE,居家生活,EB044000,39521.73,98.96,0.04,moneydj,https://www.moneydj.com/Z/ZB/ZBA/CZBA1.DJBCD?a=EB044000
2026-04-29,TWSE,居家生活,EB044000,39303.5,98.03,0.03,moneydj,https://www.moneydj.com/Z/ZB/ZBA/CZBA1.DJBCD?a=EB044000
2026-04-30,TWSE,居家生活,EB044000,38926.63,97.92,0.03,moneydj,https://www.moneydj.com/Z/ZB/ZBA/CZBA1.DJBCD?a=EB044000
2026-05-04,TWSE,居家生活,EB044000,40705.14,96.39,0.04,moneydj,https://www.moneydj.com/Z/ZB/ZBA/CZBA1.DJBCD?a=EB044000
2026-05-05,TWSE,居家生活,EB044000,40769.29,96.58,0.01,moneydj,https://www.moneydj.com/Z/ZB/ZBA/CZBA1.DJBCD?a=EB044000
2026-05-06,TWSE,居家生活,EB044000,41138.85,95.76,0.03,moneydj,https://www.moneydj.com/Z/ZB/ZBA/CZBA1.DJBCD?a=EB044000
2026-05-07,TWSE,居家生活,EB044000,41933.78,93.38,0.05,moneydj,https://www.moneydj.com/Z/ZB/ZBA/CZBA1.DJBCD?a=EB044000
2026-05-08,TWSE,居家生活,EB044000,41603.94,96.25,0.03,moneydj,https://www.moneydj.com/Z/ZB/ZBA/CZBA1.DJBCD?a=EB044000
2026-05-11,TWSE,居家生活,EB044000,41790.06,94.79,0.03,moneydj,https://www.moneydj.com/Z/ZB/ZBA/CZBA1.DJBCD?a=EB044000
2026-05-12,TWSE,居家生活,EB044000,41898.32,94.25,0.03,moneydj,https://www.moneydj.com/Z/ZB/ZBA/CZBA1.DJBCD?a=EB044000
2026-05-13,TWSE,居家生活,EB044000,41374.5,94.18,0.03,moneydj,https://www.moneydj.com/Z/ZB/ZBA/CZBA1.DJBCD?a=EB044000
2026-05-14,TWSE,居家生活,EB044000,41751.75,92.9,0.03,moneydj,https://www.moneydj.com/Z/ZB/ZBA/CZBA1.DJBCD?a=EB044000
2026-05-15,TWSE,居家生活,EB044000,41172.36,90.32,0.05,moneydj,https://www.moneydj.com/Z/ZB/ZBA/CZBA1.DJBCD?a=EB044000
2026-05-18,TWSE,居家生活,EB044000,40891.82,90.38,0.04,moneydj,https://www.moneydj.com/Z/ZB/ZBA/CZBA1.DJBCD?a=EB044000
2026-05-19,TWSE,居家生活,EB044000,40175.56,90.55,0.05,moneydj,https://www.moneydj.com/Z/ZB/ZBA/CZBA1.DJBCD?a=EB044000
2026-05-20,TWSE,居家生活,EB044000,40020.82,89.04,0.05,moneydj,https://www.moneydj.com/Z/ZB/ZBA/CZBA1.DJBCD?a=EB044000
2026-05-21,TWSE,居家生活,EB044000,41368.21,90.82,0.04,moneydj,https://www.moneydj.com/Z/ZB/ZBA/CZBA1.DJBCD?a=EB044000
2026-05-22,TWSE,居家生活,EB044000,42267.97,90.55,0.03,moneydj,https://www.moneydj.com/Z/ZB/ZBA/CZBA1.DJBCD?a=EB044000
2026-05-25,TWSE,居家生活,EB044000,43644.4,90.93,0.05,moneydj,https://www.moneydj.com/Z/ZB/ZBA/CZBA1.DJBCD?a=EB044000
2026-05-26,TWSE,居家生活,EB044000,43525.37,90.13,0.02,moneydj,https://www.moneydj.com/Z/ZB/ZBA/CZBA1.DJBCD?a=EB044000
2026-05-27,TWSE,居家生活,EB044000,44256.8,88.17,0.02,moneydj,https://www.moneydj.com/Z/ZB/ZBA/CZBA1.DJBCD?a=EB044000
2026-05-28,TWSE,居家生活,EB044000,43636.44,88.65,0.02,moneydj,https://www.moneydj.com/Z/ZB/ZBA/CZBA1.DJBCD?a=EB044000
2026-05-29,TWSE,居家生活,EB044000,44732.94,90.51,0.02,moneydj,https://www.moneydj.com/Z/ZB/ZBA/CZBA1.DJBCD?a=EB044000
2026-06-01,TWSE,居家生活,EB044000,45337.91,92.03,0.05,moneydj,https://www.moneydj.com/Z/ZB/ZBA/CZBA1.DJBCD?a=EB044000
2026-06-02,TWSE,居家生活,EB044000,45557.31,91.77,0.04,moneydj,https://www.moneydj.com/Z/ZB/ZBA/CZBA1.DJBCD?a=EB044000
2026-06-03,TWSE,居家生活,EB044000,46459.16,92.46,0.05,moneydj,https://www.moneydj.com/Z/ZB/ZBA/CZBA1.DJBCD?a=EB044000
2026-06-04,TWSE,居家生活,EB044000,45677.46,94.3,0.03,moneydj,https://www.moneydj.com/Z/ZB/ZBA/CZBA1.DJBCD?a=EB044000
2026-06-05,TWSE,居家生活,EB044000,45070.94,93.7,0.03,moneydj,https://www.moneydj.com/Z/ZB/ZBA/CZBA1.DJBCD?a=EB044000
2026-06-08,TWSE,居家生活,EB044000,43502.78,93.04,0.04,moneydj,https://www.moneydj.com/Z/ZB/ZBA/CZBA1.DJBCD?a=EB044000
2026-06-09,TWSE,居家生活,EB044000,44704.44,93.82,0.03,moneydj,https://www.moneydj.com/Z/ZB/ZBA/CZBA1.DJBCD?a=EB044000
2026-03-13,TWSE,其他,EB099000,33400.32,264.59,0.29,moneydj,https://www.moneydj.com/Z/ZB/ZBA/CZBA1.DJBCD?a=EB099000
2026-03-16,TWSE,其他,EB099000,33342.51,266.88,0.45,moneydj,https://www.moneydj.com/Z/ZB/ZBA/CZBA1.DJBCD?a=EB099000
2026-03-17,TWSE,其他,EB099000,33836.57,267.01,0.22,moneydj,https://www.moneydj.com/Z/ZB/ZBA/CZBA1.DJBCD?a=EB099000
2026-03-18,TWSE,其他,EB099000,34348.58,268.77,0.26,moneydj,https://www.moneydj.com/Z/ZB/ZBA/CZBA1.DJBCD?a=EB099000
2026-03-19,TWSE,其他,EB099000,33689.68,265.97,0.3,moneydj,https://www.moneydj.com/Z/ZB/ZBA/CZBA1.DJBCD?a=EB099000
2026-03-20,TWSE,其他,EB099000,33543.88,266.45,0.49,moneydj,https://www.moneydj.com/Z/ZB/ZBA/CZBA1.DJBCD?a=EB099000
2026-03-23,TWSE,其他,EB099000,32722.5,262.6,0.69,moneydj,https://www.moneydj.com/Z/ZB/ZBA/CZBA1.DJBCD?a=EB099000
2026-03-24,TWSE,其他,EB099000,32612.24,263.81,0.5,moneydj,https://www.moneydj.com/Z/ZB/ZBA/CZBA1.DJBCD?a=EB099000
2026-03-25,TWSE,其他,EB099000,33439.11,267.75,0.6,moneydj,https://www.moneydj.com/Z/ZB/ZBA/CZBA1.DJBCD?a=EB099000
2026-03-26,TWSE,其他,EB099000,33337.62,268.47,0.44,moneydj,https://www.moneydj.com/Z/ZB/ZBA/CZBA1.DJBCD?a=EB099000
2026-03-27,TWSE,其他,EB099000,33112.59,269.72,0.59,moneydj,https://www.moneydj.com/Z/ZB/ZBA/CZBA1.DJBCD?a=EB099000
2026-03-30,TWSE,其他,EB099000,32518.16,266.77,0.45,moneydj,https://www.moneydj.com/Z/ZB/ZBA/CZBA1.DJBCD?a=EB099000
2026-03-31,TWSE,其他,EB099000,31722.99,263.91,0.34,moneydj,https://www.moneydj.com/Z/ZB/ZBA/CZBA1.DJBCD?a=EB099000
2026-04-01,TWSE,其他,EB099000,33174.82,266.7,0.29,moneydj,https://www.moneydj.com/Z/ZB/ZBA/CZBA1.DJBCD?a=EB099000
2026-04-02,TWSE,其他,EB099000,32572.43,264.52,0.25,moneydj,https://www.moneydj.com/Z/ZB/ZBA/CZBA1.DJBCD?a=EB099000
2026-04-07,TWSE,其他,EB099000,33229.82,264.7,0.34,moneydj,https://www.moneydj.com/Z/ZB/ZBA/CZBA1.DJBCD?a=EB099000
2026-04-08,TWSE,其他,EB099000,34761.38,267.07,0.3,moneydj,https://www.moneydj.com/Z/ZB/ZBA/CZBA1.DJBCD?a=EB099000
2026-04-09,TWSE,其他,EB099000,34861.16,265.31,0.25,moneydj,https://www.moneydj.com/Z/ZB/ZBA/CZBA1.DJBCD?a=EB099000
2026-04-10,TWSE,其他,EB099000,35417.83,264.05,0.37,moneydj,https://www.moneydj.com/Z/ZB/ZBA/CZBA1.DJBCD?a=EB099000
2026-04-13,TWSE,其他,EB099000,35457.29,265.63,0.44,moneydj,https://www.moneydj.com/Z/ZB/ZBA/CZBA1.DJBCD?a=EB099000
2026-04-14,TWSE,其他,EB099000,36296.12,268.08,0.38,moneydj,https://www.moneydj.com/Z/ZB/ZBA/CZBA1.DJBCD?a=EB099000
2026-04-15,TWSE,其他,EB099000,36722.14,272.81,0.47,moneydj,https://www.moneydj.com/Z/ZB/ZBA/CZBA1.DJBCD?a=EB099000
2026-04-16,TWSE,其他,EB099000,37132.02,273.95,0.5,moneydj,https://www.moneydj.com/Z/ZB/ZBA/CZBA1.DJBCD?a=EB099000
2026-04-17,TWSE,其他,EB099000,36804.34,274.23,0.35,moneydj,https://www.moneydj.com/Z/ZB/ZBA/CZBA1.DJBCD?a=EB099000
2026-04-20,TWSE,其他,EB099000,36958.8,275.47,0.54,moneydj,https://www.moneydj.com/Z/ZB/ZBA/CZBA1.DJBCD?a=EB099000
2026-04-21,TWSE,其他,EB099000,37605.11,275.08,0.56,moneydj,https://www.moneydj.com/Z/ZB/ZBA/CZBA1.DJBCD?a=EB099000
2026-04-22,TWSE,其他,EB099000,37878.47,276.16,0.46,moneydj,https://www.moneydj.com/Z/ZB/ZBA/CZBA1.DJBCD?a=EB099000
2026-04-23,TWSE,其他,EB099000,37714.15,273.92,0.42,moneydj,https://www.moneydj.com/Z/ZB/ZBA/CZBA1.DJBCD?a=EB099000
2026-04-24,TWSE,其他,EB099000,38932.4,272.83,0.42,moneydj,https://www.moneydj.com/Z/ZB/ZBA/CZBA1.DJBCD?a=EB099000
2026-04-27,TWSE,其他,EB099000,39616.63,267.65,0.26,moneydj,https://www.moneydj.com/Z/ZB/ZBA/CZBA1.DJBCD?a=EB099000
2026-04-28,TWSE,其他,EB099000,39521.73,269.73,0.23,moneydj,https://www.moneydj.com/Z/ZB/ZBA/CZBA1.DJBCD?a=EB099000
2026-04-29,TWSE,其他,EB099000,39303.5,270.17,0.3,moneydj,https://www.moneydj.com/Z/ZB/ZBA/CZBA1.DJBCD?a=EB099000
2026-04-30,TWSE,其他,EB099000,38926.63,266.88,0.22,moneydj,https://www.moneydj.com/Z/ZB/ZBA/CZBA1.DJBCD?a=EB099000
2026-05-04,TWSE,其他,EB099000,40705.14,266.97,0.3,moneydj,https://www.moneydj.com/Z/ZB/ZBA/CZBA1.DJBCD?a=EB099000
2026-05-05,TWSE,其他,EB099000,40769.29,267.11,0.28,moneydj,https://www.moneydj.com/Z/ZB/ZBA/CZBA1.DJBCD?a=EB099000
2026-05-06,TWSE,其他,EB099000,41138.85,267.56,0.19,moneydj,https://www.moneydj.com/Z/ZB/ZBA/CZBA1.DJBCD?a=EB099000
2026-05-07,TWSE,其他,EB099000,41933.78,268.04,0.28,moneydj,https://www.moneydj.com/Z/ZB/ZBA/CZBA1.DJBCD?a=EB099000
2026-05-08,TWSE,其他,EB099000,41603.94,265.97,0.44,moneydj,https://www.moneydj.com/Z/ZB/ZBA/CZBA1.DJBCD?a=EB099000
2026-05-11,TWSE,其他,EB099000,41790.06,265.93,0.38,moneydj,https://www.moneydj.com/Z/ZB/ZBA/CZBA1.DJBCD?a=EB099000
2026-05-12,TWSE,其他,EB099000,41898.32,263.5,0.3,moneydj,https://www.moneydj.com/Z/ZB/ZBA/CZBA1.DJBCD?a=EB099000
2026-05-13,TWSE,其他,EB099000,41374.5,261.65,0.34,moneydj,https://www.moneydj.com/Z/ZB/ZBA/CZBA1.DJBCD?a=EB099000
2026-05-14,TWSE,其他,EB099000,41751.75,260.93,0.25,moneydj,https://www.moneydj.com/Z/ZB/ZBA/CZBA1.DJBCD?a=EB099000
2026-05-15,TWSE,其他,EB099000,41172.36,259.05,0.29,moneydj,https://www.moneydj.com/Z/ZB/ZBA/CZBA1.DJBCD?a=EB099000
2026-05-18,TWSE,其他,EB099000,40891.82,261.4,0.36,moneydj,https://www.moneydj.com/Z/ZB/ZBA/CZBA1.DJBCD?a=EB099000
2026-05-19,TWSE,其他,EB099000,40175.56,262.34,0.25,moneydj,https://www.moneydj.com/Z/ZB/ZBA/CZBA1.DJBCD?a=EB099000
2026-05-20,TWSE,其他,EB099000,40020.82,262.34,0.33,moneydj,https://www.moneydj.com/Z/ZB/ZBA/CZBA1.DJBCD?a=EB099000
2026-05-21,TWSE,其他,EB099000,41368.21,264.52,0.29,moneydj,https://www.moneydj.com/Z/ZB/ZBA/CZBA1.DJBCD?a=EB099000
2026-05-22,TWSE,其他,EB099000,42267.97,264.04,0.31,moneydj,https://www.moneydj.com/Z/ZB/ZBA/CZBA1.DJBCD?a=EB099000
2026-05-25,TWSE,其他,EB099000,43644.4,261.81,0.28,moneydj,https://www.moneydj.com/Z/ZB/ZBA/CZBA1.DJBCD?a=EB099000
2026-05-26,TWSE,其他,EB099000,43525.37,260.95,0.21,moneydj,https://www.moneydj.com/Z/ZB/ZBA/CZBA1.DJBCD?a=EB099000
2026-05-27,TWSE,其他,EB099000,44256.8,260.49,0.21,moneydj,https://www.moneydj.com/Z/ZB/ZBA/CZBA1.DJBCD?a=EB099000
2026-05-28,TWSE,其他,EB099000,43636.44,260.6,0.26,moneydj,https://www.moneydj.com/Z/ZB/ZBA/CZBA1.DJBCD?a=EB099000
2026-05-29,TWSE,其他,EB099000,44732.94,262.46,0.25,moneydj,https://www.moneydj.com/Z/ZB/ZBA/CZBA1.DJBCD?a=EB099000
2026-06-01,TWSE,其他,EB099000,45337.91,264.92,0.24,moneydj,https://www.moneydj.com/Z/ZB/ZBA/CZBA1.DJBCD?a=EB099000
2026-06-02,TWSE,其他,EB099000,45557.31,269.32,0.34,moneydj,https://www.moneydj.com/Z/ZB/ZBA/CZBA1.DJBCD?a=EB099000
2026-06-03,TWSE,其他,EB099000,46459.16,276.15,0.46,moneydj,https://www.moneydj.com/Z/ZB/ZBA/CZBA1.DJBCD?a=EB099000
2026-06-04,TWSE,其他,EB099000,45677.46,277.96,0.48,moneydj,https://www.moneydj.com/Z/ZB/ZBA/CZBA1.DJBCD?a=EB099000
2026-06-05,TWSE,其他,EB099000,45070.94,277.62,0.44,moneydj,https://www.moneydj.com/Z/ZB/ZBA/CZBA1.DJBCD?a=EB099000
2026-06-08,TWSE,其他,EB099000,43502.78,273.98,0.49,moneydj,https://www.moneydj.com/Z/ZB/ZBA/CZBA1.DJBCD?a=EB099000
2026-06-09,TWSE,其他,EB099000,44704.44,278.45,0.45,moneydj,https://www.moneydj.com/Z/ZB/ZBA/CZBA1.DJBCD?a=EB099000
2026-03-13,TPEX,紡織纖維,EB144000,312.9,119.88,0.03,moneydj,https://www.moneydj.com/Z/ZB/ZBA/CZBA1.DJBCD?a=EB144000
2026-03-16,TPEX,紡織纖維,EB144000,317.19,120.32,0.02,moneydj,https://www.moneydj.com/Z/ZB/ZBA/CZBA1.DJBCD?a=EB144000
2026-03-17,TPEX,紡織纖維,EB144000,321.03,120.21,0.01,moneydj,https://www.moneydj.com/Z/ZB/ZBA/CZBA1.DJBCD?a=EB144000
2026-03-18,TPEX,紡織纖維,EB144000,329.4,120.46,0.01,moneydj,https://www.moneydj.com/Z/ZB/ZBA/CZBA1.DJBCD?a=EB144000
2026-03-19,TPEX,紡織纖維,EB144000,329.79,119.84,0.01,moneydj,https://www.moneydj.com/Z/ZB/ZBA/CZBA1.DJBCD?a=EB144000
2026-03-20,TPEX,紡織纖維,EB144000,328.4,119.8,0.0,moneydj,https://www.moneydj.com/Z/ZB/ZBA/CZBA1.DJBCD?a=EB144000
2026-03-23,TPEX,紡織纖維,EB144000,317.02,118.54,0.01,moneydj,https://www.moneydj.com/Z/ZB/ZBA/CZBA1.DJBCD?a=EB144000
2026-03-24,TPEX,紡織纖維,EB144000,312.74,118.83,0.01,moneydj,https://www.moneydj.com/Z/ZB/ZBA/CZBA1.DJBCD?a=EB144000
2026-03-25,TPEX,紡織纖維,EB144000,324.87,118.0,0.01,moneydj,https://www.moneydj.com/Z/ZB/ZBA/CZBA1.DJBCD?a=EB144000
2026-03-26,TPEX,紡織纖維,EB144000,322.8,117.72,0.0,moneydj,https://www.moneydj.com/Z/ZB/ZBA/CZBA1.DJBCD?a=EB144000
2026-03-27,TPEX,紡織纖維,EB144000,325.0,118.12,0.02,moneydj,https://www.moneydj.com/Z/ZB/ZBA/CZBA1.DJBCD?a=EB144000
2026-03-30,TPEX,紡織纖維,EB144000,320.4,117.26,0.01,moneydj,https://www.moneydj.com/Z/ZB/ZBA/CZBA1.DJBCD?a=EB144000
2026-03-31,TPEX,紡織纖維,EB144000,307.73,116.83,0.01,moneydj,https://www.moneydj.com/Z/ZB/ZBA/CZBA1.DJBCD?a=EB144000
2026-04-01,TPEX,紡織纖維,EB144000,321.19,117.63,0.01,moneydj,https://www.moneydj.com/Z/ZB/ZBA/CZBA1.DJBCD?a=EB144000
2026-04-02,TPEX,紡織纖維,EB144000,317.9,117.09,0.0,moneydj,https://www.moneydj.com/Z/ZB/ZBA/CZBA1.DJBCD?a=EB144000
2026-04-07,TPEX,紡織纖維,EB144000,325.61,116.06,0.02,moneydj,https://www.moneydj.com/Z/ZB/ZBA/CZBA1.DJBCD?a=EB144000
2026-04-08,TPEX,紡織纖維,EB144000,341.2,115.49,0.01,moneydj,https://www.moneydj.com/Z/ZB/ZBA/CZBA1.DJBCD?a=EB144000
2026-04-09,TPEX,紡織纖維,EB144000,342.57,115.83,0.01,moneydj,https://www.moneydj.com/Z/ZB/ZBA/CZBA1.DJBCD?a=EB144000
2026-04-10,TPEX,紡織纖維,EB144000,349.5,115.74,0.01,moneydj,https://www.moneydj.com/Z/ZB/ZBA/CZBA1.DJBCD?a=EB144000
2026-04-13,TPEX,紡織纖維,EB144000,352.23,115.33,0.02,moneydj,https://www.moneydj.com/Z/ZB/ZBA/CZBA1.DJBCD?a=EB144000
2026-04-14,TPEX,紡織纖維,EB144000,356.0,115.08,0.01,moneydj,https://www.moneydj.com/Z/ZB/ZBA/CZBA1.DJBCD?a=EB144000
2026-04-15,TPEX,紡織纖維,EB144000,359.86,114.3,0.01,moneydj,https://www.moneydj.com/Z/ZB/ZBA/CZBA1.DJBCD?a=EB144000
2026-04-16,TPEX,紡織纖維,EB144000,365.96,114.32,0.01,moneydj,https://www.moneydj.com/Z/ZB/ZBA/CZBA1.DJBCD?a=EB144000
2026-04-17,TPEX,紡織纖維,EB144000,372.34,114.04,0.01,moneydj,https://www.moneydj.com/Z/ZB/ZBA/CZBA1.DJBCD?a=EB144000
2026-04-20,TPEX,紡織纖維,EB144000,383.5,113.62,0.01,moneydj,https://www.moneydj.com/Z/ZB/ZBA/CZBA1.DJBCD?a=EB144000
2026-04-21,TPEX,紡織纖維,EB144000,390.57,113.8,0.01,moneydj,https://www.moneydj.com/Z/ZB/ZBA/CZBA1.DJBCD?a=EB144000
2026-04-22,TPEX,紡織纖維,EB144000,395.08,114.42,0.01,moneydj,https://www.moneydj.com/Z/ZB/ZBA/CZBA1.DJBCD?a=EB144000
2026-04-23,TPEX,紡織纖維,EB144000,381.32,112.85,0.01,moneydj,https://www.moneydj.com/Z/ZB/ZBA/CZBA1.DJBCD?a=EB144000
2026-04-24,TPEX,紡織纖維,EB144000,381.54,112.23,0.01,moneydj,https://www.moneydj.com/Z/ZB/ZBA/CZBA1.DJBCD?a=EB144000
2026-04-27,TPEX,紡織纖維,EB144000,377.05,110.36,0.01,moneydj,https://www.moneydj.com/Z/ZB/ZBA/CZBA1.DJBCD?a=EB144000
2026-04-28,TPEX,紡織纖維,EB144000,382.06,110.41,0.0,moneydj,https://www.moneydj.com/Z/ZB/ZBA/CZBA1.DJBCD?a=EB144000
2026-04-29,TPEX,紡織纖維,EB144000,382.75,111.05,0.0,moneydj,https://www.moneydj.com/Z/ZB/ZBA/CZBA1.DJBCD?a=EB144000
2026-04-30,TPEX,紡織纖維,EB144000,384.58,110.32,0.0,moneydj,https://www.moneydj.com/Z/ZB/ZBA/CZBA1.DJBCD?a=EB144000
2026-05-04,TPEX,紡織纖維,EB144000,398.25,110.1,0.01,moneydj,https://www.moneydj.com/Z/ZB/ZBA/CZBA1.DJBCD?a=EB144000
2026-05-05,TPEX,紡織纖維,EB144000,407.44,110.43,0.0,moneydj,https://www.moneydj.com/Z/ZB/ZBA/CZBA1.DJBCD?a=EB144000
2026-05-06,TPEX,紡織纖維,EB144000,410.29,109.56,0.0,moneydj,https://www.moneydj.com/Z/ZB/ZBA/CZBA1.DJBCD?a=EB144000
2026-05-07,TPEX,紡織纖維,EB144000,416.41,109.46,0.0,moneydj,https://www.moneydj.com/Z/ZB/ZBA/CZBA1.DJBCD?a=EB144000
2026-05-08,TPEX,紡織纖維,EB144000,409.44,109.02,0.01,moneydj,https://www.moneydj.com/Z/ZB/ZBA/CZBA1.DJBCD?a=EB144000
2026-05-11,TPEX,紡織纖維,EB144000,422.01,109.92,0.01,moneydj,https://www.moneydj.com/Z/ZB/ZBA/CZBA1.DJBCD?a=EB144000
2026-05-12,TPEX,紡織纖維,EB144000,425.71,109.36,0.01,moneydj,https://www.moneydj.com/Z/ZB/ZBA/CZBA1.DJBCD?a=EB144000
2026-05-13,TPEX,紡織纖維,EB144000,420.54,110.25,0.02,moneydj,https://www.moneydj.com/Z/ZB/ZBA/CZBA1.DJBCD?a=EB144000
2026-05-14,TPEX,紡織纖維,EB144000,426.57,109.21,0.01,moneydj,https://www.moneydj.com/Z/ZB/ZBA/CZBA1.DJBCD?a=EB144000
2026-05-15,TPEX,紡織纖維,EB144000,411.18,110.12,0.02,moneydj,https://www.moneydj.com/Z/ZB/ZBA/CZBA1.DJBCD?a=EB144000
2026-05-18,TPEX,紡織纖維,EB144000,409.63,109.34,0.01,moneydj,https://www.moneydj.com/Z/ZB/ZBA/CZBA1.DJBCD?a=EB144000
2026-05-19,TPEX,紡織纖維,EB144000,398.18,108.15,0.01,moneydj,https://www.moneydj.com/Z/ZB/ZBA/CZBA1.DJBCD?a=EB144000
2026-05-20,TPEX,紡織纖維,EB144000,396.42,107.96,0.01,moneydj,https://www.moneydj.com/Z/ZB/ZBA/CZBA1.DJBCD?a=EB144000
2026-05-21,TPEX,紡織纖維,EB144000,409.8,108.11,0.01,moneydj,https://www.moneydj.com/Z/ZB/ZBA/CZBA1.DJBCD?a=EB144000
2026-05-22,TPEX,紡織纖維,EB144000,423.25,107.8,0.01,moneydj,https://www.moneydj.com/Z/ZB/ZBA/CZBA1.DJBCD?a=EB144000
2026-05-25,TPEX,紡織纖維,EB144000,434.99,107.37,0.01,moneydj,https://www.moneydj.com/Z/ZB/ZBA/CZBA1.DJBCD?a=EB144000
2026-05-26,TPEX,紡織纖維,EB144000,439.3,107.5,0.01,moneydj,https://www.moneydj.com/Z/ZB/ZBA/CZBA1.DJBCD?a=EB144000
2026-05-27,TPEX,紡織纖維,EB144000,440.19,107.64,0.01,moneydj,https://www.moneydj.com/Z/ZB/ZBA/CZBA1.DJBCD?a=EB144000
2026-05-28,TPEX,紡織纖維,EB144000,432.48,107.28,0.01,moneydj,https://www.moneydj.com/Z/ZB/ZBA/CZBA1.DJBCD?a=EB144000
2026-05-29,TPEX,紡織纖維,EB144000,443.64,107.64,0.0,moneydj,https://www.moneydj.com/Z/ZB/ZBA/CZBA1.DJBCD?a=EB144000
2026-06-01,TPEX,紡織纖維,EB144000,446.02,107.91,0.01,moneydj,https://www.moneydj.com/Z/ZB/ZBA/CZBA1.DJBCD?a=EB144000
2026-06-02,TPEX,紡織纖維,EB144000,440.64,108.69,0.01,moneydj,https://www.moneydj.com/Z/ZB/ZBA/CZBA1.DJBCD?a=EB144000
2026-06-03,TPEX,紡織纖維,EB144000,446.82,109.54,0.01,moneydj,https://www.moneydj.com/Z/ZB/ZBA/CZBA1.DJBCD?a=EB144000
2026-06-04,TPEX,紡織纖維,EB144000,440.1,109.43,0.01,moneydj,https://www.moneydj.com/Z/ZB/ZBA/CZBA1.DJBCD?a=EB144000
2026-06-05,TPEX,紡織纖維,EB144000,431.07,109.53,0.01,moneydj,https://www.moneydj.com/Z/ZB/ZBA/CZBA1.DJBCD?a=EB144000
2026-06-08,TPEX,紡織纖維,EB144000,412.57,108.75,0.01,moneydj,https://www.moneydj.com/Z/ZB/ZBA/CZBA1.DJBCD?a=EB144000
2026-06-09,TPEX,紡織纖維,EB144000,424.71,109.87,0.01,moneydj,https://www.moneydj.com/Z/ZB/ZBA/CZBA1.DJBCD?a=EB144000
2026-03-13,TPEX,電機機械,EB145000,312.9,180.54,0.6,moneydj,https://www.moneydj.com/Z/ZB/ZBA/CZBA1.DJBCD?a=EB145000
2026-03-16,TPEX,電機機械,EB145000,317.19,181.6,0.66,moneydj,https://www.moneydj.com/Z/ZB/ZBA/CZBA1.DJBCD?a=EB145000
2026-03-17,TPEX,電機機械,EB145000,321.03,182.45,0.62,moneydj,https://www.moneydj.com/Z/ZB/ZBA/CZBA1.DJBCD?a=EB145000
2026-03-18,TPEX,電機機械,EB145000,329.4,182.07,0.49,moneydj,https://www.moneydj.com/Z/ZB/ZBA/CZBA1.DJBCD?a=EB145000
2026-03-19,TPEX,電機機械,EB145000,329.79,179.21,0.33,moneydj,https://www.moneydj.com/Z/ZB/ZBA/CZBA1.DJBCD?a=EB145000
2026-03-20,TPEX,電機機械,EB145000,328.4,178.16,0.3,moneydj,https://www.moneydj.com/Z/ZB/ZBA/CZBA1.DJBCD?a=EB145000
2026-03-23,TPEX,電機機械,EB145000,317.02,178.26,0.86,moneydj,https://www.moneydj.com/Z/ZB/ZBA/CZBA1.DJBCD?a=EB145000
2026-03-24,TPEX,電機機械,EB145000,312.74,177.89,0.97,moneydj,https://www.moneydj.com/Z/ZB/ZBA/CZBA1.DJBCD?a=EB145000
2026-03-25,TPEX,電機機械,EB145000,324.87,180.58,1.41,moneydj,https://www.moneydj.com/Z/ZB/ZBA/CZBA1.DJBCD?a=EB145000
2026-03-26,TPEX,電機機械,EB145000,322.8,181.58,0.92,moneydj,https://www.moneydj.com/Z/ZB/ZBA/CZBA1.DJBCD?a=EB145000
2026-03-27,TPEX,電機機械,EB145000,325.0,181.58,1.48,moneydj,https://www.moneydj.com/Z/ZB/ZBA/CZBA1.DJBCD?a=EB145000
2026-03-30,TPEX,電機機械,EB145000,320.4,181.87,1.52,moneydj,https://www.moneydj.com/Z/ZB/ZBA/CZBA1.DJBCD?a=EB145000
2026-03-31,TPEX,電機機械,EB145000,307.73,179.01,2.1,moneydj,https://www.moneydj.com/Z/ZB/ZBA/CZBA1.DJBCD?a=EB145000
2026-04-01,TPEX,電機機械,EB145000,321.19,182.1,0.97,moneydj,https://www.moneydj.com/Z/ZB/ZBA/CZBA1.DJBCD?a=EB145000
2026-04-02,TPEX,電機機械,EB145000,317.9,181.48,1.98,moneydj,https://www.moneydj.com/Z/ZB/ZBA/CZBA1.DJBCD?a=EB145000
2026-04-07,TPEX,電機機械,EB145000,325.61,182.47,1.34,moneydj,https://www.moneydj.com/Z/ZB/ZBA/CZBA1.DJBCD?a=EB145000
2026-04-08,TPEX,電機機械,EB145000,341.2,183.01,1.24,moneydj,https://www.moneydj.com/Z/ZB/ZBA/CZBA1.DJBCD?a=EB145000
2026-04-09,TPEX,電機機械,EB145000,342.57,184.23,1.46,moneydj,https://www.moneydj.com/Z/ZB/ZBA/CZBA1.DJBCD?a=EB145000
2026-04-10,TPEX,電機機械,EB145000,349.5,184.67,1.16,moneydj,https://www.moneydj.com/Z/ZB/ZBA/CZBA1.DJBCD?a=EB145000
2026-04-13,TPEX,電機機械,EB145000,352.23,185.55,1.06,moneydj,https://www.moneydj.com/Z/ZB/ZBA/CZBA1.DJBCD?a=EB145000
2026-04-14,TPEX,電機機械,EB145000,356.0,187.69,0.84,moneydj,https://www.moneydj.com/Z/ZB/ZBA/CZBA1.DJBCD?a=EB145000
2026-04-15,TPEX,電機機械,EB145000,359.86,190.13,1.45,moneydj,https://www.moneydj.com/Z/ZB/ZBA/CZBA1.DJBCD?a=EB145000
2026-04-16,TPEX,電機機械,EB145000,365.96,188.52,1.1,moneydj,https://www.moneydj.com/Z/ZB/ZBA/CZBA1.DJBCD?a=EB145000
2026-04-17,TPEX,電機機械,EB145000,372.34,190.48,1.12,moneydj,https://www.moneydj.com/Z/ZB/ZBA/CZBA1.DJBCD?a=EB145000
2026-04-20,TPEX,電機機械,EB145000,383.5,192.57,1.44,moneydj,https://www.moneydj.com/Z/ZB/ZBA/CZBA1.DJBCD?a=EB145000
2026-04-21,TPEX,電機機械,EB145000,390.57,193.43,1.02,moneydj,https://www.moneydj.com/Z/ZB/ZBA/CZBA1.DJBCD?a=EB145000
2026-04-22,TPEX,電機機械,EB145000,395.08,195.23,1.01,moneydj,https://www.moneydj.com/Z/ZB/ZBA/CZBA1.DJBCD?a=EB145000
2026-04-23,TPEX,電機機械,EB145000,381.32,192.35,1.21,moneydj,https://www.moneydj.com/Z/ZB/ZBA/CZBA1.DJBCD?a=EB145000
2026-04-24,TPEX,電機機械,EB145000,381.54,192.46,1.92,moneydj,https://www.moneydj.com/Z/ZB/ZBA/CZBA1.DJBCD?a=EB145000
2026-04-27,TPEX,電機機械,EB145000,377.05,191.87,2.51,moneydj,https://www.moneydj.com/Z/ZB/ZBA/CZBA1.DJBCD?a=EB145000
2026-04-28,TPEX,電機機械,EB145000,382.06,192.75,1.6,moneydj,https://www.moneydj.com/Z/ZB/ZBA/CZBA1.DJBCD?a=EB145000
2026-04-29,TPEX,電機機械,EB145000,382.75,194.33,2.63,moneydj,https://www.moneydj.com/Z/ZB/ZBA/CZBA1.DJBCD?a=EB145000
2026-04-30,TPEX,電機機械,EB145000,384.58,196.83,1.59,moneydj,https://www.moneydj.com/Z/ZB/ZBA/CZBA1.DJBCD?a=EB145000
2026-05-04,TPEX,電機機械,EB145000,398.25,200.49,3.08,moneydj,https://www.moneydj.com/Z/ZB/ZBA/CZBA1.DJBCD?a=EB145000
2026-05-05,TPEX,電機機械,EB145000,407.44,203.84,2.07,moneydj,https://www.moneydj.com/Z/ZB/ZBA/CZBA1.DJBCD?a=EB145000
2026-05-06,TPEX,電機機械,EB145000,410.29,203.47,1.01,moneydj,https://www.moneydj.com/Z/ZB/ZBA/CZBA1.DJBCD?a=EB145000
2026-05-07,TPEX,電機機械,EB145000,416.41,206.73,1.07,moneydj,https://www.moneydj.com/Z/ZB/ZBA/CZBA1.DJBCD?a=EB145000
2026-05-08,TPEX,電機機械,EB145000,409.44,204.8,0.86,moneydj,https://www.moneydj.com/Z/ZB/ZBA/CZBA1.DJBCD?a=EB145000
2026-05-11,TPEX,電機機械,EB145000,422.01,207.43,1.02,moneydj,https://www.moneydj.com/Z/ZB/ZBA/CZBA1.DJBCD?a=EB145000
2026-05-12,TPEX,電機機械,EB145000,425.71,208.17,0.86,moneydj,https://www.moneydj.com/Z/ZB/ZBA/CZBA1.DJBCD?a=EB145000
2026-05-13,TPEX,電機機械,EB145000,420.54,207.47,0.67,moneydj,https://www.moneydj.com/Z/ZB/ZBA/CZBA1.DJBCD?a=EB145000
2026-05-14,TPEX,電機機械,EB145000,426.57,207.88,1.0,moneydj,https://www.moneydj.com/Z/ZB/ZBA/CZBA1.DJBCD?a=EB145000
2026-05-15,TPEX,電機機械,EB145000,411.18,205.53,1.13,moneydj,https://www.moneydj.com/Z/ZB/ZBA/CZBA1.DJBCD?a=EB145000
2026-05-18,TPEX,電機機械,EB145000,409.63,209.15,1.17,moneydj,https://www.moneydj.com/Z/ZB/ZBA/CZBA1.DJBCD?a=EB145000
2026-05-19,TPEX,電機機械,EB145000,398.18,209.97,1.37,moneydj,https://www.moneydj.com/Z/ZB/ZBA/CZBA1.DJBCD?a=EB145000
2026-05-20,TPEX,電機機械,EB145000,396.42,205.8,2.18,moneydj,https://www.moneydj.com/Z/ZB/ZBA/CZBA1.DJBCD?a=EB145000
2026-05-21,TPEX,電機機械,EB145000,409.8,208.07,2.02,moneydj,https://www.moneydj.com/Z/ZB/ZBA/CZBA1.DJBCD?a=EB145000
2026-05-22,TPEX,電機機械,EB145000,423.25,211.05,2.23,moneydj,https://www.moneydj.com/Z/ZB/ZBA/CZBA1.DJBCD?a=EB145000
2026-05-25,TPEX,電機機械,EB145000,434.99,213.89,1.05,moneydj,https://www.moneydj.com/Z/ZB/ZBA/CZBA1.DJBCD?a=EB145000
2026-05-26,TPEX,電機機械,EB145000,439.3,217.9,1.61,moneydj,https://www.moneydj.com/Z/ZB/ZBA/CZBA1.DJBCD?a=EB145000
2026-05-27,TPEX,電機機械,EB145000,440.19,214.09,1.37,moneydj,https://www.moneydj.com/Z/ZB/ZBA/CZBA1.DJBCD?a=EB145000
2026-05-28,TPEX,電機機械,EB145000,432.48,213.47,0.98,moneydj,https://www.moneydj.com/Z/ZB/ZBA/CZBA1.DJBCD?a=EB145000
2026-05-29,TPEX,電機機械,EB145000,443.64,220.18,0.97,moneydj,https://www.moneydj.com/Z/ZB/ZBA/CZBA1.DJBCD?a=EB145000
2026-06-01,TPEX,電機機械,EB145000,446.02,225.5,1.38,moneydj,https://www.moneydj.com/Z/ZB/ZBA/CZBA1.DJBCD?a=EB145000
2026-06-02,TPEX,電機機械,EB145000,440.64,222.86,1.09,moneydj,https://www.moneydj.com/Z/ZB/ZBA/CZBA1.DJBCD?a=EB145000
2026-06-03,TPEX,電機機械,EB145000,446.82,224.37,0.96,moneydj,https://www.moneydj.com/Z/ZB/ZBA/CZBA1.DJBCD?a=EB145000
2026-06-04,TPEX,電機機械,EB145000,440.1,222.91,0.79,moneydj,https://www.moneydj.com/Z/ZB/ZBA/CZBA1.DJBCD?a=EB145000
2026-06-05,TPEX,電機機械,EB145000,431.07,221.3,0.78,moneydj,https://www.moneydj.com/Z/ZB/ZBA/CZBA1.DJBCD?a=EB145000
2026-06-08,TPEX,電機機械,EB145000,412.57,213.29,0.99,moneydj,https://www.moneydj.com/Z/ZB/ZBA/CZBA1.DJBCD?a=EB145000
2026-06-09,TPEX,電機機械,EB145000,424.71,213.62,1.96,moneydj,https://www.moneydj.com/Z/ZB/ZBA/CZBA1.DJBCD?a=EB145000
2026-03-13,TPEX,化工,EB147000,312.9,214.1,0.83,moneydj,https://www.moneydj.com/Z/ZB/ZBA/CZBA1.DJBCD?a=EB147000
2026-03-16,TPEX,化工,EB147000,317.19,215.19,0.96,moneydj,https://www.moneydj.com/Z/ZB/ZBA/CZBA1.DJBCD?a=EB147000
2026-03-17,TPEX,化工,EB147000,321.03,217.15,1.12,moneydj,https://www.moneydj.com/Z/ZB/ZBA/CZBA1.DJBCD?a=EB147000
2026-03-18,TPEX,化工,EB147000,329.4,222.56,1.31,moneydj,https://www.moneydj.com/Z/ZB/ZBA/CZBA1.DJBCD?a=EB147000
2026-03-19,TPEX,化工,EB147000,329.79,221.81,1.56,moneydj,https://www.moneydj.com/Z/ZB/ZBA/CZBA1.DJBCD?a=EB147000
2026-03-20,TPEX,化工,EB147000,328.4,212.34,1.11,moneydj,https://www.moneydj.com/Z/ZB/ZBA/CZBA1.DJBCD?a=EB147000
2026-03-23,TPEX,化工,EB147000,317.02,203.0,0.99,moneydj,https://www.moneydj.com/Z/ZB/ZBA/CZBA1.DJBCD?a=EB147000
2026-03-24,TPEX,化工,EB147000,312.74,203.16,0.7,moneydj,https://www.moneydj.com/Z/ZB/ZBA/CZBA1.DJBCD?a=EB147000
2026-03-25,TPEX,化工,EB147000,324.87,210.93,1.0,moneydj,https://www.moneydj.com/Z/ZB/ZBA/CZBA1.DJBCD?a=EB147000
2026-03-26,TPEX,化工,EB147000,322.8,206.8,0.74,moneydj,https://www.moneydj.com/Z/ZB/ZBA/CZBA1.DJBCD?a=EB147000
2026-03-27,TPEX,化工,EB147000,325.0,210.8,0.74,moneydj,https://www.moneydj.com/Z/ZB/ZBA/CZBA1.DJBCD?a=EB147000
2026-03-30,TPEX,化工,EB147000,320.4,205.08,1.19,moneydj,https://www.moneydj.com/Z/ZB/ZBA/CZBA1.DJBCD?a=EB147000
2026-03-31,TPEX,化工,EB147000,307.73,198.04,0.9,moneydj,https://www.moneydj.com/Z/ZB/ZBA/CZBA1.DJBCD?a=EB147000
2026-04-01,TPEX,化工,EB147000,321.19,204.07,1.19,moneydj,https://www.moneydj.com/Z/ZB/ZBA/CZBA1.DJBCD?a=EB147000
2026-04-02,TPEX,化工,EB147000,317.9,198.88,0.77,moneydj,https://www.moneydj.com/Z/ZB/ZBA/CZBA1.DJBCD?a=EB147000
2026-04-07,TPEX,化工,EB147000,325.61,200.66,0.5,moneydj,https://www.moneydj.com/Z/ZB/ZBA/CZBA1.DJBCD?a=EB147000
2026-04-08,TPEX,化工,EB147000,341.2,209.69,0.74,moneydj,https://www.moneydj.com/Z/ZB/ZBA/CZBA1.DJBCD?a=EB147000
2026-04-09,TPEX,化工,EB147000,342.57,209.48,0.5,moneydj,https://www.moneydj.com/Z/ZB/ZBA/CZBA1.DJBCD?a=EB147000
2026-04-10,TPEX,化工,EB147000,349.5,214.43,0.99,moneydj,https://www.moneydj.com/Z/ZB/ZBA/CZBA1.DJBCD?a=EB147000
2026-04-13,TPEX,化工,EB147000,352.23,216.62,1.09,moneydj,https://www.moneydj.com/Z/ZB/ZBA/CZBA1.DJBCD?a=EB147000
2026-04-14,TPEX,化工,EB147000,356.0,216.03,0.94,moneydj,https://www.moneydj.com/Z/ZB/ZBA/CZBA1.DJBCD?a=EB147000
2026-04-15,TPEX,化工,EB147000,359.86,222.56,0.99,moneydj,https://www.moneydj.com/Z/ZB/ZBA/CZBA1.DJBCD?a=EB147000
2026-04-16,TPEX,化工,EB147000,365.96,221.72,0.85,moneydj,https://www.moneydj.com/Z/ZB/ZBA/CZBA1.DJBCD?a=EB147000
2026-04-17,TPEX,化工,EB147000,372.34,221.58,0.7,moneydj,https://www.moneydj.com/Z/ZB/ZBA/CZBA1.DJBCD?a=EB147000
2026-04-20,TPEX,化工,EB147000,383.5,233.26,1.23,moneydj,https://www.moneydj.com/Z/ZB/ZBA/CZBA1.DJBCD?a=EB147000
2026-04-21,TPEX,化工,EB147000,390.57,235.37,1.18,moneydj,https://www.moneydj.com/Z/ZB/ZBA/CZBA1.DJBCD?a=EB147000
2026-04-22,TPEX,化工,EB147000,395.08,238.58,2.36,moneydj,https://www.moneydj.com/Z/ZB/ZBA/CZBA1.DJBCD?a=EB147000
2026-04-23,TPEX,化工,EB147000,381.32,229.9,1.81,moneydj,https://www.moneydj.com/Z/ZB/ZBA/CZBA1.DJBCD?a=EB147000
2026-04-24,TPEX,化工,EB147000,381.54,224.33,0.8,moneydj,https://www.moneydj.com/Z/ZB/ZBA/CZBA1.DJBCD?a=EB147000
2026-04-27,TPEX,化工,EB147000,377.05,221.3,0.47,moneydj,https://www.moneydj.com/Z/ZB/ZBA/CZBA1.DJBCD?a=EB147000
2026-04-28,TPEX,化工,EB147000,382.06,224.18,0.44,moneydj,https://www.moneydj.com/Z/ZB/ZBA/CZBA1.DJBCD?a=EB147000
2026-04-29,TPEX,化工,EB147000,382.75,225.76,0.53,moneydj,https://www.moneydj.com/Z/ZB/ZBA/CZBA1.DJBCD?a=EB147000
2026-04-30,TPEX,化工,EB147000,384.58,223.77,0.61,moneydj,https://www.moneydj.com/Z/ZB/ZBA/CZBA1.DJBCD?a=EB147000
2026-05-04,TPEX,化工,EB147000,398.25,226.97,0.45,moneydj,https://www.moneydj.com/Z/ZB/ZBA/CZBA1.DJBCD?a=EB147000
2026-05-05,TPEX,化工,EB147000,407.44,230.23,0.5,moneydj,https://www.moneydj.com/Z/ZB/ZBA/CZBA1.DJBCD?a=EB147000
2026-05-06,TPEX,化工,EB147000,410.29,229.83,0.58,moneydj,https://www.moneydj.com/Z/ZB/ZBA/CZBA1.DJBCD?a=EB147000
2026-05-07,TPEX,化工,EB147000,416.41,231.0,0.46,moneydj,https://www.moneydj.com/Z/ZB/ZBA/CZBA1.DJBCD?a=EB147000
2026-05-08,TPEX,化工,EB147000,409.44,235.58,0.83,moneydj,https://www.moneydj.com/Z/ZB/ZBA/CZBA1.DJBCD?a=EB147000
2026-05-11,TPEX,化工,EB147000,422.01,234.15,1.15,moneydj,https://www.moneydj.com/Z/ZB/ZBA/CZBA1.DJBCD?a=EB147000
2026-05-12,TPEX,化工,EB147000,425.71,236.34,1.31,moneydj,https://www.moneydj.com/Z/ZB/ZBA/CZBA1.DJBCD?a=EB147000
2026-05-13,TPEX,化工,EB147000,420.54,230.13,1.06,moneydj,https://www.moneydj.com/Z/ZB/ZBA/CZBA1.DJBCD?a=EB147000
2026-05-14,TPEX,化工,EB147000,426.57,227.69,1.03,moneydj,https://www.moneydj.com/Z/ZB/ZBA/CZBA1.DJBCD?a=EB147000
2026-05-15,TPEX,化工,EB147000,411.18,220.97,0.9,moneydj,https://www.moneydj.com/Z/ZB/ZBA/CZBA1.DJBCD?a=EB147000
2026-05-18,TPEX,化工,EB147000,409.63,220.27,0.73,moneydj,https://www.moneydj.com/Z/ZB/ZBA/CZBA1.DJBCD?a=EB147000
2026-05-19,TPEX,化工,EB147000,398.18,216.79,0.68,moneydj,https://www.moneydj.com/Z/ZB/ZBA/CZBA1.DJBCD?a=EB147000
2026-05-20,TPEX,化工,EB147000,396.42,213.04,0.59,moneydj,https://www.moneydj.com/Z/ZB/ZBA/CZBA1.DJBCD?a=EB147000
2026-05-21,TPEX,化工,EB147000,409.8,222.85,0.81,moneydj,https://www.moneydj.com/Z/ZB/ZBA/CZBA1.DJBCD?a=EB147000
2026-05-22,TPEX,化工,EB147000,423.25,228.76,1.32,moneydj,https://www.moneydj.com/Z/ZB/ZBA/CZBA1.DJBCD?a=EB147000
2026-05-25,TPEX,化工,EB147000,434.99,228.62,0.81,moneydj,https://www.moneydj.com/Z/ZB/ZBA/CZBA1.DJBCD?a=EB147000
2026-05-26,TPEX,化工,EB147000,439.3,231.72,0.87,moneydj,https://www.moneydj.com/Z/ZB/ZBA/CZBA1.DJBCD?a=EB147000
2026-05-27,TPEX,化工,EB147000,440.19,231.28,0.82,moneydj,https://www.moneydj.com/Z/ZB/ZBA/CZBA1.DJBCD?a=EB147000
2026-05-28,TPEX,化工,EB147000,432.48,228.38,0.72,moneydj,https://www.moneydj.com/Z/ZB/ZBA/CZBA1.DJBCD?a=EB147000
2026-05-29,TPEX,化工,EB147000,443.64,228.41,0.49,moneydj,https://www.moneydj.com/Z/ZB/ZBA/CZBA1.DJBCD?a=EB147000
2026-06-01,TPEX,化工,EB147000,446.02,232.92,0.51,moneydj,https://www.moneydj.com/Z/ZB/ZBA/CZBA1.DJBCD?a=EB147000
2026-06-02,TPEX,化工,EB147000,440.64,231.34,0.55,moneydj,https://www.moneydj.com/Z/ZB/ZBA/CZBA1.DJBCD?a=EB147000
2026-06-03,TPEX,化工,EB147000,446.82,232.97,0.81,moneydj,https://www.moneydj.com/Z/ZB/ZBA/CZBA1.DJBCD?a=EB147000
2026-06-04,TPEX,化工,EB147000,440.1,230.97,0.73,moneydj,https://www.moneydj.com/Z/ZB/ZBA/CZBA1.DJBCD?a=EB147000
2026-06-05,TPEX,化工,EB147000,431.07,227.05,0.51,moneydj,https://www.moneydj.com/Z/ZB/ZBA/CZBA1.DJBCD?a=EB147000
2026-06-08,TPEX,化工,EB147000,412.57,217.96,0.71,moneydj,https://www.moneydj.com/Z/ZB/ZBA/CZBA1.DJBCD?a=EB147000
2026-06-09,TPEX,化工,EB147000,424.71,220.86,0.55,moneydj,https://www.moneydj.com/Z/ZB/ZBA/CZBA1.DJBCD?a=EB147000
2026-03-13,TPEX,生技醫療,EB141000,312.9,140.84,1.07,moneydj,https://www.moneydj.com/Z/ZB/ZBA/CZBA1.DJBCD?a=EB141000
2026-03-16,TPEX,生技醫療,EB141000,317.19,141.42,0.9,moneydj,https://www.moneydj.com/Z/ZB/ZBA/CZBA1.DJBCD?a=EB141000
2026-03-17,TPEX,生技醫療,EB141000,321.03,141.87,0.79,moneydj,https://www.moneydj.com/Z/ZB/ZBA/CZBA1.DJBCD?a=EB141000
2026-03-18,TPEX,生技醫療,EB141000,329.4,142.61,1.06,moneydj,https://www.moneydj.com/Z/ZB/ZBA/CZBA1.DJBCD?a=EB141000
2026-03-19,TPEX,生技醫療,EB141000,329.79,140.5,1.24,moneydj,https://www.moneydj.com/Z/ZB/ZBA/CZBA1.DJBCD?a=EB141000
2026-03-20,TPEX,生技醫療,EB141000,328.4,140.03,0.83,moneydj,https://www.moneydj.com/Z/ZB/ZBA/CZBA1.DJBCD?a=EB141000
2026-03-23,TPEX,生技醫療,EB141000,317.02,138.66,1.2,moneydj,https://www.moneydj.com/Z/ZB/ZBA/CZBA1.DJBCD?a=EB141000
2026-03-24,TPEX,生技醫療,EB141000,312.74,139.65,2.14,moneydj,https://www.moneydj.com/Z/ZB/ZBA/CZBA1.DJBCD?a=EB141000
2026-03-25,TPEX,生技醫療,EB141000,324.87,140.95,0.94,moneydj,https://www.moneydj.com/Z/ZB/ZBA/CZBA1.DJBCD?a=EB141000
2026-03-26,TPEX,生技醫療,EB141000,322.8,139.58,0.65,moneydj,https://www.moneydj.com/Z/ZB/ZBA/CZBA1.DJBCD?a=EB141000
2026-03-27,TPEX,生技醫療,EB141000,325.0,139.4,0.65,moneydj,https://www.moneydj.com/Z/ZB/ZBA/CZBA1.DJBCD?a=EB141000
2026-03-30,TPEX,生技醫療,EB141000,320.4,138.84,0.67,moneydj,https://www.moneydj.com/Z/ZB/ZBA/CZBA1.DJBCD?a=EB141000
2026-03-31,TPEX,生技醫療,EB141000,307.73,137.4,0.71,moneydj,https://www.moneydj.com/Z/ZB/ZBA/CZBA1.DJBCD?a=EB141000
2026-04-01,TPEX,生技醫療,EB141000,321.19,140.12,0.9,moneydj,https://www.moneydj.com/Z/ZB/ZBA/CZBA1.DJBCD?a=EB141000
2026-04-02,TPEX,生技醫療,EB141000,317.9,139.63,0.78,moneydj,https://www.moneydj.com/Z/ZB/ZBA/CZBA1.DJBCD?a=EB141000
2026-04-07,TPEX,生技醫療,EB141000,325.61,139.44,0.67,moneydj,https://www.moneydj.com/Z/ZB/ZBA/CZBA1.DJBCD?a=EB141000
2026-04-08,TPEX,生技醫療,EB141000,341.2,139.62,0.56,moneydj,https://www.moneydj.com/Z/ZB/ZBA/CZBA1.DJBCD?a=EB141000
2026-04-09,TPEX,生技醫療,EB141000,342.57,138.76,0.58,moneydj,https://www.moneydj.com/Z/ZB/ZBA/CZBA1.DJBCD?a=EB141000
2026-04-10,TPEX,生技醫療,EB141000,349.5,138.49,0.57,moneydj,https://www.moneydj.com/Z/ZB/ZBA/CZBA1.DJBCD?a=EB141000
2026-04-13,TPEX,生技醫療,EB141000,352.23,137.92,0.64,moneydj,https://www.moneydj.com/Z/ZB/ZBA/CZBA1.DJBCD?a=EB141000
2026-04-14,TPEX,生技醫療,EB141000,356.0,137.49,0.52,moneydj,https://www.moneydj.com/Z/ZB/ZBA/CZBA1.DJBCD?a=EB141000
2026-04-15,TPEX,生技醫療,EB141000,359.86,138.33,0.57,moneydj,https://www.moneydj.com/Z/ZB/ZBA/CZBA1.DJBCD?a=EB141000
2026-04-16,TPEX,生技醫療,EB141000,365.96,138.82,0.48,moneydj,https://www.moneydj.com/Z/ZB/ZBA/CZBA1.DJBCD?a=EB141000
2026-04-17,TPEX,生技醫療,EB141000,372.34,138.07,0.54,moneydj,https://www.moneydj.com/Z/ZB/ZBA/CZBA1.DJBCD?a=EB141000
2026-04-20,TPEX,生技醫療,EB141000,383.5,136.34,0.53,moneydj,https://www.moneydj.com/Z/ZB/ZBA/CZBA1.DJBCD?a=EB141000
2026-04-21,TPEX,生技醫療,EB141000,390.57,136.4,0.41,moneydj,https://www.moneydj.com/Z/ZB/ZBA/CZBA1.DJBCD?a=EB141000
2026-04-22,TPEX,生技醫療,EB141000,395.08,136.74,0.47,moneydj,https://www.moneydj.com/Z/ZB/ZBA/CZBA1.DJBCD?a=EB141000
2026-04-23,TPEX,生技醫療,EB141000,381.32,134.04,0.46,moneydj,https://www.moneydj.com/Z/ZB/ZBA/CZBA1.DJBCD?a=EB141000
2026-04-24,TPEX,生技醫療,EB141000,381.54,133.25,0.38,moneydj,https://www.moneydj.com/Z/ZB/ZBA/CZBA1.DJBCD?a=EB141000
2026-04-27,TPEX,生技醫療,EB141000,377.05,133.14,0.49,moneydj,https://www.moneydj.com/Z/ZB/ZBA/CZBA1.DJBCD?a=EB141000
2026-04-28,TPEX,生技醫療,EB141000,382.06,133.15,0.35,moneydj,https://www.moneydj.com/Z/ZB/ZBA/CZBA1.DJBCD?a=EB141000
2026-04-29,TPEX,生技醫療,EB141000,382.75,133.91,0.41,moneydj,https://www.moneydj.com/Z/ZB/ZBA/CZBA1.DJBCD?a=EB141000
2026-04-30,TPEX,生技醫療,EB141000,384.58,134.48,0.55,moneydj,https://www.moneydj.com/Z/ZB/ZBA/CZBA1.DJBCD?a=EB141000
2026-05-04,TPEX,生技醫療,EB141000,398.25,133.59,0.53,moneydj,https://www.moneydj.com/Z/ZB/ZBA/CZBA1.DJBCD?a=EB141000
2026-05-05,TPEX,生技醫療,EB141000,407.44,134.36,0.4,moneydj,https://www.moneydj.com/Z/ZB/ZBA/CZBA1.DJBCD?a=EB141000
2026-05-06,TPEX,生技醫療,EB141000,410.29,132.64,0.33,moneydj,https://www.moneydj.com/Z/ZB/ZBA/CZBA1.DJBCD?a=EB141000
2026-05-07,TPEX,生技醫療,EB141000,416.41,133.01,0.32,moneydj,https://www.moneydj.com/Z/ZB/ZBA/CZBA1.DJBCD?a=EB141000
2026-05-08,TPEX,生技醫療,EB141000,409.44,132.54,0.32,moneydj,https://www.moneydj.com/Z/ZB/ZBA/CZBA1.DJBCD?a=EB141000
2026-05-11,TPEX,生技醫療,EB141000,422.01,132.25,0.47,moneydj,https://www.moneydj.com/Z/ZB/ZBA/CZBA1.DJBCD?a=EB141000
2026-05-12,TPEX,生技醫療,EB141000,425.71,131.72,0.37,moneydj,https://www.moneydj.com/Z/ZB/ZBA/CZBA1.DJBCD?a=EB141000
2026-05-13,TPEX,生技醫療,EB141000,420.54,131.49,0.39,moneydj,https://www.moneydj.com/Z/ZB/ZBA/CZBA1.DJBCD?a=EB141000
2026-05-14,TPEX,生技醫療,EB141000,426.57,132.17,0.6,moneydj,https://www.moneydj.com/Z/ZB/ZBA/CZBA1.DJBCD?a=EB141000
2026-05-15,TPEX,生技醫療,EB141000,411.18,131.01,0.48,moneydj,https://www.moneydj.com/Z/ZB/ZBA/CZBA1.DJBCD?a=EB141000
2026-05-18,TPEX,生技醫療,EB141000,409.63,131.56,0.5,moneydj,https://www.moneydj.com/Z/ZB/ZBA/CZBA1.DJBCD?a=EB141000
2026-05-19,TPEX,生技醫療,EB141000,398.18,131.39,0.5,moneydj,https://www.moneydj.com/Z/ZB/ZBA/CZBA1.DJBCD?a=EB141000
2026-05-20,TPEX,生技醫療,EB141000,396.42,131.55,0.44,moneydj,https://www.moneydj.com/Z/ZB/ZBA/CZBA1.DJBCD?a=EB141000
2026-05-21,TPEX,生技醫療,EB141000,409.8,133.23,0.51,moneydj,https://www.moneydj.com/Z/ZB/ZBA/CZBA1.DJBCD?a=EB141000
2026-05-22,TPEX,生技醫療,EB141000,423.25,132.61,0.82,moneydj,https://www.moneydj.com/Z/ZB/ZBA/CZBA1.DJBCD?a=EB141000
2026-05-25,TPEX,生技醫療,EB141000,434.99,130.92,0.63,moneydj,https://www.moneydj.com/Z/ZB/ZBA/CZBA1.DJBCD?a=EB141000
2026-05-26,TPEX,生技醫療,EB141000,439.3,130.11,0.43,moneydj,https://www.moneydj.com/Z/ZB/ZBA/CZBA1.DJBCD?a=EB141000
2026-05-27,TPEX,生技醫療,EB141000,440.19,129.44,0.37,moneydj,https://www.moneydj.com/Z/ZB/ZBA/CZBA1.DJBCD?a=EB141000
2026-05-28,TPEX,生技醫療,EB141000,432.48,128.69,0.36,moneydj,https://www.moneydj.com/Z/ZB/ZBA/CZBA1.DJBCD?a=EB141000
2026-05-29,TPEX,生技醫療,EB141000,443.64,129.83,0.38,moneydj,https://www.moneydj.com/Z/ZB/ZBA/CZBA1.DJBCD?a=EB141000
2026-06-01,TPEX,生技醫療,EB141000,446.02,130.52,0.47,moneydj,https://www.moneydj.com/Z/ZB/ZBA/CZBA1.DJBCD?a=EB141000
2026-06-02,TPEX,生技醫療,EB141000,440.64,130.45,0.38,moneydj,https://www.moneydj.com/Z/ZB/ZBA/CZBA1.DJBCD?a=EB141000
2026-06-03,TPEX,生技醫療,EB141000,446.82,130.73,0.54,moneydj,https://www.moneydj.com/Z/ZB/ZBA/CZBA1.DJBCD?a=EB141000
2026-06-04,TPEX,生技醫療,EB141000,440.1,131.81,0.62,moneydj,https://www.moneydj.com/Z/ZB/ZBA/CZBA1.DJBCD?a=EB141000
2026-06-05,TPEX,生技醫療,EB141000,431.07,131.79,0.67,moneydj,https://www.moneydj.com/Z/ZB/ZBA/CZBA1.DJBCD?a=EB141000
2026-06-08,TPEX,生技醫療,EB141000,412.57,129.74,0.71,moneydj,https://www.moneydj.com/Z/ZB/ZBA/CZBA1.DJBCD?a=EB141000
2026-06-09,TPEX,生技醫療,EB141000,424.71,130.5,0.57,moneydj,https://www.moneydj.com/Z/ZB/ZBA/CZBA1.DJBCD?a=EB141000
2026-03-13,TPEX,鋼鐵,EB150000,312.9,140.54,0.06,moneydj,https://www.moneydj.com/Z/ZB/ZBA/CZBA1.DJBCD?a=EB150000
2026-03-16,TPEX,鋼鐵,EB150000,317.19,139.89,0.06,moneydj,https://www.moneydj.com/Z/ZB/ZBA/CZBA1.DJBCD?a=EB150000
2026-03-17,TPEX,鋼鐵,EB150000,321.03,140.63,0.06,moneydj,https://www.moneydj.com/Z/ZB/ZBA/CZBA1.DJBCD?a=EB150000
2026-03-18,TPEX,鋼鐵,EB150000,329.4,142.37,0.17,moneydj,https://www.moneydj.com/Z/ZB/ZBA/CZBA1.DJBCD?a=EB150000
2026-03-19,TPEX,鋼鐵,EB150000,329.79,141.75,0.08,moneydj,https://www.moneydj.com/Z/ZB/ZBA/CZBA1.DJBCD?a=EB150000
2026-03-20,TPEX,鋼鐵,EB150000,328.4,142.17,0.08,moneydj,https://www.moneydj.com/Z/ZB/ZBA/CZBA1.DJBCD?a=EB150000
2026-03-23,TPEX,鋼鐵,EB150000,317.02,139.94,0.11,moneydj,https://www.moneydj.com/Z/ZB/ZBA/CZBA1.DJBCD?a=EB150000
2026-03-24,TPEX,鋼鐵,EB150000,312.74,139.0,0.05,moneydj,https://www.moneydj.com/Z/ZB/ZBA/CZBA1.DJBCD?a=EB150000
2026-03-25,TPEX,鋼鐵,EB150000,324.87,139.71,0.05,moneydj,https://www.moneydj.com/Z/ZB/ZBA/CZBA1.DJBCD?a=EB150000
2026-03-26,TPEX,鋼鐵,EB150000,322.8,139.6,0.04,moneydj,https://www.moneydj.com/Z/ZB/ZBA/CZBA1.DJBCD?a=EB150000
2026-03-27,TPEX,鋼鐵,EB150000,325.0,139.27,0.05,moneydj,https://www.moneydj.com/Z/ZB/ZBA/CZBA1.DJBCD?a=EB150000
2026-03-30,TPEX,鋼鐵,EB150000,320.4,140.26,0.12,moneydj,https://www.moneydj.com/Z/ZB/ZBA/CZBA1.DJBCD?a=EB150000
2026-03-31,TPEX,鋼鐵,EB150000,307.73,138.46,0.11,moneydj,https://www.moneydj.com/Z/ZB/ZBA/CZBA1.DJBCD?a=EB150000
2026-04-01,TPEX,鋼鐵,EB150000,321.19,139.56,0.07,moneydj,https://www.moneydj.com/Z/ZB/ZBA/CZBA1.DJBCD?a=EB150000
2026-04-02,TPEX,鋼鐵,EB150000,317.9,139.36,0.07,moneydj,https://www.moneydj.com/Z/ZB/ZBA/CZBA1.DJBCD?a=EB150000
2026-04-07,TPEX,鋼鐵,EB150000,325.61,140.06,0.06,moneydj,https://www.moneydj.com/Z/ZB/ZBA/CZBA1.DJBCD?a=EB150000
2026-04-08,TPEX,鋼鐵,EB150000,341.2,140.05,0.04,moneydj,https://www.moneydj.com/Z/ZB/ZBA/CZBA1.DJBCD?a=EB150000
2026-04-09,TPEX,鋼鐵,EB150000,342.57,140.65,0.04,moneydj,https://www.moneydj.com/Z/ZB/ZBA/CZBA1.DJBCD?a=EB150000
2026-04-10,TPEX,鋼鐵,EB150000,349.5,140.46,0.04,moneydj,https://www.moneydj.com/Z/ZB/ZBA/CZBA1.DJBCD?a=EB150000
2026-04-13,TPEX,鋼鐵,EB150000,352.23,139.99,0.06,moneydj,https://www.moneydj.com/Z/ZB/ZBA/CZBA1.DJBCD?a=EB150000
2026-04-14,TPEX,鋼鐵,EB150000,356.0,139.79,0.04,moneydj,https://www.moneydj.com/Z/ZB/ZBA/CZBA1.DJBCD?a=EB150000
2026-04-15,TPEX,鋼鐵,EB150000,359.86,138.57,0.05,moneydj,https://www.moneydj.com/Z/ZB/ZBA/CZBA1.DJBCD?a=EB150000
2026-04-16,TPEX,鋼鐵,EB150000,365.96,139.3,0.05,moneydj,https://www.moneydj.com/Z/ZB/ZBA/CZBA1.DJBCD?a=EB150000
2026-04-17,TPEX,鋼鐵,EB150000,372.34,139.59,0.04,moneydj,https://www.moneydj.com/Z/ZB/ZBA/CZBA1.DJBCD?a=EB150000
2026-04-20,TPEX,鋼鐵,EB150000,383.5,141.08,0.09,moneydj,https://www.moneydj.com/Z/ZB/ZBA/CZBA1.DJBCD?a=EB150000
2026-04-21,TPEX,鋼鐵,EB150000,390.57,140.76,0.04,moneydj,https://www.moneydj.com/Z/ZB/ZBA/CZBA1.DJBCD?a=EB150000
2026-04-22,TPEX,鋼鐵,EB150000,395.08,139.84,0.04,moneydj,https://www.moneydj.com/Z/ZB/ZBA/CZBA1.DJBCD?a=EB150000
2026-04-23,TPEX,鋼鐵,EB150000,381.32,138.51,0.05,moneydj,https://www.moneydj.com/Z/ZB/ZBA/CZBA1.DJBCD?a=EB150000
2026-04-24,TPEX,鋼鐵,EB150000,381.54,138.8,0.06,moneydj,https://www.moneydj.com/Z/ZB/ZBA/CZBA1.DJBCD?a=EB150000
2026-04-27,TPEX,鋼鐵,EB150000,377.05,137.81,0.06,moneydj,https://www.moneydj.com/Z/ZB/ZBA/CZBA1.DJBCD?a=EB150000
2026-04-28,TPEX,鋼鐵,EB150000,382.06,138.43,0.04,moneydj,https://www.moneydj.com/Z/ZB/ZBA/CZBA1.DJBCD?a=EB150000
2026-04-29,TPEX,鋼鐵,EB150000,382.75,140.68,0.1,moneydj,https://www.moneydj.com/Z/ZB/ZBA/CZBA1.DJBCD?a=EB150000
2026-04-30,TPEX,鋼鐵,EB150000,384.58,139.23,0.07,moneydj,https://www.moneydj.com/Z/ZB/ZBA/CZBA1.DJBCD?a=EB150000
2026-05-04,TPEX,鋼鐵,EB150000,398.25,140.56,0.09,moneydj,https://www.moneydj.com/Z/ZB/ZBA/CZBA1.DJBCD?a=EB150000
2026-05-05,TPEX,鋼鐵,EB150000,407.44,141.48,0.09,moneydj,https://www.moneydj.com/Z/ZB/ZBA/CZBA1.DJBCD?a=EB150000
2026-05-06,TPEX,鋼鐵,EB150000,410.29,141.07,0.06,moneydj,https://www.moneydj.com/Z/ZB/ZBA/CZBA1.DJBCD?a=EB150000
2026-05-07,TPEX,鋼鐵,EB150000,416.41,142.35,0.13,moneydj,https://www.moneydj.com/Z/ZB/ZBA/CZBA1.DJBCD?a=EB150000
2026-05-08,TPEX,鋼鐵,EB150000,409.44,143.51,0.12,moneydj,https://www.moneydj.com/Z/ZB/ZBA/CZBA1.DJBCD?a=EB150000
2026-05-11,TPEX,鋼鐵,EB150000,422.01,146.81,0.27,moneydj,https://www.moneydj.com/Z/ZB/ZBA/CZBA1.DJBCD?a=EB150000
2026-05-12,TPEX,鋼鐵,EB150000,425.71,144.52,0.2,moneydj,https://www.moneydj.com/Z/ZB/ZBA/CZBA1.DJBCD?a=EB150000
2026-05-13,TPEX,鋼鐵,EB150000,420.54,143.55,0.1,moneydj,https://www.moneydj.com/Z/ZB/ZBA/CZBA1.DJBCD?a=EB150000
2026-05-14,TPEX,鋼鐵,EB150000,426.57,144.45,0.1,moneydj,https://www.moneydj.com/Z/ZB/ZBA/CZBA1.DJBCD?a=EB150000
2026-05-15,TPEX,鋼鐵,EB150000,411.18,144.36,0.09,moneydj,https://www.moneydj.com/Z/ZB/ZBA/CZBA1.DJBCD?a=EB150000
2026-05-18,TPEX,鋼鐵,EB150000,409.63,143.12,0.08,moneydj,https://www.moneydj.com/Z/ZB/ZBA/CZBA1.DJBCD?a=EB150000
2026-05-19,TPEX,鋼鐵,EB150000,398.18,143.67,0.06,moneydj,https://www.moneydj.com/Z/ZB/ZBA/CZBA1.DJBCD?a=EB150000
2026-05-20,TPEX,鋼鐵,EB150000,396.42,144.49,0.06,moneydj,https://www.moneydj.com/Z/ZB/ZBA/CZBA1.DJBCD?a=EB150000
2026-05-21,TPEX,鋼鐵,EB150000,409.8,144.93,0.08,moneydj,https://www.moneydj.com/Z/ZB/ZBA/CZBA1.DJBCD?a=EB150000
2026-05-22,TPEX,鋼鐵,EB150000,423.25,144.46,0.07,moneydj,https://www.moneydj.com/Z/ZB/ZBA/CZBA1.DJBCD?a=EB150000
2026-05-25,TPEX,鋼鐵,EB150000,434.99,147.14,0.09,moneydj,https://www.moneydj.com/Z/ZB/ZBA/CZBA1.DJBCD?a=EB150000
2026-05-26,TPEX,鋼鐵,EB150000,439.3,144.3,0.1,moneydj,https://www.moneydj.com/Z/ZB/ZBA/CZBA1.DJBCD?a=EB150000
2026-05-27,TPEX,鋼鐵,EB150000,440.19,143.37,0.06,moneydj,https://www.moneydj.com/Z/ZB/ZBA/CZBA1.DJBCD?a=EB150000
2026-05-28,TPEX,鋼鐵,EB150000,432.48,142.87,0.06,moneydj,https://www.moneydj.com/Z/ZB/ZBA/CZBA1.DJBCD?a=EB150000
2026-05-29,TPEX,鋼鐵,EB150000,443.64,143.42,0.05,moneydj,https://www.moneydj.com/Z/ZB/ZBA/CZBA1.DJBCD?a=EB150000
2026-06-01,TPEX,鋼鐵,EB150000,446.02,144.92,0.07,moneydj,https://www.moneydj.com/Z/ZB/ZBA/CZBA1.DJBCD?a=EB150000
2026-06-02,TPEX,鋼鐵,EB150000,440.64,144.28,0.04,moneydj,https://www.moneydj.com/Z/ZB/ZBA/CZBA1.DJBCD?a=EB150000
2026-06-03,TPEX,鋼鐵,EB150000,446.82,146.85,0.13,moneydj,https://www.moneydj.com/Z/ZB/ZBA/CZBA1.DJBCD?a=EB150000
2026-06-04,TPEX,鋼鐵,EB150000,440.1,147.03,0.07,moneydj,https://www.moneydj.com/Z/ZB/ZBA/CZBA1.DJBCD?a=EB150000
2026-06-05,TPEX,鋼鐵,EB150000,431.07,146.27,0.05,moneydj,https://www.moneydj.com/Z/ZB/ZBA/CZBA1.DJBCD?a=EB150000
2026-06-08,TPEX,鋼鐵,EB150000,412.57,142.24,0.1,moneydj,https://www.moneydj.com/Z/ZB/ZBA/CZBA1.DJBCD?a=EB150000
2026-06-09,TPEX,鋼鐵,EB150000,424.71,144.41,0.06,moneydj,https://www.moneydj.com/Z/ZB/ZBA/CZBA1.DJBCD?a=EB150000
2026-03-13,TPEX,電子,EB153000,312.9,589.37,87.52,moneydj,https://www.moneydj.com/Z/ZB/ZBA/CZBA1.DJBCD?a=EB153000
2026-03-16,TPEX,電子,EB153000,317.19,599.46,88.67,moneydj,https://www.moneydj.com/Z/ZB/ZBA/CZBA1.DJBCD?a=EB153000
2026-03-17,TPEX,電子,EB153000,321.03,608.19,89.54,moneydj,https://www.moneydj.com/Z/ZB/ZBA/CZBA1.DJBCD?a=EB153000
2026-03-18,TPEX,電子,EB153000,329.4,628.44,88.2,moneydj,https://www.moneydj.com/Z/ZB/ZBA/CZBA1.DJBCD?a=EB153000
2026-03-19,TPEX,電子,EB153000,329.79,631.06,89.48,moneydj,https://www.moneydj.com/Z/ZB/ZBA/CZBA1.DJBCD?a=EB153000
2026-03-20,TPEX,電子,EB153000,328.4,628.36,91.64,moneydj,https://www.moneydj.com/Z/ZB/ZBA/CZBA1.DJBCD?a=EB153000
2026-03-23,TPEX,電子,EB153000,317.02,602.25,87.49,moneydj,https://www.moneydj.com/Z/ZB/ZBA/CZBA1.DJBCD?a=EB153000
2026-03-24,TPEX,電子,EB153000,312.74,591.22,89.62,moneydj,https://www.moneydj.com/Z/ZB/ZBA/CZBA1.DJBCD?a=EB153000
2026-03-25,TPEX,電子,EB153000,324.87,619.33,87.82,moneydj,https://www.moneydj.com/Z/ZB/ZBA/CZBA1.DJBCD?a=EB153000
2026-03-26,TPEX,電子,EB153000,322.8,614.1,89.52,moneydj,https://www.moneydj.com/Z/ZB/ZBA/CZBA1.DJBCD?a=EB153000
2026-03-27,TPEX,電子,EB153000,325.0,619.19,89.62,moneydj,https://www.moneydj.com/Z/ZB/ZBA/CZBA1.DJBCD?a=EB153000
2026-03-30,TPEX,電子,EB153000,320.4,609.82,87.4,moneydj,https://www.moneydj.com/Z/ZB/ZBA/CZBA1.DJBCD?a=EB153000
2026-03-31,TPEX,電子,EB153000,307.73,580.24,86.65,moneydj,https://www.moneydj.com/Z/ZB/ZBA/CZBA1.DJBCD?a=EB153000
2026-04-01,TPEX,電子,EB153000,321.19,611.06,88.03,moneydj,https://www.moneydj.com/Z/ZB/ZBA/CZBA1.DJBCD?a=EB153000
2026-04-02,TPEX,電子,EB153000,317.9,604.26,89.87,moneydj,https://www.moneydj.com/Z/ZB/ZBA/CZBA1.DJBCD?a=EB153000
2026-04-07,TPEX,電子,EB153000,325.61,622.57,89.31,moneydj,https://www.moneydj.com/Z/ZB/ZBA/CZBA1.DJBCD?a=EB153000
2026-04-08,TPEX,電子,EB153000,341.2,660.82,89.18,moneydj,https://www.moneydj.com/Z/ZB/ZBA/CZBA1.DJBCD?a=EB153000
2026-04-09,TPEX,電子,EB153000,342.57,664.97,92.3,moneydj,https://www.moneydj.com/Z/ZB/ZBA/CZBA1.DJBCD?a=EB153000
2026-04-10,TPEX,電子,EB153000,349.5,682.21,91.88,moneydj,https://www.moneydj.com/Z/ZB/ZBA/CZBA1.DJBCD?a=EB153000
2026-04-13,TPEX,電子,EB153000,352.23,689.36,92.03,moneydj,https://www.moneydj.com/Z/ZB/ZBA/CZBA1.DJBCD?a=EB153000
2026-04-14,TPEX,電子,EB153000,356.0,698.69,91.6,moneydj,https://www.moneydj.com/Z/ZB/ZBA/CZBA1.DJBCD?a=EB153000
2026-04-15,TPEX,電子,EB153000,359.86,708.04,90.57,moneydj,https://www.moneydj.com/Z/ZB/ZBA/CZBA1.DJBCD?a=EB153000
2026-04-16,TPEX,電子,EB153000,365.96,722.75,92.19,moneydj,https://www.moneydj.com/Z/ZB/ZBA/CZBA1.DJBCD?a=EB153000
2026-04-17,TPEX,電子,EB153000,372.34,738.6,91.25,moneydj,https://www.moneydj.com/Z/ZB/ZBA/CZBA1.DJBCD?a=EB153000
2026-04-20,TPEX,電子,EB153000,383.5,765.58,90.91,moneydj,https://www.moneydj.com/Z/ZB/ZBA/CZBA1.DJBCD?a=EB153000
2026-04-21,TPEX,電子,EB153000,390.57,782.94,92.05,moneydj,https://www.moneydj.com/Z/ZB/ZBA/CZBA1.DJBCD?a=EB153000
2026-04-22,TPEX,電子,EB153000,395.08,793.41,90.37,moneydj,https://www.moneydj.com/Z/ZB/ZBA/CZBA1.DJBCD?a=EB153000
2026-04-23,TPEX,電子,EB153000,381.32,762.58,91.66,moneydj,https://www.moneydj.com/Z/ZB/ZBA/CZBA1.DJBCD?a=EB153000
2026-04-24,TPEX,電子,EB153000,381.54,763.92,92.34,moneydj,https://www.moneydj.com/Z/ZB/ZBA/CZBA1.DJBCD?a=EB153000
2026-04-27,TPEX,電子,EB153000,377.05,754.2,90.71,moneydj,https://www.moneydj.com/Z/ZB/ZBA/CZBA1.DJBCD?a=EB153000
2026-04-28,TPEX,電子,EB153000,382.06,765.88,92.9,moneydj,https://www.moneydj.com/Z/ZB/ZBA/CZBA1.DJBCD?a=EB153000
2026-04-29,TPEX,電子,EB153000,382.75,766.91,91.0,moneydj,https://www.moneydj.com/Z/ZB/ZBA/CZBA1.DJBCD?a=EB153000
2026-04-30,TPEX,電子,EB153000,384.58,771.56,91.74,moneydj,https://www.moneydj.com/Z/ZB/ZBA/CZBA1.DJBCD?a=EB153000
2026-05-04,TPEX,電子,EB153000,398.25,805.28,89.46,moneydj,https://www.moneydj.com/Z/ZB/ZBA/CZBA1.DJBCD?a=EB153000
2026-05-05,TPEX,電子,EB153000,407.44,827.3,91.72,moneydj,https://www.moneydj.com/Z/ZB/ZBA/CZBA1.DJBCD?a=EB153000
2026-05-06,TPEX,電子,EB153000,410.29,835.4,93.51,moneydj,https://www.moneydj.com/Z/ZB/ZBA/CZBA1.DJBCD?a=EB153000
2026-05-07,TPEX,電子,EB153000,416.41,850.2,93.09,moneydj,https://www.moneydj.com/Z/ZB/ZBA/CZBA1.DJBCD?a=EB153000
2026-05-08,TPEX,電子,EB153000,409.44,832.54,93.67,moneydj,https://www.moneydj.com/Z/ZB/ZBA/CZBA1.DJBCD?a=EB153000
2026-05-11,TPEX,電子,EB153000,422.01,863.6,91.11,moneydj,https://www.moneydj.com/Z/ZB/ZBA/CZBA1.DJBCD?a=EB153000
2026-05-12,TPEX,電子,EB153000,425.71,873.4,92.4,moneydj,https://www.moneydj.com/Z/ZB/ZBA/CZBA1.DJBCD?a=EB153000
2026-05-13,TPEX,電子,EB153000,420.54,861.55,92.58,moneydj,https://www.moneydj.com/Z/ZB/ZBA/CZBA1.DJBCD?a=EB153000
2026-05-14,TPEX,電子,EB153000,426.57,876.63,92.01,moneydj,https://www.moneydj.com/Z/ZB/ZBA/CZBA1.DJBCD?a=EB153000
2026-05-15,TPEX,電子,EB153000,411.18,839.48,91.42,moneydj,https://www.moneydj.com/Z/ZB/ZBA/CZBA1.DJBCD?a=EB153000
2026-05-18,TPEX,電子,EB153000,409.63,835.42,91.92,moneydj,https://www.moneydj.com/Z/ZB/ZBA/CZBA1.DJBCD?a=EB153000
2026-05-19,TPEX,電子,EB153000,398.18,806.58,91.81,moneydj,https://www.moneydj.com/Z/ZB/ZBA/CZBA1.DJBCD?a=EB153000
2026-05-20,TPEX,電子,EB153000,396.42,802.28,89.95,moneydj,https://www.moneydj.com/Z/ZB/ZBA/CZBA1.DJBCD?a=EB153000
2026-05-21,TPEX,電子,EB153000,409.8,833.5,90.26,moneydj,https://www.moneydj.com/Z/ZB/ZBA/CZBA1.DJBCD?a=EB153000
2026-05-22,TPEX,電子,EB153000,423.25,866.55,89.37,moneydj,https://www.moneydj.com/Z/ZB/ZBA/CZBA1.DJBCD?a=EB153000
2026-05-25,TPEX,電子,EB153000,434.99,896.6,91.14,moneydj,https://www.moneydj.com/Z/ZB/ZBA/CZBA1.DJBCD?a=EB153000
2026-05-26,TPEX,電子,EB153000,439.3,907.95,91.72,moneydj,https://www.moneydj.com/Z/ZB/ZBA/CZBA1.DJBCD?a=EB153000
2026-05-27,TPEX,電子,EB153000,440.19,910.22,92.33,moneydj,https://www.moneydj.com/Z/ZB/ZBA/CZBA1.DJBCD?a=EB153000
2026-05-28,TPEX,電子,EB153000,432.48,891.69,92.06,moneydj,https://www.moneydj.com/Z/ZB/ZBA/CZBA1.DJBCD?a=EB153000
2026-05-29,TPEX,電子,EB153000,443.64,917.31,92.58,moneydj,https://www.moneydj.com/Z/ZB/ZBA/CZBA1.DJBCD?a=EB153000
2026-06-01,TPEX,電子,EB153000,446.02,920.97,91.34,moneydj,https://www.moneydj.com/Z/ZB/ZBA/CZBA1.DJBCD?a=EB153000
2026-06-02,TPEX,電子,EB153000,440.64,906.38,91.52,moneydj,https://www.moneydj.com/Z/ZB/ZBA/CZBA1.DJBCD?a=EB153000
2026-06-03,TPEX,電子,EB153000,446.82,920.31,91.51,moneydj,https://www.moneydj.com/Z/ZB/ZBA/CZBA1.DJBCD?a=EB153000
2026-06-04,TPEX,電子,EB153000,440.1,902.76,89.93,moneydj,https://www.moneydj.com/Z/ZB/ZBA/CZBA1.DJBCD?a=EB153000
2026-06-05,TPEX,電子,EB153000,431.07,880.42,90.95,moneydj,https://www.moneydj.com/Z/ZB/ZBA/CZBA1.DJBCD?a=EB153000
2026-06-08,TPEX,電子,EB153000,412.57,838.61,88.02,moneydj,https://www.moneydj.com/Z/ZB/ZBA/CZBA1.DJBCD?a=EB153000
2026-06-09,TPEX,電子,EB153000,424.71,867.4,89.3,moneydj,https://www.moneydj.com/Z/ZB/ZBA/CZBA1.DJBCD?a=EB153000
2026-03-13,TPEX,半導體,EB162000,312.9,187.05,44.1,moneydj,https://www.moneydj.com/Z/ZB/ZBA/CZBA1.DJBCD?a=EB162000
2026-03-16,TPEX,半導體,EB162000,317.19,191.07,41.93,moneydj,https://www.moneydj.com/Z/ZB/ZBA/CZBA1.DJBCD?a=EB162000
2026-03-17,TPEX,半導體,EB162000,321.03,195.44,43.12,moneydj,https://www.moneydj.com/Z/ZB/ZBA/CZBA1.DJBCD?a=EB162000
2026-03-18,TPEX,半導體,EB162000,329.4,203.75,47.57,moneydj,https://www.moneydj.com/Z/ZB/ZBA/CZBA1.DJBCD?a=EB162000
2026-03-19,TPEX,半導體,EB162000,329.79,203.08,40.82,moneydj,https://www.moneydj.com/Z/ZB/ZBA/CZBA1.DJBCD?a=EB162000
2026-03-20,TPEX,半導體,EB162000,328.4,201.43,43.73,moneydj,https://www.moneydj.com/Z/ZB/ZBA/CZBA1.DJBCD?a=EB162000
2026-03-23,TPEX,半導體,EB162000,317.02,192.64,38.15,moneydj,https://www.moneydj.com/Z/ZB/ZBA/CZBA1.DJBCD?a=EB162000
2026-03-24,TPEX,半導體,EB162000,312.74,188.0,43.22,moneydj,https://www.moneydj.com/Z/ZB/ZBA/CZBA1.DJBCD?a=EB162000
2026-03-25,TPEX,半導體,EB162000,324.87,197.55,35.69,moneydj,https://www.moneydj.com/Z/ZB/ZBA/CZBA1.DJBCD?a=EB162000
2026-03-26,TPEX,半導體,EB162000,322.8,195.48,39.21,moneydj,https://www.moneydj.com/Z/ZB/ZBA/CZBA1.DJBCD?a=EB162000
2026-03-27,TPEX,半導體,EB162000,325.0,196.27,45.35,moneydj,https://www.moneydj.com/Z/ZB/ZBA/CZBA1.DJBCD?a=EB162000
2026-03-30,TPEX,半導體,EB162000,320.4,194.13,46.59,moneydj,https://www.moneydj.com/Z/ZB/ZBA/CZBA1.DJBCD?a=EB162000
2026-03-31,TPEX,半導體,EB162000,307.73,184.86,44.35,moneydj,https://www.moneydj.com/Z/ZB/ZBA/CZBA1.DJBCD?a=EB162000
2026-04-01,TPEX,半導體,EB162000,321.19,195.32,44.77,moneydj,https://www.moneydj.com/Z/ZB/ZBA/CZBA1.DJBCD?a=EB162000
2026-04-02,TPEX,半導體,EB162000,317.9,191.65,49.91,moneydj,https://www.moneydj.com/Z/ZB/ZBA/CZBA1.DJBCD?a=EB162000
2026-04-07,TPEX,半導體,EB162000,325.61,196.71,41.26,moneydj,https://www.moneydj.com/Z/ZB/ZBA/CZBA1.DJBCD?a=EB162000
2026-04-08,TPEX,半導體,EB162000,341.2,210.8,39.83,moneydj,https://www.moneydj.com/Z/ZB/ZBA/CZBA1.DJBCD?a=EB162000
2026-04-09,TPEX,半導體,EB162000,342.57,210.26,37.37,moneydj,https://www.moneydj.com/Z/ZB/ZBA/CZBA1.DJBCD?a=EB162000
2026-04-10,TPEX,半導體,EB162000,349.5,216.43,41.95,moneydj,https://www.moneydj.com/Z/ZB/ZBA/CZBA1.DJBCD?a=EB162000
2026-04-13,TPEX,半導體,EB162000,352.23,218.38,36.63,moneydj,https://www.moneydj.com/Z/ZB/ZBA/CZBA1.DJBCD?a=EB162000
2026-04-14,TPEX,半導體,EB162000,356.0,221.85,37.79,moneydj,https://www.moneydj.com/Z/ZB/ZBA/CZBA1.DJBCD?a=EB162000
2026-04-15,TPEX,半導體,EB162000,359.86,223.24,36.34,moneydj,https://www.moneydj.com/Z/ZB/ZBA/CZBA1.DJBCD?a=EB162000
2026-04-16,TPEX,半導體,EB162000,365.96,229.67,38.74,moneydj,https://www.moneydj.com/Z/ZB/ZBA/CZBA1.DJBCD?a=EB162000
2026-04-17,TPEX,半導體,EB162000,372.34,234.01,40.27,moneydj,https://www.moneydj.com/Z/ZB/ZBA/CZBA1.DJBCD?a=EB162000
2026-04-20,TPEX,半導體,EB162000,383.5,244.05,43.43,moneydj,https://www.moneydj.com/Z/ZB/ZBA/CZBA1.DJBCD?a=EB162000
2026-04-21,TPEX,半導體,EB162000,390.57,252.4,48.89,moneydj,https://www.moneydj.com/Z/ZB/ZBA/CZBA1.DJBCD?a=EB162000
2026-04-22,TPEX,半導體,EB162000,395.08,256.74,50.21,moneydj,https://www.moneydj.com/Z/ZB/ZBA/CZBA1.DJBCD?a=EB162000
2026-04-23,TPEX,半導體,EB162000,381.32,246.48,46.34,moneydj,https://www.moneydj.com/Z/ZB/ZBA/CZBA1.DJBCD?a=EB162000
2026-04-24,TPEX,半導體,EB162000,381.54,247.72,48.39,moneydj,https://www.moneydj.com/Z/ZB/ZBA/CZBA1.DJBCD?a=EB162000
2026-04-27,TPEX,半導體,EB162000,377.05,248.23,51.36,moneydj,https://www.moneydj.com/Z/ZB/ZBA/CZBA1.DJBCD?a=EB162000
2026-04-28,TPEX,半導體,EB162000,382.06,252.86,54.8,moneydj,https://www.moneydj.com/Z/ZB/ZBA/CZBA1.DJBCD?a=EB162000
2026-04-29,TPEX,半導體,EB162000,382.75,253.4,56.59,moneydj,https://www.moneydj.com/Z/ZB/ZBA/CZBA1.DJBCD?a=EB162000
2026-04-30,TPEX,半導體,EB162000,384.58,254.3,55.31,moneydj,https://www.moneydj.com/Z/ZB/ZBA/CZBA1.DJBCD?a=EB162000
2026-05-04,TPEX,半導體,EB162000,398.25,266.87,51.38,moneydj,https://www.moneydj.com/Z/ZB/ZBA/CZBA1.DJBCD?a=EB162000
2026-05-05,TPEX,半導體,EB162000,407.44,274.11,51.59,moneydj,https://www.moneydj.com/Z/ZB/ZBA/CZBA1.DJBCD?a=EB162000
2026-05-06,TPEX,半導體,EB162000,410.29,278.8,50.67,moneydj,https://www.moneydj.com/Z/ZB/ZBA/CZBA1.DJBCD?a=EB162000
2026-05-07,TPEX,半導體,EB162000,416.41,283.95,49.5,moneydj,https://www.moneydj.com/Z/ZB/ZBA/CZBA1.DJBCD?a=EB162000
2026-05-08,TPEX,半導體,EB162000,409.44,277.07,52.55,moneydj,https://www.moneydj.com/Z/ZB/ZBA/CZBA1.DJBCD?a=EB162000
2026-05-11,TPEX,半導體,EB162000,422.01,288.9,49.56,moneydj,https://www.moneydj.com/Z/ZB/ZBA/CZBA1.DJBCD?a=EB162000
2026-05-12,TPEX,半導體,EB162000,425.71,290.94,50.6,moneydj,https://www.moneydj.com/Z/ZB/ZBA/CZBA1.DJBCD?a=EB162000
2026-05-13,TPEX,半導體,EB162000,420.54,285.88,51.79,moneydj,https://www.moneydj.com/Z/ZB/ZBA/CZBA1.DJBCD?a=EB162000
2026-05-14,TPEX,半導體,EB162000,426.57,293.65,46.29,moneydj,https://www.moneydj.com/Z/ZB/ZBA/CZBA1.DJBCD?a=EB162000
2026-05-15,TPEX,半導體,EB162000,411.18,280.77,54.94,moneydj,https://www.moneydj.com/Z/ZB/ZBA/CZBA1.DJBCD?a=EB162000
2026-05-18,TPEX,半導體,EB162000,409.63,276.91,55.46,moneydj,https://www.moneydj.com/Z/ZB/ZBA/CZBA1.DJBCD?a=EB162000
2026-05-19,TPEX,半導體,EB162000,398.18,264.68,53.66,moneydj,https://www.moneydj.com/Z/ZB/ZBA/CZBA1.DJBCD?a=EB162000
2026-05-20,TPEX,半導體,EB162000,396.42,261.75,51.89,moneydj,https://www.moneydj.com/Z/ZB/ZBA/CZBA1.DJBCD?a=EB162000
2026-05-21,TPEX,半導體,EB162000,409.8,272.34,52.18,moneydj,https://www.moneydj.com/Z/ZB/ZBA/CZBA1.DJBCD?a=EB162000
2026-05-22,TPEX,半導體,EB162000,423.25,283.59,48.54,moneydj,https://www.moneydj.com/Z/ZB/ZBA/CZBA1.DJBCD?a=EB162000
2026-05-25,TPEX,半導體,EB162000,434.99,292.42,48.05,moneydj,https://www.moneydj.com/Z/ZB/ZBA/CZBA1.DJBCD?a=EB162000
2026-05-26,TPEX,半導體,EB162000,439.3,295.78,45.67,moneydj,https://www.moneydj.com/Z/ZB/ZBA/CZBA1.DJBCD?a=EB162000
2026-05-27,TPEX,半導體,EB162000,440.19,298.33,54.87,moneydj,https://www.moneydj.com/Z/ZB/ZBA/CZBA1.DJBCD?a=EB162000
2026-05-28,TPEX,半導體,EB162000,432.48,293.54,52.14,moneydj,https://www.moneydj.com/Z/ZB/ZBA/CZBA1.DJBCD?a=EB162000
2026-05-29,TPEX,半導體,EB162000,443.64,302.68,52.94,moneydj,https://www.moneydj.com/Z/ZB/ZBA/CZBA1.DJBCD?a=EB162000
2026-06-01,TPEX,半導體,EB162000,446.02,299.97,48.96,moneydj,https://www.moneydj.com/Z/ZB/ZBA/CZBA1.DJBCD?a=EB162000
2026-06-02,TPEX,半導體,EB162000,440.64,296.72,46.96,moneydj,https://www.moneydj.com/Z/ZB/ZBA/CZBA1.DJBCD?a=EB162000
2026-06-03,TPEX,半導體,EB162000,446.82,298.72,52.22,moneydj,https://www.moneydj.com/Z/ZB/ZBA/CZBA1.DJBCD?a=EB162000
2026-06-04,TPEX,半導體,EB162000,440.1,293.92,44.29,moneydj,https://www.moneydj.com/Z/ZB/ZBA/CZBA1.DJBCD?a=EB162000
2026-06-05,TPEX,半導體,EB162000,431.07,283.53,43.82,moneydj,https://www.moneydj.com/Z/ZB/ZBA/CZBA1.DJBCD?a=EB162000
2026-06-08,TPEX,半導體,EB162000,412.57,269.69,40.2,moneydj,https://www.moneydj.com/Z/ZB/ZBA/CZBA1.DJBCD?a=EB162000
2026-06-09,TPEX,半導體,EB162000,424.71,279.26,38.17,moneydj,https://www.moneydj.com/Z/ZB/ZBA/CZBA1.DJBCD?a=EB162000
2026-03-13,TPEX,電腦及週邊設備,EB163000,312.9,155.18,5.57,moneydj,https://www.moneydj.com/Z/ZB/ZBA/CZBA1.DJBCD?a=EB163000
2026-03-16,TPEX,電腦及週邊設備,EB163000,317.19,158.11,7.07,moneydj,https://www.moneydj.com/Z/ZB/ZBA/CZBA1.DJBCD?a=EB163000
2026-03-17,TPEX,電腦及週邊設備,EB163000,321.03,163.37,3.19,moneydj,https://www.moneydj.com/Z/ZB/ZBA/CZBA1.DJBCD?a=EB163000
2026-03-18,TPEX,電腦及週邊設備,EB163000,329.4,169.07,3.23,moneydj,https://www.moneydj.com/Z/ZB/ZBA/CZBA1.DJBCD?a=EB163000
2026-03-19,TPEX,電腦及週邊設備,EB163000,329.79,170.9,4.99,moneydj,https://www.moneydj.com/Z/ZB/ZBA/CZBA1.DJBCD?a=EB163000
2026-03-20,TPEX,電腦及週邊設備,EB163000,328.4,166.2,5.87,moneydj,https://www.moneydj.com/Z/ZB/ZBA/CZBA1.DJBCD?a=EB163000
2026-03-23,TPEX,電腦及週邊設備,EB163000,317.02,157.15,3.38,moneydj,https://www.moneydj.com/Z/ZB/ZBA/CZBA1.DJBCD?a=EB163000
2026-03-24,TPEX,電腦及週邊設備,EB163000,312.74,154.11,4.84,moneydj,https://www.moneydj.com/Z/ZB/ZBA/CZBA1.DJBCD?a=EB163000
2026-03-25,TPEX,電腦及週邊設備,EB163000,324.87,158.64,6.41,moneydj,https://www.moneydj.com/Z/ZB/ZBA/CZBA1.DJBCD?a=EB163000
2026-03-26,TPEX,電腦及週邊設備,EB163000,322.8,154.08,5.26,moneydj,https://www.moneydj.com/Z/ZB/ZBA/CZBA1.DJBCD?a=EB163000
2026-03-27,TPEX,電腦及週邊設備,EB163000,325.0,155.36,5.78,moneydj,https://www.moneydj.com/Z/ZB/ZBA/CZBA1.DJBCD?a=EB163000
2026-03-30,TPEX,電腦及週邊設備,EB163000,320.4,153.02,3.95,moneydj,https://www.moneydj.com/Z/ZB/ZBA/CZBA1.DJBCD?a=EB163000
2026-03-31,TPEX,電腦及週邊設備,EB163000,307.73,146.42,3.65,moneydj,https://www.moneydj.com/Z/ZB/ZBA/CZBA1.DJBCD?a=EB163000
2026-04-01,TPEX,電腦及週邊設備,EB163000,321.19,152.87,3.64,moneydj,https://www.moneydj.com/Z/ZB/ZBA/CZBA1.DJBCD?a=EB163000
2026-04-02,TPEX,電腦及週邊設備,EB163000,317.9,150.46,2.2,moneydj,https://www.moneydj.com/Z/ZB/ZBA/CZBA1.DJBCD?a=EB163000
2026-04-07,TPEX,電腦及週邊設備,EB163000,325.61,153.81,6.45,moneydj,https://www.moneydj.com/Z/ZB/ZBA/CZBA1.DJBCD?a=EB163000
2026-04-08,TPEX,電腦及週邊設備,EB163000,341.2,161.44,4.22,moneydj,https://www.moneydj.com/Z/ZB/ZBA/CZBA1.DJBCD?a=EB163000
2026-04-09,TPEX,電腦及週邊設備,EB163000,342.57,161.44,4.72,moneydj,https://www.moneydj.com/Z/ZB/ZBA/CZBA1.DJBCD?a=EB163000
2026-04-10,TPEX,電腦及週邊設備,EB163000,349.5,165.3,4.19,moneydj,https://www.moneydj.com/Z/ZB/ZBA/CZBA1.DJBCD?a=EB163000
2026-04-13,TPEX,電腦及週邊設備,EB163000,352.23,164.81,4.62,moneydj,https://www.moneydj.com/Z/ZB/ZBA/CZBA1.DJBCD?a=EB163000
2026-04-14,TPEX,電腦及週邊設備,EB163000,356.0,166.88,5.22,moneydj,https://www.moneydj.com/Z/ZB/ZBA/CZBA1.DJBCD?a=EB163000
2026-04-15,TPEX,電腦及週邊設備,EB163000,359.86,165.02,3.59,moneydj,https://www.moneydj.com/Z/ZB/ZBA/CZBA1.DJBCD?a=EB163000
2026-04-16,TPEX,電腦及週邊設備,EB163000,365.96,163.01,3.77,moneydj,https://www.moneydj.com/Z/ZB/ZBA/CZBA1.DJBCD?a=EB163000
2026-04-17,TPEX,電腦及週邊設備,EB163000,372.34,162.23,5.11,moneydj,https://www.moneydj.com/Z/ZB/ZBA/CZBA1.DJBCD?a=EB163000
2026-04-20,TPEX,電腦及週邊設備,EB163000,383.5,165.07,4.0,moneydj,https://www.moneydj.com/Z/ZB/ZBA/CZBA1.DJBCD?a=EB163000
2026-04-21,TPEX,電腦及週邊設備,EB163000,390.57,170.37,4.12,moneydj,https://www.moneydj.com/Z/ZB/ZBA/CZBA1.DJBCD?a=EB163000
2026-04-22,TPEX,電腦及週邊設備,EB163000,395.08,176.98,7.75,moneydj,https://www.moneydj.com/Z/ZB/ZBA/CZBA1.DJBCD?a=EB163000
2026-04-23,TPEX,電腦及週邊設備,EB163000,381.32,170.93,9.39,moneydj,https://www.moneydj.com/Z/ZB/ZBA/CZBA1.DJBCD?a=EB163000
2026-04-24,TPEX,電腦及週邊設備,EB163000,381.54,169.18,6.74,moneydj,https://www.moneydj.com/Z/ZB/ZBA/CZBA1.DJBCD?a=EB163000
2026-04-27,TPEX,電腦及週邊設備,EB163000,377.05,172.11,6.14,moneydj,https://www.moneydj.com/Z/ZB/ZBA/CZBA1.DJBCD?a=EB163000
2026-04-28,TPEX,電腦及週邊設備,EB163000,382.06,175.83,7.24,moneydj,https://www.moneydj.com/Z/ZB/ZBA/CZBA1.DJBCD?a=EB163000
2026-04-29,TPEX,電腦及週邊設備,EB163000,382.75,175.47,6.65,moneydj,https://www.moneydj.com/Z/ZB/ZBA/CZBA1.DJBCD?a=EB163000
2026-04-30,TPEX,電腦及週邊設備,EB163000,384.58,173.81,5.43,moneydj,https://www.moneydj.com/Z/ZB/ZBA/CZBA1.DJBCD?a=EB163000
2026-05-04,TPEX,電腦及週邊設備,EB163000,398.25,176.93,4.86,moneydj,https://www.moneydj.com/Z/ZB/ZBA/CZBA1.DJBCD?a=EB163000
2026-05-05,TPEX,電腦及週邊設備,EB163000,407.44,184.18,4.66,moneydj,https://www.moneydj.com/Z/ZB/ZBA/CZBA1.DJBCD?a=EB163000
2026-05-06,TPEX,電腦及週邊設備,EB163000,410.29,187.18,5.98,moneydj,https://www.moneydj.com/Z/ZB/ZBA/CZBA1.DJBCD?a=EB163000
2026-05-07,TPEX,電腦及週邊設備,EB163000,416.41,192.89,7.41,moneydj,https://www.moneydj.com/Z/ZB/ZBA/CZBA1.DJBCD?a=EB163000
2026-05-08,TPEX,電腦及週邊設備,EB163000,409.44,192.81,6.9,moneydj,https://www.moneydj.com/Z/ZB/ZBA/CZBA1.DJBCD?a=EB163000
2026-05-11,TPEX,電腦及週邊設備,EB163000,422.01,200.23,6.24,moneydj,https://www.moneydj.com/Z/ZB/ZBA/CZBA1.DJBCD?a=EB163000
2026-05-12,TPEX,電腦及週邊設備,EB163000,425.71,200.76,8.15,moneydj,https://www.moneydj.com/Z/ZB/ZBA/CZBA1.DJBCD?a=EB163000
2026-05-13,TPEX,電腦及週邊設備,EB163000,420.54,197.69,6.52,moneydj,https://www.moneydj.com/Z/ZB/ZBA/CZBA1.DJBCD?a=EB163000
2026-05-14,TPEX,電腦及週邊設備,EB163000,426.57,200.13,6.69,moneydj,https://www.moneydj.com/Z/ZB/ZBA/CZBA1.DJBCD?a=EB163000
2026-05-15,TPEX,電腦及週邊設備,EB163000,411.18,194.03,6.57,moneydj,https://www.moneydj.com/Z/ZB/ZBA/CZBA1.DJBCD?a=EB163000
2026-05-18,TPEX,電腦及週邊設備,EB163000,409.63,198.88,6.04,moneydj,https://www.moneydj.com/Z/ZB/ZBA/CZBA1.DJBCD?a=EB163000
2026-05-19,TPEX,電腦及週邊設備,EB163000,398.18,192.91,6.03,moneydj,https://www.moneydj.com/Z/ZB/ZBA/CZBA1.DJBCD?a=EB163000
2026-05-20,TPEX,電腦及週邊設備,EB163000,396.42,191.13,5.12,moneydj,https://www.moneydj.com/Z/ZB/ZBA/CZBA1.DJBCD?a=EB163000
2026-05-21,TPEX,電腦及週邊設備,EB163000,409.8,195.75,5.21,moneydj,https://www.moneydj.com/Z/ZB/ZBA/CZBA1.DJBCD?a=EB163000
2026-05-22,TPEX,電腦及週邊設備,EB163000,423.25,202.06,6.21,moneydj,https://www.moneydj.com/Z/ZB/ZBA/CZBA1.DJBCD?a=EB163000
2026-05-25,TPEX,電腦及週邊設備,EB163000,434.99,205.84,8.95,moneydj,https://www.moneydj.com/Z/ZB/ZBA/CZBA1.DJBCD?a=EB163000
2026-05-26,TPEX,電腦及週邊設備,EB163000,439.3,209.13,7.32,moneydj,https://www.moneydj.com/Z/ZB/ZBA/CZBA1.DJBCD?a=EB163000
2026-05-27,TPEX,電腦及週邊設備,EB163000,440.19,208.38,6.39,moneydj,https://www.moneydj.com/Z/ZB/ZBA/CZBA1.DJBCD?a=EB163000
2026-05-28,TPEX,電腦及週邊設備,EB163000,432.48,205.49,5.74,moneydj,https://www.moneydj.com/Z/ZB/ZBA/CZBA1.DJBCD?a=EB163000
2026-05-29,TPEX,電腦及週邊設備,EB163000,443.64,211.57,5.41,moneydj,https://www.moneydj.com/Z/ZB/ZBA/CZBA1.DJBCD?a=EB163000
2026-06-01,TPEX,電腦及週邊設備,EB163000,446.02,217.59,7.25,moneydj,https://www.moneydj.com/Z/ZB/ZBA/CZBA1.DJBCD?a=EB163000
2026-06-02,TPEX,電腦及週邊設備,EB163000,440.64,214.75,5.4,moneydj,https://www.moneydj.com/Z/ZB/ZBA/CZBA1.DJBCD?a=EB163000
2026-06-03,TPEX,電腦及週邊設備,EB163000,446.82,219.15,7.43,moneydj,https://www.moneydj.com/Z/ZB/ZBA/CZBA1.DJBCD?a=EB163000
2026-06-04,TPEX,電腦及週邊設備,EB163000,440.1,218.07,8.76,moneydj,https://www.moneydj.com/Z/ZB/ZBA/CZBA1.DJBCD?a=EB163000
2026-06-05,TPEX,電腦及週邊設備,EB163000,431.07,210.2,6.77,moneydj,https://www.moneydj.com/Z/ZB/ZBA/CZBA1.DJBCD?a=EB163000
2026-06-08,TPEX,電腦及週邊設備,EB163000,412.57,206.91,9.56,moneydj,https://www.moneydj.com/Z/ZB/ZBA/CZBA1.DJBCD?a=EB163000
2026-06-09,TPEX,電腦及週邊設備,EB163000,424.71,217.78,11.66,moneydj,https://www.moneydj.com/Z/ZB/ZBA/CZBA1.DJBCD?a=EB163000
2026-03-13,TPEX,光電,EB164000,312.9,55.86,3.72,moneydj,https://www.moneydj.com/Z/ZB/ZBA/CZBA1.DJBCD?a=EB164000
2026-03-16,TPEX,光電,EB164000,317.19,55.88,3.3,moneydj,https://www.moneydj.com/Z/ZB/ZBA/CZBA1.DJBCD?a=EB164000
2026-03-17,TPEX,光電,EB164000,321.03,56.48,3.53,moneydj,https://www.moneydj.com/Z/ZB/ZBA/CZBA1.DJBCD?a=EB164000
2026-03-18,TPEX,光電,EB164000,329.4,56.31,2.88,moneydj,https://www.moneydj.com/Z/ZB/ZBA/CZBA1.DJBCD?a=EB164000
2026-03-19,TPEX,光電,EB164000,329.79,55.02,2.35,moneydj,https://www.moneydj.com/Z/ZB/ZBA/CZBA1.DJBCD?a=EB164000
2026-03-20,TPEX,光電,EB164000,328.4,55.74,1.88,moneydj,https://www.moneydj.com/Z/ZB/ZBA/CZBA1.DJBCD?a=EB164000
2026-03-23,TPEX,光電,EB164000,317.02,53.99,2.16,moneydj,https://www.moneydj.com/Z/ZB/ZBA/CZBA1.DJBCD?a=EB164000
2026-03-24,TPEX,光電,EB164000,312.74,53.5,1.75,moneydj,https://www.moneydj.com/Z/ZB/ZBA/CZBA1.DJBCD?a=EB164000
2026-03-25,TPEX,光電,EB164000,324.87,55.11,1.98,moneydj,https://www.moneydj.com/Z/ZB/ZBA/CZBA1.DJBCD?a=EB164000
2026-03-26,TPEX,光電,EB164000,322.8,54.24,1.78,moneydj,https://www.moneydj.com/Z/ZB/ZBA/CZBA1.DJBCD?a=EB164000
2026-03-27,TPEX,光電,EB164000,325.0,54.43,1.65,moneydj,https://www.moneydj.com/Z/ZB/ZBA/CZBA1.DJBCD?a=EB164000
2026-03-30,TPEX,光電,EB164000,320.4,53.05,1.99,moneydj,https://www.moneydj.com/Z/ZB/ZBA/CZBA1.DJBCD?a=EB164000
2026-03-31,TPEX,光電,EB164000,307.73,51.5,1.47,moneydj,https://www.moneydj.com/Z/ZB/ZBA/CZBA1.DJBCD?a=EB164000
2026-04-01,TPEX,光電,EB164000,321.19,53.47,1.34,moneydj,https://www.moneydj.com/Z/ZB/ZBA/CZBA1.DJBCD?a=EB164000
2026-04-02,TPEX,光電,EB164000,317.9,52.78,1.54,moneydj,https://www.moneydj.com/Z/ZB/ZBA/CZBA1.DJBCD?a=EB164000
2026-04-07,TPEX,光電,EB164000,325.61,52.88,1.23,moneydj,https://www.moneydj.com/Z/ZB/ZBA/CZBA1.DJBCD?a=EB164000
2026-04-08,TPEX,光電,EB164000,341.2,54.83,1.58,moneydj,https://www.moneydj.com/Z/ZB/ZBA/CZBA1.DJBCD?a=EB164000
2026-04-09,TPEX,光電,EB164000,342.57,54.29,2.36,moneydj,https://www.moneydj.com/Z/ZB/ZBA/CZBA1.DJBCD?a=EB164000
2026-04-10,TPEX,光電,EB164000,349.5,54.43,3.01,moneydj,https://www.moneydj.com/Z/ZB/ZBA/CZBA1.DJBCD?a=EB164000
2026-04-13,TPEX,光電,EB164000,352.23,55.88,3.02,moneydj,https://www.moneydj.com/Z/ZB/ZBA/CZBA1.DJBCD?a=EB164000
2026-04-14,TPEX,光電,EB164000,356.0,56.62,2.51,moneydj,https://www.moneydj.com/Z/ZB/ZBA/CZBA1.DJBCD?a=EB164000
2026-04-15,TPEX,光電,EB164000,359.86,56.97,2.08,moneydj,https://www.moneydj.com/Z/ZB/ZBA/CZBA1.DJBCD?a=EB164000
2026-04-16,TPEX,光電,EB164000,365.96,58.34,2.1,moneydj,https://www.moneydj.com/Z/ZB/ZBA/CZBA1.DJBCD?a=EB164000
2026-04-17,TPEX,光電,EB164000,372.34,58.74,2.69,moneydj,https://www.moneydj.com/Z/ZB/ZBA/CZBA1.DJBCD?a=EB164000
2026-04-20,TPEX,光電,EB164000,383.5,59.84,3.07,moneydj,https://www.moneydj.com/Z/ZB/ZBA/CZBA1.DJBCD?a=EB164000
2026-04-21,TPEX,光電,EB164000,390.57,59.17,1.82,moneydj,https://www.moneydj.com/Z/ZB/ZBA/CZBA1.DJBCD?a=EB164000
2026-04-22,TPEX,光電,EB164000,395.08,60.05,2.17,moneydj,https://www.moneydj.com/Z/ZB/ZBA/CZBA1.DJBCD?a=EB164000
2026-04-23,TPEX,光電,EB164000,381.32,56.99,2.09,moneydj,https://www.moneydj.com/Z/ZB/ZBA/CZBA1.DJBCD?a=EB164000
2026-04-24,TPEX,光電,EB164000,381.54,56.14,2.21,moneydj,https://www.moneydj.com/Z/ZB/ZBA/CZBA1.DJBCD?a=EB164000
2026-04-27,TPEX,光電,EB164000,377.05,55.25,2.07,moneydj,https://www.moneydj.com/Z/ZB/ZBA/CZBA1.DJBCD?a=EB164000
2026-04-28,TPEX,光電,EB164000,382.06,55.28,2.58,moneydj,https://www.moneydj.com/Z/ZB/ZBA/CZBA1.DJBCD?a=EB164000
2026-04-29,TPEX,光電,EB164000,382.75,55.63,2.88,moneydj,https://www.moneydj.com/Z/ZB/ZBA/CZBA1.DJBCD?a=EB164000
2026-04-30,TPEX,光電,EB164000,384.58,55.67,2.44,moneydj,https://www.moneydj.com/Z/ZB/ZBA/CZBA1.DJBCD?a=EB164000
2026-05-04,TPEX,光電,EB164000,398.25,57.32,1.82,moneydj,https://www.moneydj.com/Z/ZB/ZBA/CZBA1.DJBCD?a=EB164000
2026-05-05,TPEX,光電,EB164000,407.44,58.37,1.93,moneydj,https://www.moneydj.com/Z/ZB/ZBA/CZBA1.DJBCD?a=EB164000
2026-05-06,TPEX,光電,EB164000,410.29,58.82,2.71,moneydj,https://www.moneydj.com/Z/ZB/ZBA/CZBA1.DJBCD?a=EB164000
2026-05-07,TPEX,光電,EB164000,416.41,60.04,1.89,moneydj,https://www.moneydj.com/Z/ZB/ZBA/CZBA1.DJBCD?a=EB164000
2026-05-08,TPEX,光電,EB164000,409.44,61.08,2.09,moneydj,https://www.moneydj.com/Z/ZB/ZBA/CZBA1.DJBCD?a=EB164000
2026-05-11,TPEX,光電,EB164000,422.01,64.01,1.56,moneydj,https://www.moneydj.com/Z/ZB/ZBA/CZBA1.DJBCD?a=EB164000
2026-05-12,TPEX,光電,EB164000,425.71,67.41,4.15,moneydj,https://www.moneydj.com/Z/ZB/ZBA/CZBA1.DJBCD?a=EB164000
2026-05-13,TPEX,光電,EB164000,420.54,70.4,4.13,moneydj,https://www.moneydj.com/Z/ZB/ZBA/CZBA1.DJBCD?a=EB164000
2026-05-14,TPEX,光電,EB164000,426.57,72.26,5.09,moneydj,https://www.moneydj.com/Z/ZB/ZBA/CZBA1.DJBCD?a=EB164000
2026-05-15,TPEX,光電,EB164000,411.18,69.46,2.37,moneydj,https://www.moneydj.com/Z/ZB/ZBA/CZBA1.DJBCD?a=EB164000
2026-05-18,TPEX,光電,EB164000,409.63,71.69,2.3,moneydj,https://www.moneydj.com/Z/ZB/ZBA/CZBA1.DJBCD?a=EB164000
2026-05-19,TPEX,光電,EB164000,398.18,72.03,2.57,moneydj,https://www.moneydj.com/Z/ZB/ZBA/CZBA1.DJBCD?a=EB164000
2026-05-20,TPEX,光電,EB164000,396.42,72.84,2.63,moneydj,https://www.moneydj.com/Z/ZB/ZBA/CZBA1.DJBCD?a=EB164000
2026-05-21,TPEX,光電,EB164000,409.8,73.74,3.18,moneydj,https://www.moneydj.com/Z/ZB/ZBA/CZBA1.DJBCD?a=EB164000
2026-05-22,TPEX,光電,EB164000,423.25,73.43,3.08,moneydj,https://www.moneydj.com/Z/ZB/ZBA/CZBA1.DJBCD?a=EB164000
2026-05-25,TPEX,光電,EB164000,434.99,76.0,3.05,moneydj,https://www.moneydj.com/Z/ZB/ZBA/CZBA1.DJBCD?a=EB164000
2026-05-26,TPEX,光電,EB164000,439.3,76.26,3.46,moneydj,https://www.moneydj.com/Z/ZB/ZBA/CZBA1.DJBCD?a=EB164000
2026-05-27,TPEX,光電,EB164000,440.19,77.76,2.24,moneydj,https://www.moneydj.com/Z/ZB/ZBA/CZBA1.DJBCD?a=EB164000
2026-05-28,TPEX,光電,EB164000,432.48,74.24,1.99,moneydj,https://www.moneydj.com/Z/ZB/ZBA/CZBA1.DJBCD?a=EB164000
2026-05-29,TPEX,光電,EB164000,443.64,72.88,3.07,moneydj,https://www.moneydj.com/Z/ZB/ZBA/CZBA1.DJBCD?a=EB164000
2026-06-01,TPEX,光電,EB164000,446.02,74.93,2.86,moneydj,https://www.moneydj.com/Z/ZB/ZBA/CZBA1.DJBCD?a=EB164000
2026-06-02,TPEX,光電,EB164000,440.64,74.4,2.66,moneydj,https://www.moneydj.com/Z/ZB/ZBA/CZBA1.DJBCD?a=EB164000
2026-06-03,TPEX,光電,EB164000,446.82,76.11,2.48,moneydj,https://www.moneydj.com/Z/ZB/ZBA/CZBA1.DJBCD?a=EB164000
2026-06-04,TPEX,光電,EB164000,440.1,73.93,5.31,moneydj,https://www.moneydj.com/Z/ZB/ZBA/CZBA1.DJBCD?a=EB164000
2026-06-05,TPEX,光電,EB164000,431.07,73.4,4.56,moneydj,https://www.moneydj.com/Z/ZB/ZBA/CZBA1.DJBCD?a=EB164000
2026-06-08,TPEX,光電,EB164000,412.57,68.76,2.8,moneydj,https://www.moneydj.com/Z/ZB/ZBA/CZBA1.DJBCD?a=EB164000
2026-06-09,TPEX,光電,EB164000,424.71,70.26,2.7,moneydj,https://www.moneydj.com/Z/ZB/ZBA/CZBA1.DJBCD?a=EB164000
2026-03-13,TPEX,通信網路,EB165000,312.9,278.02,5.06,moneydj,https://www.moneydj.com/Z/ZB/ZBA/CZBA1.DJBCD?a=EB165000
2026-03-16,TPEX,通信網路,EB165000,317.19,284.39,10.77,moneydj,https://www.moneydj.com/Z/ZB/ZBA/CZBA1.DJBCD?a=EB165000
2026-03-17,TPEX,通信網路,EB165000,321.03,276.27,15.78,moneydj,https://www.moneydj.com/Z/ZB/ZBA/CZBA1.DJBCD?a=EB165000
2026-03-18,TPEX,通信網路,EB165000,329.4,281.76,10.46,moneydj,https://www.moneydj.com/Z/ZB/ZBA/CZBA1.DJBCD?a=EB165000
2026-03-19,TPEX,通信網路,EB165000,329.79,289.1,11.06,moneydj,https://www.moneydj.com/Z/ZB/ZBA/CZBA1.DJBCD?a=EB165000
2026-03-20,TPEX,通信網路,EB165000,328.4,300.46,11.53,moneydj,https://www.moneydj.com/Z/ZB/ZBA/CZBA1.DJBCD?a=EB165000
2026-03-23,TPEX,通信網路,EB165000,317.02,279.05,13.24,moneydj,https://www.moneydj.com/Z/ZB/ZBA/CZBA1.DJBCD?a=EB165000
2026-03-24,TPEX,通信網路,EB165000,312.74,274.14,10.34,moneydj,https://www.moneydj.com/Z/ZB/ZBA/CZBA1.DJBCD?a=EB165000
2026-03-25,TPEX,通信網路,EB165000,324.87,291.79,9.5,moneydj,https://www.moneydj.com/Z/ZB/ZBA/CZBA1.DJBCD?a=EB165000
2026-03-26,TPEX,通信網路,EB165000,322.8,295.73,14.1,moneydj,https://www.moneydj.com/Z/ZB/ZBA/CZBA1.DJBCD?a=EB165000
2026-03-27,TPEX,通信網路,EB165000,325.0,302.84,12.32,moneydj,https://www.moneydj.com/Z/ZB/ZBA/CZBA1.DJBCD?a=EB165000
2026-03-30,TPEX,通信網路,EB165000,320.4,295.59,11.17,moneydj,https://www.moneydj.com/Z/ZB/ZBA/CZBA1.DJBCD?a=EB165000
2026-03-31,TPEX,通信網路,EB165000,307.73,273.48,9.09,moneydj,https://www.moneydj.com/Z/ZB/ZBA/CZBA1.DJBCD?a=EB165000
2026-04-01,TPEX,通信網路,EB165000,321.19,292.9,10.39,moneydj,https://www.moneydj.com/Z/ZB/ZBA/CZBA1.DJBCD?a=EB165000
2026-04-02,TPEX,通信網路,EB165000,317.9,299.58,12.69,moneydj,https://www.moneydj.com/Z/ZB/ZBA/CZBA1.DJBCD?a=EB165000
2026-04-07,TPEX,通信網路,EB165000,325.61,320.97,14.83,moneydj,https://www.moneydj.com/Z/ZB/ZBA/CZBA1.DJBCD?a=EB165000
2026-04-08,TPEX,通信網路,EB165000,341.2,338.4,12.1,moneydj,https://www.moneydj.com/Z/ZB/ZBA/CZBA1.DJBCD?a=EB165000
2026-04-09,TPEX,通信網路,EB165000,342.57,346.32,12.95,moneydj,https://www.moneydj.com/Z/ZB/ZBA/CZBA1.DJBCD?a=EB165000
2026-04-10,TPEX,通信網路,EB165000,349.5,362.14,10.53,moneydj,https://www.moneydj.com/Z/ZB/ZBA/CZBA1.DJBCD?a=EB165000
2026-04-13,TPEX,通信網路,EB165000,352.23,359.83,9.77,moneydj,https://www.moneydj.com/Z/ZB/ZBA/CZBA1.DJBCD?a=EB165000
2026-04-14,TPEX,通信網路,EB165000,356.0,352.85,14.33,moneydj,https://www.moneydj.com/Z/ZB/ZBA/CZBA1.DJBCD?a=EB165000
2026-04-15,TPEX,通信網路,EB165000,359.86,367.2,11.44,moneydj,https://www.moneydj.com/Z/ZB/ZBA/CZBA1.DJBCD?a=EB165000
2026-04-16,TPEX,通信網路,EB165000,365.96,372.06,12.82,moneydj,https://www.moneydj.com/Z/ZB/ZBA/CZBA1.DJBCD?a=EB165000
2026-04-17,TPEX,通信網路,EB165000,372.34,391.31,8.83,moneydj,https://www.moneydj.com/Z/ZB/ZBA/CZBA1.DJBCD?a=EB165000
2026-04-20,TPEX,通信網路,EB165000,383.5,416.64,9.41,moneydj,https://www.moneydj.com/Z/ZB/ZBA/CZBA1.DJBCD?a=EB165000
2026-04-21,TPEX,通信網路,EB165000,390.57,418.35,10.41,moneydj,https://www.moneydj.com/Z/ZB/ZBA/CZBA1.DJBCD?a=EB165000
2026-04-22,TPEX,通信網路,EB165000,395.08,413.32,8.06,moneydj,https://www.moneydj.com/Z/ZB/ZBA/CZBA1.DJBCD?a=EB165000
2026-04-23,TPEX,通信網路,EB165000,381.32,396.58,11.22,moneydj,https://www.moneydj.com/Z/ZB/ZBA/CZBA1.DJBCD?a=EB165000
2026-04-24,TPEX,通信網路,EB165000,381.54,384.84,13.5,moneydj,https://www.moneydj.com/Z/ZB/ZBA/CZBA1.DJBCD?a=EB165000
2026-04-27,TPEX,通信網路,EB165000,377.05,359.48,9.51,moneydj,https://www.moneydj.com/Z/ZB/ZBA/CZBA1.DJBCD?a=EB165000
2026-04-28,TPEX,通信網路,EB165000,382.06,362.9,9.85,moneydj,https://www.moneydj.com/Z/ZB/ZBA/CZBA1.DJBCD?a=EB165000
2026-04-29,TPEX,通信網路,EB165000,382.75,357.79,7.89,moneydj,https://www.moneydj.com/Z/ZB/ZBA/CZBA1.DJBCD?a=EB165000
2026-04-30,TPEX,通信網路,EB165000,384.58,373.65,8.36,moneydj,https://www.moneydj.com/Z/ZB/ZBA/CZBA1.DJBCD?a=EB165000
2026-05-04,TPEX,通信網路,EB165000,398.25,395.6,9.39,moneydj,https://www.moneydj.com/Z/ZB/ZBA/CZBA1.DJBCD?a=EB165000
2026-05-05,TPEX,通信網路,EB165000,407.44,402.99,8.8,moneydj,https://www.moneydj.com/Z/ZB/ZBA/CZBA1.DJBCD?a=EB165000
2026-05-06,TPEX,通信網路,EB165000,410.29,385.65,10.2,moneydj,https://www.moneydj.com/Z/ZB/ZBA/CZBA1.DJBCD?a=EB165000
2026-05-07,TPEX,通信網路,EB165000,416.41,384.47,7.86,moneydj,https://www.moneydj.com/Z/ZB/ZBA/CZBA1.DJBCD?a=EB165000
2026-05-08,TPEX,通信網路,EB165000,409.44,378.7,6.71,moneydj,https://www.moneydj.com/Z/ZB/ZBA/CZBA1.DJBCD?a=EB165000
2026-05-11,TPEX,通信網路,EB165000,422.01,395.45,10.0,moneydj,https://www.moneydj.com/Z/ZB/ZBA/CZBA1.DJBCD?a=EB165000
2026-05-12,TPEX,通信網路,EB165000,425.71,409.85,10.99,moneydj,https://www.moneydj.com/Z/ZB/ZBA/CZBA1.DJBCD?a=EB165000
2026-05-13,TPEX,通信網路,EB165000,420.54,390.19,7.84,moneydj,https://www.moneydj.com/Z/ZB/ZBA/CZBA1.DJBCD?a=EB165000
2026-05-14,TPEX,通信網路,EB165000,426.57,392.59,6.94,moneydj,https://www.moneydj.com/Z/ZB/ZBA/CZBA1.DJBCD?a=EB165000
2026-05-15,TPEX,通信網路,EB165000,411.18,370.97,7.28,moneydj,https://www.moneydj.com/Z/ZB/ZBA/CZBA1.DJBCD?a=EB165000
2026-05-18,TPEX,通信網路,EB165000,409.63,376.88,6.45,moneydj,https://www.moneydj.com/Z/ZB/ZBA/CZBA1.DJBCD?a=EB165000
2026-05-19,TPEX,通信網路,EB165000,398.18,360.75,9.54,moneydj,https://www.moneydj.com/Z/ZB/ZBA/CZBA1.DJBCD?a=EB165000
2026-05-20,TPEX,通信網路,EB165000,396.42,369.71,6.72,moneydj,https://www.moneydj.com/Z/ZB/ZBA/CZBA1.DJBCD?a=EB165000
2026-05-21,TPEX,通信網路,EB165000,409.8,381.0,8.44,moneydj,https://www.moneydj.com/Z/ZB/ZBA/CZBA1.DJBCD?a=EB165000
2026-05-22,TPEX,通信網路,EB165000,423.25,400.96,9.2,moneydj,https://www.moneydj.com/Z/ZB/ZBA/CZBA1.DJBCD?a=EB165000
2026-05-25,TPEX,通信網路,EB165000,434.99,421.32,11.07,moneydj,https://www.moneydj.com/Z/ZB/ZBA/CZBA1.DJBCD?a=EB165000
2026-05-26,TPEX,通信網路,EB165000,439.3,433.46,8.49,moneydj,https://www.moneydj.com/Z/ZB/ZBA/CZBA1.DJBCD?a=EB165000
2026-05-27,TPEX,通信網路,EB165000,440.19,410.4,9.45,moneydj,https://www.moneydj.com/Z/ZB/ZBA/CZBA1.DJBCD?a=EB165000
2026-05-28,TPEX,通信網路,EB165000,432.48,391.8,7.74,moneydj,https://www.moneydj.com/Z/ZB/ZBA/CZBA1.DJBCD?a=EB165000
2026-05-29,TPEX,通信網路,EB165000,443.64,398.86,6.72,moneydj,https://www.moneydj.com/Z/ZB/ZBA/CZBA1.DJBCD?a=EB165000
2026-06-01,TPEX,通信網路,EB165000,446.02,403.84,6.84,moneydj,https://www.moneydj.com/Z/ZB/ZBA/CZBA1.DJBCD?a=EB165000
2026-06-02,TPEX,通信網路,EB165000,440.64,392.69,8.71,moneydj,https://www.moneydj.com/Z/ZB/ZBA/CZBA1.DJBCD?a=EB165000
2026-06-03,TPEX,通信網路,EB165000,446.82,412.02,4.87,moneydj,https://www.moneydj.com/Z/ZB/ZBA/CZBA1.DJBCD?a=EB165000
2026-06-04,TPEX,通信網路,EB165000,440.1,387.81,7.9,moneydj,https://www.moneydj.com/Z/ZB/ZBA/CZBA1.DJBCD?a=EB165000
2026-06-05,TPEX,通信網路,EB165000,431.07,393.23,8.18,moneydj,https://www.moneydj.com/Z/ZB/ZBA/CZBA1.DJBCD?a=EB165000
2026-06-08,TPEX,通信網路,EB165000,412.57,367.47,7.22,moneydj,https://www.moneydj.com/Z/ZB/ZBA/CZBA1.DJBCD?a=EB165000
2026-06-09,TPEX,通信網路,EB165000,424.71,373.69,8.33,moneydj,https://www.moneydj.com/Z/ZB/ZBA/CZBA1.DJBCD?a=EB165000
2026-03-13,TPEX,電子零組件,EB166000,312.9,203.9,14.96,moneydj,https://www.moneydj.com/Z/ZB/ZBA/CZBA1.DJBCD?a=EB166000
2026-03-16,TPEX,電子零組件,EB166000,317.19,205.55,14.11,moneydj,https://www.moneydj.com/Z/ZB/ZBA/CZBA1.DJBCD?a=EB166000
2026-03-17,TPEX,電子零組件,EB166000,321.03,208.36,13.57,moneydj,https://www.moneydj.com/Z/ZB/ZBA/CZBA1.DJBCD?a=EB166000
2026-03-18,TPEX,電子零組件,EB166000,329.4,213.96,13.28,moneydj,https://www.moneydj.com/Z/ZB/ZBA/CZBA1.DJBCD?a=EB166000
2026-03-19,TPEX,電子零組件,EB166000,329.79,218.94,16.8,moneydj,https://www.moneydj.com/Z/ZB/ZBA/CZBA1.DJBCD?a=EB166000
2026-03-20,TPEX,電子零組件,EB166000,328.4,213.59,18.27,moneydj,https://www.moneydj.com/Z/ZB/ZBA/CZBA1.DJBCD?a=EB166000
2026-03-23,TPEX,電子零組件,EB166000,317.02,206.64,15.5,moneydj,https://www.moneydj.com/Z/ZB/ZBA/CZBA1.DJBCD?a=EB166000
2026-03-24,TPEX,電子零組件,EB166000,312.74,204.45,14.73,moneydj,https://www.moneydj.com/Z/ZB/ZBA/CZBA1.DJBCD?a=EB166000
2026-03-25,TPEX,電子零組件,EB166000,324.87,213.32,19.58,moneydj,https://www.moneydj.com/Z/ZB/ZBA/CZBA1.DJBCD?a=EB166000
2026-03-26,TPEX,電子零組件,EB166000,322.8,215.32,16.79,moneydj,https://www.moneydj.com/Z/ZB/ZBA/CZBA1.DJBCD?a=EB166000
2026-03-27,TPEX,電子零組件,EB166000,325.0,218.0,13.47,moneydj,https://www.moneydj.com/Z/ZB/ZBA/CZBA1.DJBCD?a=EB166000
2026-03-30,TPEX,電子零組件,EB166000,320.4,214.16,11.28,moneydj,https://www.moneydj.com/Z/ZB/ZBA/CZBA1.DJBCD?a=EB166000
2026-03-31,TPEX,電子零組件,EB166000,307.73,204.22,16.15,moneydj,https://www.moneydj.com/Z/ZB/ZBA/CZBA1.DJBCD?a=EB166000
2026-04-01,TPEX,電子零組件,EB166000,321.19,214.28,17.0,moneydj,https://www.moneydj.com/Z/ZB/ZBA/CZBA1.DJBCD?a=EB166000
2026-04-02,TPEX,電子零組件,EB166000,317.9,212.24,14.64,moneydj,https://www.moneydj.com/Z/ZB/ZBA/CZBA1.DJBCD?a=EB166000
2026-04-07,TPEX,電子零組件,EB166000,325.61,221.5,17.46,moneydj,https://www.moneydj.com/Z/ZB/ZBA/CZBA1.DJBCD?a=EB166000
2026-04-08,TPEX,電子零組件,EB166000,341.2,233.12,20.92,moneydj,https://www.moneydj.com/Z/ZB/ZBA/CZBA1.DJBCD?a=EB166000
2026-04-09,TPEX,電子零組件,EB166000,342.57,240.96,23.73,moneydj,https://www.moneydj.com/Z/ZB/ZBA/CZBA1.DJBCD?a=EB166000
2026-04-10,TPEX,電子零組件,EB166000,349.5,243.68,23.19,moneydj,https://www.moneydj.com/Z/ZB/ZBA/CZBA1.DJBCD?a=EB166000
2026-04-13,TPEX,電子零組件,EB166000,352.23,247.29,26.43,moneydj,https://www.moneydj.com/Z/ZB/ZBA/CZBA1.DJBCD?a=EB166000
2026-04-14,TPEX,電子零組件,EB166000,356.0,255.33,22.94,moneydj,https://www.moneydj.com/Z/ZB/ZBA/CZBA1.DJBCD?a=EB166000
2026-04-15,TPEX,電子零組件,EB166000,359.86,263.77,24.93,moneydj,https://www.moneydj.com/Z/ZB/ZBA/CZBA1.DJBCD?a=EB166000
2026-04-16,TPEX,電子零組件,EB166000,365.96,268.9,25.07,moneydj,https://www.moneydj.com/Z/ZB/ZBA/CZBA1.DJBCD?a=EB166000
2026-04-17,TPEX,電子零組件,EB166000,372.34,275.94,25.74,moneydj,https://www.moneydj.com/Z/ZB/ZBA/CZBA1.DJBCD?a=EB166000
2026-04-20,TPEX,電子零組件,EB166000,383.5,282.9,22.33,moneydj,https://www.moneydj.com/Z/ZB/ZBA/CZBA1.DJBCD?a=EB166000
2026-04-21,TPEX,電子零組件,EB166000,390.57,285.25,19.44,moneydj,https://www.moneydj.com/Z/ZB/ZBA/CZBA1.DJBCD?a=EB166000
2026-04-22,TPEX,電子零組件,EB166000,395.08,286.81,12.61,moneydj,https://www.moneydj.com/Z/ZB/ZBA/CZBA1.DJBCD?a=EB166000
2026-04-23,TPEX,電子零組件,EB166000,381.32,276.31,12.48,moneydj,https://www.moneydj.com/Z/ZB/ZBA/CZBA1.DJBCD?a=EB166000
2026-04-24,TPEX,電子零組件,EB166000,381.54,280.87,11.98,moneydj,https://www.moneydj.com/Z/ZB/ZBA/CZBA1.DJBCD?a=EB166000
2026-04-27,TPEX,電子零組件,EB166000,377.05,271.95,11.59,moneydj,https://www.moneydj.com/Z/ZB/ZBA/CZBA1.DJBCD?a=EB166000
2026-04-28,TPEX,電子零組件,EB166000,382.06,275.79,11.43,moneydj,https://www.moneydj.com/Z/ZB/ZBA/CZBA1.DJBCD?a=EB166000
2026-04-29,TPEX,電子零組件,EB166000,382.75,277.85,9.85,moneydj,https://www.moneydj.com/Z/ZB/ZBA/CZBA1.DJBCD?a=EB166000
2026-04-30,TPEX,電子零組件,EB166000,384.58,281.26,10.86,moneydj,https://www.moneydj.com/Z/ZB/ZBA/CZBA1.DJBCD?a=EB166000
2026-05-04,TPEX,電子零組件,EB166000,398.25,292.24,12.01,moneydj,https://www.moneydj.com/Z/ZB/ZBA/CZBA1.DJBCD?a=EB166000
2026-05-05,TPEX,電子零組件,EB166000,407.44,309.26,15.94,moneydj,https://www.moneydj.com/Z/ZB/ZBA/CZBA1.DJBCD?a=EB166000
2026-05-06,TPEX,電子零組件,EB166000,410.29,315.07,15.77,moneydj,https://www.moneydj.com/Z/ZB/ZBA/CZBA1.DJBCD?a=EB166000
2026-05-07,TPEX,電子零組件,EB166000,416.41,325.47,16.28,moneydj,https://www.moneydj.com/Z/ZB/ZBA/CZBA1.DJBCD?a=EB166000
2026-05-08,TPEX,電子零組件,EB166000,409.44,316.43,18.4,moneydj,https://www.moneydj.com/Z/ZB/ZBA/CZBA1.DJBCD?a=EB166000
2026-05-11,TPEX,電子零組件,EB166000,422.01,324.99,15.72,moneydj,https://www.moneydj.com/Z/ZB/ZBA/CZBA1.DJBCD?a=EB166000
2026-05-12,TPEX,電子零組件,EB166000,425.71,327.65,12.12,moneydj,https://www.moneydj.com/Z/ZB/ZBA/CZBA1.DJBCD?a=EB166000
2026-05-13,TPEX,電子零組件,EB166000,420.54,326.76,14.3,moneydj,https://www.moneydj.com/Z/ZB/ZBA/CZBA1.DJBCD?a=EB166000
2026-05-14,TPEX,電子零組件,EB166000,426.57,327.47,18.49,moneydj,https://www.moneydj.com/Z/ZB/ZBA/CZBA1.DJBCD?a=EB166000
2026-05-15,TPEX,電子零組件,EB166000,411.18,309.21,13.54,moneydj,https://www.moneydj.com/Z/ZB/ZBA/CZBA1.DJBCD?a=EB166000
2026-05-18,TPEX,電子零組件,EB166000,409.63,309.17,14.08,moneydj,https://www.moneydj.com/Z/ZB/ZBA/CZBA1.DJBCD?a=EB166000
2026-05-19,TPEX,電子零組件,EB166000,398.18,304.17,12.31,moneydj,https://www.moneydj.com/Z/ZB/ZBA/CZBA1.DJBCD?a=EB166000
2026-05-20,TPEX,電子零組件,EB166000,396.42,303.59,17.01,moneydj,https://www.moneydj.com/Z/ZB/ZBA/CZBA1.DJBCD?a=EB166000
2026-05-21,TPEX,電子零組件,EB166000,409.8,322.21,14.78,moneydj,https://www.moneydj.com/Z/ZB/ZBA/CZBA1.DJBCD?a=EB166000
2026-05-22,TPEX,電子零組件,EB166000,423.25,340.04,15.18,moneydj,https://www.moneydj.com/Z/ZB/ZBA/CZBA1.DJBCD?a=EB166000
2026-05-25,TPEX,電子零組件,EB166000,434.99,356.56,13.03,moneydj,https://www.moneydj.com/Z/ZB/ZBA/CZBA1.DJBCD?a=EB166000
2026-05-26,TPEX,電子零組件,EB166000,439.3,357.5,18.66,moneydj,https://www.moneydj.com/Z/ZB/ZBA/CZBA1.DJBCD?a=EB166000
2026-05-27,TPEX,電子零組件,EB166000,440.19,360.44,13.79,moneydj,https://www.moneydj.com/Z/ZB/ZBA/CZBA1.DJBCD?a=EB166000
2026-05-28,TPEX,電子零組件,EB166000,432.48,353.17,16.34,moneydj,https://www.moneydj.com/Z/ZB/ZBA/CZBA1.DJBCD?a=EB166000
2026-05-29,TPEX,電子零組件,EB166000,443.64,371.98,17.35,moneydj,https://www.moneydj.com/Z/ZB/ZBA/CZBA1.DJBCD?a=EB166000
2026-06-01,TPEX,電子零組件,EB166000,446.02,380.54,17.57,moneydj,https://www.moneydj.com/Z/ZB/ZBA/CZBA1.DJBCD?a=EB166000
2026-06-02,TPEX,電子零組件,EB166000,440.64,367.94,20.86,moneydj,https://www.moneydj.com/Z/ZB/ZBA/CZBA1.DJBCD?a=EB166000
2026-06-03,TPEX,電子零組件,EB166000,446.82,373.41,16.67,moneydj,https://www.moneydj.com/Z/ZB/ZBA/CZBA1.DJBCD?a=EB166000
2026-06-04,TPEX,電子零組件,EB166000,440.1,366.53,15.73,moneydj,https://www.moneydj.com/Z/ZB/ZBA/CZBA1.DJBCD?a=EB166000
2026-06-05,TPEX,電子零組件,EB166000,431.07,361.42,20.44,moneydj,https://www.moneydj.com/Z/ZB/ZBA/CZBA1.DJBCD?a=EB166000
2026-06-08,TPEX,電子零組件,EB166000,412.57,345.63,21.4,moneydj,https://www.moneydj.com/Z/ZB/ZBA/CZBA1.DJBCD?a=EB166000
2026-06-09,TPEX,電子零組件,EB166000,424.71,359.75,22.75,moneydj,https://www.moneydj.com/Z/ZB/ZBA/CZBA1.DJBCD?a=EB166000
2026-03-13,TPEX,電子通路,EB167000,312.9,118.86,1.95,moneydj,https://www.moneydj.com/Z/ZB/ZBA/CZBA1.DJBCD?a=EB167000
2026-03-16,TPEX,電子通路,EB167000,317.19,122.66,1.82,moneydj,https://www.moneydj.com/Z/ZB/ZBA/CZBA1.DJBCD?a=EB167000
2026-03-17,TPEX,電子通路,EB167000,321.03,122.97,3.18,moneydj,https://www.moneydj.com/Z/ZB/ZBA/CZBA1.DJBCD?a=EB167000
2026-03-18,TPEX,電子通路,EB167000,329.4,126.94,2.17,moneydj,https://www.moneydj.com/Z/ZB/ZBA/CZBA1.DJBCD?a=EB167000
2026-03-19,TPEX,電子通路,EB167000,329.79,125.37,2.13,moneydj,https://www.moneydj.com/Z/ZB/ZBA/CZBA1.DJBCD?a=EB167000
2026-03-20,TPEX,電子通路,EB167000,328.4,126.76,2.17,moneydj,https://www.moneydj.com/Z/ZB/ZBA/CZBA1.DJBCD?a=EB167000
2026-03-23,TPEX,電子通路,EB167000,317.02,123.84,1.62,moneydj,https://www.moneydj.com/Z/ZB/ZBA/CZBA1.DJBCD?a=EB167000
2026-03-24,TPEX,電子通路,EB167000,312.74,122.08,1.47,moneydj,https://www.moneydj.com/Z/ZB/ZBA/CZBA1.DJBCD?a=EB167000
2026-03-25,TPEX,電子通路,EB167000,324.87,124.77,1.45,moneydj,https://www.moneydj.com/Z/ZB/ZBA/CZBA1.DJBCD?a=EB167000
2026-03-26,TPEX,電子通路,EB167000,322.8,123.33,1.05,moneydj,https://www.moneydj.com/Z/ZB/ZBA/CZBA1.DJBCD?a=EB167000
2026-03-27,TPEX,電子通路,EB167000,325.0,123.63,1.29,moneydj,https://www.moneydj.com/Z/ZB/ZBA/CZBA1.DJBCD?a=EB167000
2026-03-30,TPEX,電子通路,EB167000,320.4,124.19,1.88,moneydj,https://www.moneydj.com/Z/ZB/ZBA/CZBA1.DJBCD?a=EB167000
2026-03-31,TPEX,電子通路,EB167000,307.73,119.5,0.92,moneydj,https://www.moneydj.com/Z/ZB/ZBA/CZBA1.DJBCD?a=EB167000
2026-04-01,TPEX,電子通路,EB167000,321.19,124.38,1.36,moneydj,https://www.moneydj.com/Z/ZB/ZBA/CZBA1.DJBCD?a=EB167000
2026-04-02,TPEX,電子通路,EB167000,317.9,123.32,1.03,moneydj,https://www.moneydj.com/Z/ZB/ZBA/CZBA1.DJBCD?a=EB167000
2026-04-07,TPEX,電子通路,EB167000,325.61,124.38,1.2,moneydj,https://www.moneydj.com/Z/ZB/ZBA/CZBA1.DJBCD?a=EB167000
2026-04-08,TPEX,電子通路,EB167000,341.2,129.98,1.93,moneydj,https://www.moneydj.com/Z/ZB/ZBA/CZBA1.DJBCD?a=EB167000
2026-04-09,TPEX,電子通路,EB167000,342.57,126.19,1.93,moneydj,https://www.moneydj.com/Z/ZB/ZBA/CZBA1.DJBCD?a=EB167000
2026-04-10,TPEX,電子通路,EB167000,349.5,128.1,0.96,moneydj,https://www.moneydj.com/Z/ZB/ZBA/CZBA1.DJBCD?a=EB167000
2026-04-13,TPEX,電子通路,EB167000,352.23,128.14,0.75,moneydj,https://www.moneydj.com/Z/ZB/ZBA/CZBA1.DJBCD?a=EB167000
2026-04-14,TPEX,電子通路,EB167000,356.0,128.3,0.69,moneydj,https://www.moneydj.com/Z/ZB/ZBA/CZBA1.DJBCD?a=EB167000
2026-04-15,TPEX,電子通路,EB167000,359.86,129.56,0.63,moneydj,https://www.moneydj.com/Z/ZB/ZBA/CZBA1.DJBCD?a=EB167000
2026-04-16,TPEX,電子通路,EB167000,365.96,129.79,0.31,moneydj,https://www.moneydj.com/Z/ZB/ZBA/CZBA1.DJBCD?a=EB167000
2026-04-17,TPEX,電子通路,EB167000,372.34,129.18,0.49,moneydj,https://www.moneydj.com/Z/ZB/ZBA/CZBA1.DJBCD?a=EB167000
2026-04-20,TPEX,電子通路,EB167000,383.5,130.58,0.79,moneydj,https://www.moneydj.com/Z/ZB/ZBA/CZBA1.DJBCD?a=EB167000
2026-04-21,TPEX,電子通路,EB167000,390.57,134.28,0.48,moneydj,https://www.moneydj.com/Z/ZB/ZBA/CZBA1.DJBCD?a=EB167000
2026-04-22,TPEX,電子通路,EB167000,395.08,135.54,0.73,moneydj,https://www.moneydj.com/Z/ZB/ZBA/CZBA1.DJBCD?a=EB167000
2026-04-23,TPEX,電子通路,EB167000,381.32,129.26,0.45,moneydj,https://www.moneydj.com/Z/ZB/ZBA/CZBA1.DJBCD?a=EB167000
2026-04-24,TPEX,電子通路,EB167000,381.54,127.2,0.32,moneydj,https://www.moneydj.com/Z/ZB/ZBA/CZBA1.DJBCD?a=EB167000
2026-04-27,TPEX,電子通路,EB167000,377.05,128.4,0.59,moneydj,https://www.moneydj.com/Z/ZB/ZBA/CZBA1.DJBCD?a=EB167000
2026-04-28,TPEX,電子通路,EB167000,382.06,130.06,0.58,moneydj,https://www.moneydj.com/Z/ZB/ZBA/CZBA1.DJBCD?a=EB167000
2026-04-29,TPEX,電子通路,EB167000,382.75,133.2,1.27,moneydj,https://www.moneydj.com/Z/ZB/ZBA/CZBA1.DJBCD?a=EB167000
2026-04-30,TPEX,電子通路,EB167000,384.58,130.18,0.69,moneydj,https://www.moneydj.com/Z/ZB/ZBA/CZBA1.DJBCD?a=EB167000
2026-05-04,TPEX,電子通路,EB167000,398.25,133.4,0.58,moneydj,https://www.moneydj.com/Z/ZB/ZBA/CZBA1.DJBCD?a=EB167000
2026-05-05,TPEX,電子通路,EB167000,407.44,135.82,0.67,moneydj,https://www.moneydj.com/Z/ZB/ZBA/CZBA1.DJBCD?a=EB167000
2026-05-06,TPEX,電子通路,EB167000,410.29,136.48,1.17,moneydj,https://www.moneydj.com/Z/ZB/ZBA/CZBA1.DJBCD?a=EB167000
2026-05-07,TPEX,電子通路,EB167000,416.41,136.32,0.59,moneydj,https://www.moneydj.com/Z/ZB/ZBA/CZBA1.DJBCD?a=EB167000
2026-05-08,TPEX,電子通路,EB167000,409.44,135.8,0.41,moneydj,https://www.moneydj.com/Z/ZB/ZBA/CZBA1.DJBCD?a=EB167000
2026-05-11,TPEX,電子通路,EB167000,422.01,137.19,1.11,moneydj,https://www.moneydj.com/Z/ZB/ZBA/CZBA1.DJBCD?a=EB167000
2026-05-12,TPEX,電子通路,EB167000,425.71,138.04,0.71,moneydj,https://www.moneydj.com/Z/ZB/ZBA/CZBA1.DJBCD?a=EB167000
2026-05-13,TPEX,電子通路,EB167000,420.54,136.63,0.49,moneydj,https://www.moneydj.com/Z/ZB/ZBA/CZBA1.DJBCD?a=EB167000
2026-05-14,TPEX,電子通路,EB167000,426.57,139.79,1.0,moneydj,https://www.moneydj.com/Z/ZB/ZBA/CZBA1.DJBCD?a=EB167000
2026-05-15,TPEX,電子通路,EB167000,411.18,139.65,0.66,moneydj,https://www.moneydj.com/Z/ZB/ZBA/CZBA1.DJBCD?a=EB167000
2026-05-18,TPEX,電子通路,EB167000,409.63,142.74,1.7,moneydj,https://www.moneydj.com/Z/ZB/ZBA/CZBA1.DJBCD?a=EB167000
2026-05-19,TPEX,電子通路,EB167000,398.18,140.0,1.92,moneydj,https://www.moneydj.com/Z/ZB/ZBA/CZBA1.DJBCD?a=EB167000
2026-05-20,TPEX,電子通路,EB167000,396.42,140.42,1.22,moneydj,https://www.moneydj.com/Z/ZB/ZBA/CZBA1.DJBCD?a=EB167000
2026-05-21,TPEX,電子通路,EB167000,409.8,143.14,1.2,moneydj,https://www.moneydj.com/Z/ZB/ZBA/CZBA1.DJBCD?a=EB167000
2026-05-22,TPEX,電子通路,EB167000,423.25,151.99,1.48,moneydj,https://www.moneydj.com/Z/ZB/ZBA/CZBA1.DJBCD?a=EB167000
2026-05-25,TPEX,電子通路,EB167000,434.99,157.96,1.62,moneydj,https://www.moneydj.com/Z/ZB/ZBA/CZBA1.DJBCD?a=EB167000
2026-05-26,TPEX,電子通路,EB167000,439.3,154.69,0.98,moneydj,https://www.moneydj.com/Z/ZB/ZBA/CZBA1.DJBCD?a=EB167000
2026-05-27,TPEX,電子通路,EB167000,440.19,156.49,0.78,moneydj,https://www.moneydj.com/Z/ZB/ZBA/CZBA1.DJBCD?a=EB167000
2026-05-28,TPEX,電子通路,EB167000,432.48,156.94,0.94,moneydj,https://www.moneydj.com/Z/ZB/ZBA/CZBA1.DJBCD?a=EB167000
2026-05-29,TPEX,電子通路,EB167000,443.64,157.91,0.82,moneydj,https://www.moneydj.com/Z/ZB/ZBA/CZBA1.DJBCD?a=EB167000
2026-06-01,TPEX,電子通路,EB167000,446.02,162.68,0.77,moneydj,https://www.moneydj.com/Z/ZB/ZBA/CZBA1.DJBCD?a=EB167000
2026-06-02,TPEX,電子通路,EB167000,440.64,166.1,1.12,moneydj,https://www.moneydj.com/Z/ZB/ZBA/CZBA1.DJBCD?a=EB167000
2026-06-03,TPEX,電子通路,EB167000,446.82,165.84,0.81,moneydj,https://www.moneydj.com/Z/ZB/ZBA/CZBA1.DJBCD?a=EB167000
2026-06-04,TPEX,電子通路,EB167000,440.1,167.14,0.99,moneydj,https://www.moneydj.com/Z/ZB/ZBA/CZBA1.DJBCD?a=EB167000
2026-06-05,TPEX,電子通路,EB167000,431.07,161.09,1.14,moneydj,https://www.moneydj.com/Z/ZB/ZBA/CZBA1.DJBCD?a=EB167000
2026-06-08,TPEX,電子通路,EB167000,412.57,154.36,0.96,moneydj,https://www.moneydj.com/Z/ZB/ZBA/CZBA1.DJBCD?a=EB167000
2026-06-09,TPEX,電子通路,EB167000,424.71,159.64,0.97,moneydj,https://www.moneydj.com/Z/ZB/ZBA/CZBA1.DJBCD?a=EB167000
2026-03-13,TPEX,資訊服務,EB168000,312.9,178.34,0.4,moneydj,https://www.moneydj.com/Z/ZB/ZBA/CZBA1.DJBCD?a=EB168000
2026-03-16,TPEX,資訊服務,EB168000,317.19,178.57,0.26,moneydj,https://www.moneydj.com/Z/ZB/ZBA/CZBA1.DJBCD?a=EB168000
2026-03-17,TPEX,資訊服務,EB168000,321.03,179.48,0.23,moneydj,https://www.moneydj.com/Z/ZB/ZBA/CZBA1.DJBCD?a=EB168000
2026-03-18,TPEX,資訊服務,EB168000,329.4,181.32,0.45,moneydj,https://www.moneydj.com/Z/ZB/ZBA/CZBA1.DJBCD?a=EB168000
2026-03-19,TPEX,資訊服務,EB168000,329.79,182.09,0.54,moneydj,https://www.moneydj.com/Z/ZB/ZBA/CZBA1.DJBCD?a=EB168000
2026-03-20,TPEX,資訊服務,EB168000,328.4,183.15,0.48,moneydj,https://www.moneydj.com/Z/ZB/ZBA/CZBA1.DJBCD?a=EB168000
2026-03-23,TPEX,資訊服務,EB168000,317.02,181.05,0.82,moneydj,https://www.moneydj.com/Z/ZB/ZBA/CZBA1.DJBCD?a=EB168000
2026-03-24,TPEX,資訊服務,EB168000,312.74,180.0,0.52,moneydj,https://www.moneydj.com/Z/ZB/ZBA/CZBA1.DJBCD?a=EB168000
2026-03-25,TPEX,資訊服務,EB168000,324.87,182.42,0.63,moneydj,https://www.moneydj.com/Z/ZB/ZBA/CZBA1.DJBCD?a=EB168000
2026-03-26,TPEX,資訊服務,EB168000,322.8,180.51,0.35,moneydj,https://www.moneydj.com/Z/ZB/ZBA/CZBA1.DJBCD?a=EB168000
2026-03-27,TPEX,資訊服務,EB168000,325.0,179.29,0.36,moneydj,https://www.moneydj.com/Z/ZB/ZBA/CZBA1.DJBCD?a=EB168000
2026-03-30,TPEX,資訊服務,EB168000,320.4,176.21,0.3,moneydj,https://www.moneydj.com/Z/ZB/ZBA/CZBA1.DJBCD?a=EB168000
2026-03-31,TPEX,資訊服務,EB168000,307.73,172.28,0.27,moneydj,https://www.moneydj.com/Z/ZB/ZBA/CZBA1.DJBCD?a=EB168000
2026-04-01,TPEX,資訊服務,EB168000,321.19,175.51,0.34,moneydj,https://www.moneydj.com/Z/ZB/ZBA/CZBA1.DJBCD?a=EB168000
2026-04-02,TPEX,資訊服務,EB168000,317.9,174.87,0.27,moneydj,https://www.moneydj.com/Z/ZB/ZBA/CZBA1.DJBCD?a=EB168000
2026-04-07,TPEX,資訊服務,EB168000,325.61,177.0,0.29,moneydj,https://www.moneydj.com/Z/ZB/ZBA/CZBA1.DJBCD?a=EB168000
2026-04-08,TPEX,資訊服務,EB168000,341.2,178.99,0.31,moneydj,https://www.moneydj.com/Z/ZB/ZBA/CZBA1.DJBCD?a=EB168000
2026-04-09,TPEX,資訊服務,EB168000,342.57,177.74,0.21,moneydj,https://www.moneydj.com/Z/ZB/ZBA/CZBA1.DJBCD?a=EB168000
2026-04-10,TPEX,資訊服務,EB168000,349.5,177.27,0.25,moneydj,https://www.moneydj.com/Z/ZB/ZBA/CZBA1.DJBCD?a=EB168000
2026-04-13,TPEX,資訊服務,EB168000,352.23,178.07,0.22,moneydj,https://www.moneydj.com/Z/ZB/ZBA/CZBA1.DJBCD?a=EB168000
2026-04-14,TPEX,資訊服務,EB168000,356.0,178.05,0.2,moneydj,https://www.moneydj.com/Z/ZB/ZBA/CZBA1.DJBCD?a=EB168000
2026-04-15,TPEX,資訊服務,EB168000,359.86,178.4,0.15,moneydj,https://www.moneydj.com/Z/ZB/ZBA/CZBA1.DJBCD?a=EB168000
2026-04-16,TPEX,資訊服務,EB168000,365.96,179.76,0.13,moneydj,https://www.moneydj.com/Z/ZB/ZBA/CZBA1.DJBCD?a=EB168000
2026-04-17,TPEX,資訊服務,EB168000,372.34,180.71,0.25,moneydj,https://www.moneydj.com/Z/ZB/ZBA/CZBA1.DJBCD?a=EB168000
2026-04-20,TPEX,資訊服務,EB168000,383.5,182.54,0.28,moneydj,https://www.moneydj.com/Z/ZB/ZBA/CZBA1.DJBCD?a=EB168000
2026-04-21,TPEX,資訊服務,EB168000,390.57,185.85,0.53,moneydj,https://www.moneydj.com/Z/ZB/ZBA/CZBA1.DJBCD?a=EB168000
2026-04-22,TPEX,資訊服務,EB168000,395.08,189.62,0.27,moneydj,https://www.moneydj.com/Z/ZB/ZBA/CZBA1.DJBCD?a=EB168000
2026-04-23,TPEX,資訊服務,EB168000,381.32,185.58,0.75,moneydj,https://www.moneydj.com/Z/ZB/ZBA/CZBA1.DJBCD?a=EB168000
2026-04-24,TPEX,資訊服務,EB168000,381.54,184.6,0.48,moneydj,https://www.moneydj.com/Z/ZB/ZBA/CZBA1.DJBCD?a=EB168000
2026-04-27,TPEX,資訊服務,EB168000,377.05,181.85,0.43,moneydj,https://www.moneydj.com/Z/ZB/ZBA/CZBA1.DJBCD?a=EB168000
2026-04-28,TPEX,資訊服務,EB168000,382.06,183.09,0.28,moneydj,https://www.moneydj.com/Z/ZB/ZBA/CZBA1.DJBCD?a=EB168000
2026-04-29,TPEX,資訊服務,EB168000,382.75,181.79,0.29,moneydj,https://www.moneydj.com/Z/ZB/ZBA/CZBA1.DJBCD?a=EB168000
2026-04-30,TPEX,資訊服務,EB168000,384.58,181.58,0.18,moneydj,https://www.moneydj.com/Z/ZB/ZBA/CZBA1.DJBCD?a=EB168000
2026-05-04,TPEX,資訊服務,EB168000,398.25,183.03,0.24,moneydj,https://www.moneydj.com/Z/ZB/ZBA/CZBA1.DJBCD?a=EB168000
2026-05-05,TPEX,資訊服務,EB168000,407.44,184.31,0.2,moneydj,https://www.moneydj.com/Z/ZB/ZBA/CZBA1.DJBCD?a=EB168000
2026-05-06,TPEX,資訊服務,EB168000,410.29,183.17,0.21,moneydj,https://www.moneydj.com/Z/ZB/ZBA/CZBA1.DJBCD?a=EB168000
2026-05-07,TPEX,資訊服務,EB168000,416.41,185.69,0.29,moneydj,https://www.moneydj.com/Z/ZB/ZBA/CZBA1.DJBCD?a=EB168000
2026-05-08,TPEX,資訊服務,EB168000,409.44,184.88,0.44,moneydj,https://www.moneydj.com/Z/ZB/ZBA/CZBA1.DJBCD?a=EB168000
2026-05-11,TPEX,資訊服務,EB168000,422.01,183.74,0.24,moneydj,https://www.moneydj.com/Z/ZB/ZBA/CZBA1.DJBCD?a=EB168000
2026-05-12,TPEX,資訊服務,EB168000,425.71,181.77,0.2,moneydj,https://www.moneydj.com/Z/ZB/ZBA/CZBA1.DJBCD?a=EB168000
2026-05-13,TPEX,資訊服務,EB168000,420.54,179.58,0.2,moneydj,https://www.moneydj.com/Z/ZB/ZBA/CZBA1.DJBCD?a=EB168000
2026-05-14,TPEX,資訊服務,EB168000,426.57,176.91,0.27,moneydj,https://www.moneydj.com/Z/ZB/ZBA/CZBA1.DJBCD?a=EB168000
2026-05-15,TPEX,資訊服務,EB168000,411.18,175.27,0.17,moneydj,https://www.moneydj.com/Z/ZB/ZBA/CZBA1.DJBCD?a=EB168000
2026-05-18,TPEX,資訊服務,EB168000,409.63,176.23,0.15,moneydj,https://www.moneydj.com/Z/ZB/ZBA/CZBA1.DJBCD?a=EB168000
2026-05-19,TPEX,資訊服務,EB168000,398.18,175.64,0.16,moneydj,https://www.moneydj.com/Z/ZB/ZBA/CZBA1.DJBCD?a=EB168000
2026-05-20,TPEX,資訊服務,EB168000,396.42,175.48,0.11,moneydj,https://www.moneydj.com/Z/ZB/ZBA/CZBA1.DJBCD?a=EB168000
2026-05-21,TPEX,資訊服務,EB168000,409.8,177.07,0.16,moneydj,https://www.moneydj.com/Z/ZB/ZBA/CZBA1.DJBCD?a=EB168000
2026-05-22,TPEX,資訊服務,EB168000,423.25,178.43,0.19,moneydj,https://www.moneydj.com/Z/ZB/ZBA/CZBA1.DJBCD?a=EB168000
2026-05-25,TPEX,資訊服務,EB168000,434.99,178.54,0.19,moneydj,https://www.moneydj.com/Z/ZB/ZBA/CZBA1.DJBCD?a=EB168000
2026-05-26,TPEX,資訊服務,EB168000,439.3,177.84,0.16,moneydj,https://www.moneydj.com/Z/ZB/ZBA/CZBA1.DJBCD?a=EB168000
2026-05-27,TPEX,資訊服務,EB168000,440.19,176.86,0.13,moneydj,https://www.moneydj.com/Z/ZB/ZBA/CZBA1.DJBCD?a=EB168000
2026-05-28,TPEX,資訊服務,EB168000,432.48,177.3,0.16,moneydj,https://www.moneydj.com/Z/ZB/ZBA/CZBA1.DJBCD?a=EB168000
2026-05-29,TPEX,資訊服務,EB168000,443.64,178.26,0.13,moneydj,https://www.moneydj.com/Z/ZB/ZBA/CZBA1.DJBCD?a=EB168000
2026-06-01,TPEX,資訊服務,EB168000,446.02,186.47,0.64,moneydj,https://www.moneydj.com/Z/ZB/ZBA/CZBA1.DJBCD?a=EB168000
2026-06-02,TPEX,資訊服務,EB168000,440.64,189.4,0.58,moneydj,https://www.moneydj.com/Z/ZB/ZBA/CZBA1.DJBCD?a=EB168000
2026-06-03,TPEX,資訊服務,EB168000,446.82,192.91,0.66,moneydj,https://www.moneydj.com/Z/ZB/ZBA/CZBA1.DJBCD?a=EB168000
2026-06-04,TPEX,資訊服務,EB168000,440.1,195.75,0.88,moneydj,https://www.moneydj.com/Z/ZB/ZBA/CZBA1.DJBCD?a=EB168000
2026-06-05,TPEX,資訊服務,EB168000,431.07,196.97,1.02,moneydj,https://www.moneydj.com/Z/ZB/ZBA/CZBA1.DJBCD?a=EB168000
2026-06-08,TPEX,資訊服務,EB168000,412.57,192.75,0.69,moneydj,https://www.moneydj.com/Z/ZB/ZBA/CZBA1.DJBCD?a=EB168000
2026-06-09,TPEX,資訊服務,EB168000,424.71,195.6,0.51,moneydj,https://www.moneydj.com/Z/ZB/ZBA/CZBA1.DJBCD?a=EB168000
2026-03-13,TPEX,其他電子,EB169000,312.9,368.4,11.76,moneydj,https://www.moneydj.com/Z/ZB/ZBA/CZBA1.DJBCD?a=EB169000
2026-03-16,TPEX,其他電子,EB169000,317.19,371.94,9.4,moneydj,https://www.moneydj.com/Z/ZB/ZBA/CZBA1.DJBCD?a=EB169000
2026-03-17,TPEX,其他電子,EB169000,321.03,373.9,6.94,moneydj,https://www.moneydj.com/Z/ZB/ZBA/CZBA1.DJBCD?a=EB169000
2026-03-18,TPEX,其他電子,EB169000,329.4,384.22,8.15,moneydj,https://www.moneydj.com/Z/ZB/ZBA/CZBA1.DJBCD?a=EB169000
2026-03-19,TPEX,其他電子,EB169000,329.79,388.62,10.79,moneydj,https://www.moneydj.com/Z/ZB/ZBA/CZBA1.DJBCD?a=EB169000
2026-03-20,TPEX,其他電子,EB169000,328.4,391.51,7.72,moneydj,https://www.moneydj.com/Z/ZB/ZBA/CZBA1.DJBCD?a=EB169000
2026-03-23,TPEX,其他電子,EB169000,317.02,386.84,12.62,moneydj,https://www.moneydj.com/Z/ZB/ZBA/CZBA1.DJBCD?a=EB169000
2026-03-24,TPEX,其他電子,EB169000,312.74,385.28,12.74,moneydj,https://www.moneydj.com/Z/ZB/ZBA/CZBA1.DJBCD?a=EB169000
2026-03-25,TPEX,其他電子,EB169000,324.87,404.15,12.57,moneydj,https://www.moneydj.com/Z/ZB/ZBA/CZBA1.DJBCD?a=EB169000
2026-03-26,TPEX,其他電子,EB169000,322.8,393.34,10.97,moneydj,https://www.moneydj.com/Z/ZB/ZBA/CZBA1.DJBCD?a=EB169000
2026-03-27,TPEX,其他電子,EB169000,325.0,399.29,9.39,moneydj,https://www.moneydj.com/Z/ZB/ZBA/CZBA1.DJBCD?a=EB169000
2026-03-30,TPEX,其他電子,EB169000,320.4,390.91,10.24,moneydj,https://www.moneydj.com/Z/ZB/ZBA/CZBA1.DJBCD?a=EB169000
2026-03-31,TPEX,其他電子,EB169000,307.73,372.41,10.74,moneydj,https://www.moneydj.com/Z/ZB/ZBA/CZBA1.DJBCD?a=EB169000
2026-04-01,TPEX,其他電子,EB169000,321.19,387.75,9.2,moneydj,https://www.moneydj.com/Z/ZB/ZBA/CZBA1.DJBCD?a=EB169000
2026-04-02,TPEX,其他電子,EB169000,317.9,386.75,7.59,moneydj,https://www.moneydj.com/Z/ZB/ZBA/CZBA1.DJBCD?a=EB169000
2026-04-07,TPEX,其他電子,EB169000,325.61,391.92,6.59,moneydj,https://www.moneydj.com/Z/ZB/ZBA/CZBA1.DJBCD?a=EB169000
2026-04-08,TPEX,其他電子,EB169000,341.2,413.79,8.29,moneydj,https://www.moneydj.com/Z/ZB/ZBA/CZBA1.DJBCD?a=EB169000
2026-04-09,TPEX,其他電子,EB169000,342.57,419.97,9.03,moneydj,https://www.moneydj.com/Z/ZB/ZBA/CZBA1.DJBCD?a=EB169000
2026-04-10,TPEX,其他電子,EB169000,349.5,430.32,7.8,moneydj,https://www.moneydj.com/Z/ZB/ZBA/CZBA1.DJBCD?a=EB169000
2026-04-13,TPEX,其他電子,EB169000,352.23,445.47,10.58,moneydj,https://www.moneydj.com/Z/ZB/ZBA/CZBA1.DJBCD?a=EB169000
2026-04-14,TPEX,其他電子,EB169000,356.0,451.62,7.92,moneydj,https://www.moneydj.com/Z/ZB/ZBA/CZBA1.DJBCD?a=EB169000
2026-04-15,TPEX,其他電子,EB169000,359.86,458.16,11.41,moneydj,https://www.moneydj.com/Z/ZB/ZBA/CZBA1.DJBCD?a=EB169000
2026-04-16,TPEX,其他電子,EB169000,365.96,462.06,9.25,moneydj,https://www.moneydj.com/Z/ZB/ZBA/CZBA1.DJBCD?a=EB169000
2026-04-17,TPEX,其他電子,EB169000,372.34,474.57,7.87,moneydj,https://www.moneydj.com/Z/ZB/ZBA/CZBA1.DJBCD?a=EB169000
2026-04-20,TPEX,其他電子,EB169000,383.5,479.31,7.61,moneydj,https://www.moneydj.com/Z/ZB/ZBA/CZBA1.DJBCD?a=EB169000
2026-04-21,TPEX,其他電子,EB169000,390.57,485.91,6.36,moneydj,https://www.moneydj.com/Z/ZB/ZBA/CZBA1.DJBCD?a=EB169000
2026-04-22,TPEX,其他電子,EB169000,395.08,494.31,8.58,moneydj,https://www.moneydj.com/Z/ZB/ZBA/CZBA1.DJBCD?a=EB169000
2026-04-23,TPEX,其他電子,EB169000,381.32,478.5,8.94,moneydj,https://www.moneydj.com/Z/ZB/ZBA/CZBA1.DJBCD?a=EB169000
2026-04-24,TPEX,其他電子,EB169000,381.54,485.77,8.71,moneydj,https://www.moneydj.com/Z/ZB/ZBA/CZBA1.DJBCD?a=EB169000
2026-04-27,TPEX,其他電子,EB169000,377.05,472.47,9.01,moneydj,https://www.moneydj.com/Z/ZB/ZBA/CZBA1.DJBCD?a=EB169000
2026-04-28,TPEX,其他電子,EB169000,382.06,477.03,6.13,moneydj,https://www.moneydj.com/Z/ZB/ZBA/CZBA1.DJBCD?a=EB169000
2026-04-29,TPEX,其他電子,EB169000,382.75,478.58,5.58,moneydj,https://www.moneydj.com/Z/ZB/ZBA/CZBA1.DJBCD?a=EB169000
2026-04-30,TPEX,其他電子,EB169000,384.58,471.76,8.46,moneydj,https://www.moneydj.com/Z/ZB/ZBA/CZBA1.DJBCD?a=EB169000
2026-05-04,TPEX,其他電子,EB169000,398.25,484.85,9.19,moneydj,https://www.moneydj.com/Z/ZB/ZBA/CZBA1.DJBCD?a=EB169000
2026-05-05,TPEX,其他電子,EB169000,407.44,478.43,7.94,moneydj,https://www.moneydj.com/Z/ZB/ZBA/CZBA1.DJBCD?a=EB169000
2026-05-06,TPEX,其他電子,EB169000,410.29,482.65,6.81,moneydj,https://www.moneydj.com/Z/ZB/ZBA/CZBA1.DJBCD?a=EB169000
2026-05-07,TPEX,其他電子,EB169000,416.41,483.0,9.27,moneydj,https://www.moneydj.com/Z/ZB/ZBA/CZBA1.DJBCD?a=EB169000
2026-05-08,TPEX,其他電子,EB169000,409.44,468.79,6.18,moneydj,https://www.moneydj.com/Z/ZB/ZBA/CZBA1.DJBCD?a=EB169000
2026-05-11,TPEX,其他電子,EB169000,422.01,474.12,6.67,moneydj,https://www.moneydj.com/Z/ZB/ZBA/CZBA1.DJBCD?a=EB169000
2026-05-12,TPEX,其他電子,EB169000,425.71,475.39,5.46,moneydj,https://www.moneydj.com/Z/ZB/ZBA/CZBA1.DJBCD?a=EB169000
2026-05-13,TPEX,其他電子,EB169000,420.54,476.16,7.31,moneydj,https://www.moneydj.com/Z/ZB/ZBA/CZBA1.DJBCD?a=EB169000
2026-05-14,TPEX,其他電子,EB169000,426.57,472.93,7.23,moneydj,https://www.moneydj.com/Z/ZB/ZBA/CZBA1.DJBCD?a=EB169000
2026-05-15,TPEX,其他電子,EB169000,411.18,468.71,5.88,moneydj,https://www.moneydj.com/Z/ZB/ZBA/CZBA1.DJBCD?a=EB169000
2026-05-18,TPEX,其他電子,EB169000,409.63,457.48,5.74,moneydj,https://www.moneydj.com/Z/ZB/ZBA/CZBA1.DJBCD?a=EB169000
2026-05-19,TPEX,其他電子,EB169000,398.18,445.66,5.61,moneydj,https://www.moneydj.com/Z/ZB/ZBA/CZBA1.DJBCD?a=EB169000
2026-05-20,TPEX,其他電子,EB169000,396.42,437.97,5.25,moneydj,https://www.moneydj.com/Z/ZB/ZBA/CZBA1.DJBCD?a=EB169000
2026-05-21,TPEX,其他電子,EB169000,409.8,452.03,5.12,moneydj,https://www.moneydj.com/Z/ZB/ZBA/CZBA1.DJBCD?a=EB169000
2026-05-22,TPEX,其他電子,EB169000,423.25,461.49,5.49,moneydj,https://www.moneydj.com/Z/ZB/ZBA/CZBA1.DJBCD?a=EB169000
2026-05-25,TPEX,其他電子,EB169000,434.99,474.36,5.17,moneydj,https://www.moneydj.com/Z/ZB/ZBA/CZBA1.DJBCD?a=EB169000
2026-05-26,TPEX,其他電子,EB169000,439.3,488.76,6.99,moneydj,https://www.moneydj.com/Z/ZB/ZBA/CZBA1.DJBCD?a=EB169000
2026-05-27,TPEX,其他電子,EB169000,440.19,494.81,4.68,moneydj,https://www.moneydj.com/Z/ZB/ZBA/CZBA1.DJBCD?a=EB169000
2026-05-28,TPEX,其他電子,EB169000,432.48,488.15,7.01,moneydj,https://www.moneydj.com/Z/ZB/ZBA/CZBA1.DJBCD?a=EB169000
2026-05-29,TPEX,其他電子,EB169000,443.64,493.28,6.14,moneydj,https://www.moneydj.com/Z/ZB/ZBA/CZBA1.DJBCD?a=EB169000
2026-06-01,TPEX,其他電子,EB169000,446.02,498.01,6.45,moneydj,https://www.moneydj.com/Z/ZB/ZBA/CZBA1.DJBCD?a=EB169000
2026-06-02,TPEX,其他電子,EB169000,440.64,489.19,5.23,moneydj,https://www.moneydj.com/Z/ZB/ZBA/CZBA1.DJBCD?a=EB169000
2026-06-03,TPEX,其他電子,EB169000,446.82,506.3,6.38,moneydj,https://www.moneydj.com/Z/ZB/ZBA/CZBA1.DJBCD?a=EB169000
2026-06-04,TPEX,其他電子,EB169000,440.1,503.58,6.05,moneydj,https://www.moneydj.com/Z/ZB/ZBA/CZBA1.DJBCD?a=EB169000
2026-06-05,TPEX,其他電子,EB169000,431.07,493.49,5.02,moneydj,https://www.moneydj.com/Z/ZB/ZBA/CZBA1.DJBCD?a=EB169000
2026-06-08,TPEX,其他電子,EB169000,412.57,472.13,5.19,moneydj,https://www.moneydj.com/Z/ZB/ZBA/CZBA1.DJBCD?a=EB169000
2026-06-09,TPEX,其他電子,EB169000,424.71,485.64,4.2,moneydj,https://www.moneydj.com/Z/ZB/ZBA/CZBA1.DJBCD?a=EB169000
2026-03-13,TPEX,建材營造,EB155000,312.9,190.34,0.16,moneydj,https://www.moneydj.com/Z/ZB/ZBA/CZBA1.DJBCD?a=EB155000
2026-03-16,TPEX,建材營造,EB155000,317.19,191.14,0.12,moneydj,https://www.moneydj.com/Z/ZB/ZBA/CZBA1.DJBCD?a=EB155000
2026-03-17,TPEX,建材營造,EB155000,321.03,193.04,0.14,moneydj,https://www.moneydj.com/Z/ZB/ZBA/CZBA1.DJBCD?a=EB155000
2026-03-18,TPEX,建材營造,EB155000,329.4,191.86,0.12,moneydj,https://www.moneydj.com/Z/ZB/ZBA/CZBA1.DJBCD?a=EB155000
2026-03-19,TPEX,建材營造,EB155000,329.79,190.68,0.09,moneydj,https://www.moneydj.com/Z/ZB/ZBA/CZBA1.DJBCD?a=EB155000
2026-03-20,TPEX,建材營造,EB155000,328.4,192.29,0.17,moneydj,https://www.moneydj.com/Z/ZB/ZBA/CZBA1.DJBCD?a=EB155000
2026-03-23,TPEX,建材營造,EB155000,317.02,188.39,0.11,moneydj,https://www.moneydj.com/Z/ZB/ZBA/CZBA1.DJBCD?a=EB155000
2026-03-24,TPEX,建材營造,EB155000,312.74,188.22,0.08,moneydj,https://www.moneydj.com/Z/ZB/ZBA/CZBA1.DJBCD?a=EB155000
2026-03-25,TPEX,建材營造,EB155000,324.87,189.02,0.1,moneydj,https://www.moneydj.com/Z/ZB/ZBA/CZBA1.DJBCD?a=EB155000
2026-03-26,TPEX,建材營造,EB155000,322.8,187.16,0.06,moneydj,https://www.moneydj.com/Z/ZB/ZBA/CZBA1.DJBCD?a=EB155000
2026-03-27,TPEX,建材營造,EB155000,325.0,187.14,0.06,moneydj,https://www.moneydj.com/Z/ZB/ZBA/CZBA1.DJBCD?a=EB155000
2026-03-30,TPEX,建材營造,EB155000,320.4,185.43,0.07,moneydj,https://www.moneydj.com/Z/ZB/ZBA/CZBA1.DJBCD?a=EB155000
2026-03-31,TPEX,建材營造,EB155000,307.73,183.69,0.08,moneydj,https://www.moneydj.com/Z/ZB/ZBA/CZBA1.DJBCD?a=EB155000
2026-04-01,TPEX,建材營造,EB155000,321.19,185.66,0.07,moneydj,https://www.moneydj.com/Z/ZB/ZBA/CZBA1.DJBCD?a=EB155000
2026-04-02,TPEX,建材營造,EB155000,317.9,184.65,0.05,moneydj,https://www.moneydj.com/Z/ZB/ZBA/CZBA1.DJBCD?a=EB155000
2026-04-07,TPEX,建材營造,EB155000,325.61,184.59,0.13,moneydj,https://www.moneydj.com/Z/ZB/ZBA/CZBA1.DJBCD?a=EB155000
2026-04-08,TPEX,建材營造,EB155000,341.2,185.55,0.11,moneydj,https://www.moneydj.com/Z/ZB/ZBA/CZBA1.DJBCD?a=EB155000
2026-04-09,TPEX,建材營造,EB155000,342.57,184.96,0.05,moneydj,https://www.moneydj.com/Z/ZB/ZBA/CZBA1.DJBCD?a=EB155000
2026-04-10,TPEX,建材營造,EB155000,349.5,185.8,0.04,moneydj,https://www.moneydj.com/Z/ZB/ZBA/CZBA1.DJBCD?a=EB155000
2026-04-13,TPEX,建材營造,EB155000,352.23,185.09,0.05,moneydj,https://www.moneydj.com/Z/ZB/ZBA/CZBA1.DJBCD?a=EB155000
2026-04-14,TPEX,建材營造,EB155000,356.0,184.35,0.05,moneydj,https://www.moneydj.com/Z/ZB/ZBA/CZBA1.DJBCD?a=EB155000
2026-04-15,TPEX,建材營造,EB155000,359.86,184.12,0.04,moneydj,https://www.moneydj.com/Z/ZB/ZBA/CZBA1.DJBCD?a=EB155000
2026-04-16,TPEX,建材營造,EB155000,365.96,183.58,0.06,moneydj,https://www.moneydj.com/Z/ZB/ZBA/CZBA1.DJBCD?a=EB155000
2026-04-17,TPEX,建材營造,EB155000,372.34,183.39,0.06,moneydj,https://www.moneydj.com/Z/ZB/ZBA/CZBA1.DJBCD?a=EB155000
2026-04-20,TPEX,建材營造,EB155000,383.5,182.52,0.07,moneydj,https://www.moneydj.com/Z/ZB/ZBA/CZBA1.DJBCD?a=EB155000
2026-04-21,TPEX,建材營造,EB155000,390.57,182.29,0.04,moneydj,https://www.moneydj.com/Z/ZB/ZBA/CZBA1.DJBCD?a=EB155000
2026-04-22,TPEX,建材營造,EB155000,395.08,182.07,0.08,moneydj,https://www.moneydj.com/Z/ZB/ZBA/CZBA1.DJBCD?a=EB155000
2026-04-23,TPEX,建材營造,EB155000,381.32,180.03,0.06,moneydj,https://www.moneydj.com/Z/ZB/ZBA/CZBA1.DJBCD?a=EB155000
2026-04-24,TPEX,建材營造,EB155000,381.54,179.27,0.04,moneydj,https://www.moneydj.com/Z/ZB/ZBA/CZBA1.DJBCD?a=EB155000
2026-04-27,TPEX,建材營造,EB155000,377.05,176.35,0.08,moneydj,https://www.moneydj.com/Z/ZB/ZBA/CZBA1.DJBCD?a=EB155000
2026-04-28,TPEX,建材營造,EB155000,382.06,177.27,0.05,moneydj,https://www.moneydj.com/Z/ZB/ZBA/CZBA1.DJBCD?a=EB155000
2026-04-29,TPEX,建材營造,EB155000,382.75,177.03,0.06,moneydj,https://www.moneydj.com/Z/ZB/ZBA/CZBA1.DJBCD?a=EB155000
2026-04-30,TPEX,建材營造,EB155000,384.58,176.71,0.04,moneydj,https://www.moneydj.com/Z/ZB/ZBA/CZBA1.DJBCD?a=EB155000
2026-05-04,TPEX,建材營造,EB155000,398.25,176.84,0.06,moneydj,https://www.moneydj.com/Z/ZB/ZBA/CZBA1.DJBCD?a=EB155000
2026-05-05,TPEX,建材營造,EB155000,407.44,176.76,0.04,moneydj,https://www.moneydj.com/Z/ZB/ZBA/CZBA1.DJBCD?a=EB155000
2026-05-06,TPEX,建材營造,EB155000,410.29,175.98,0.04,moneydj,https://www.moneydj.com/Z/ZB/ZBA/CZBA1.DJBCD?a=EB155000
2026-05-07,TPEX,建材營造,EB155000,416.41,176.81,0.05,moneydj,https://www.moneydj.com/Z/ZB/ZBA/CZBA1.DJBCD?a=EB155000
2026-05-08,TPEX,建材營造,EB155000,409.44,175.79,0.05,moneydj,https://www.moneydj.com/Z/ZB/ZBA/CZBA1.DJBCD?a=EB155000
2026-05-11,TPEX,建材營造,EB155000,422.01,175.82,0.06,moneydj,https://www.moneydj.com/Z/ZB/ZBA/CZBA1.DJBCD?a=EB155000
2026-05-12,TPEX,建材營造,EB155000,425.71,175.52,0.06,moneydj,https://www.moneydj.com/Z/ZB/ZBA/CZBA1.DJBCD?a=EB155000
2026-05-13,TPEX,建材營造,EB155000,420.54,175.67,0.06,moneydj,https://www.moneydj.com/Z/ZB/ZBA/CZBA1.DJBCD?a=EB155000
2026-05-14,TPEX,建材營造,EB155000,426.57,175.89,0.05,moneydj,https://www.moneydj.com/Z/ZB/ZBA/CZBA1.DJBCD?a=EB155000
2026-05-15,TPEX,建材營造,EB155000,411.18,174.45,0.06,moneydj,https://www.moneydj.com/Z/ZB/ZBA/CZBA1.DJBCD?a=EB155000
2026-05-18,TPEX,建材營造,EB155000,409.63,175.46,0.05,moneydj,https://www.moneydj.com/Z/ZB/ZBA/CZBA1.DJBCD?a=EB155000
2026-05-19,TPEX,建材營造,EB155000,398.18,175.37,0.04,moneydj,https://www.moneydj.com/Z/ZB/ZBA/CZBA1.DJBCD?a=EB155000
2026-05-20,TPEX,建材營造,EB155000,396.42,176.33,0.04,moneydj,https://www.moneydj.com/Z/ZB/ZBA/CZBA1.DJBCD?a=EB155000
2026-05-21,TPEX,建材營造,EB155000,409.8,177.54,0.06,moneydj,https://www.moneydj.com/Z/ZB/ZBA/CZBA1.DJBCD?a=EB155000
2026-05-22,TPEX,建材營造,EB155000,423.25,176.72,0.06,moneydj,https://www.moneydj.com/Z/ZB/ZBA/CZBA1.DJBCD?a=EB155000
2026-05-25,TPEX,建材營造,EB155000,434.99,173.96,0.1,moneydj,https://www.moneydj.com/Z/ZB/ZBA/CZBA1.DJBCD?a=EB155000
2026-05-26,TPEX,建材營造,EB155000,439.3,173.77,0.11,moneydj,https://www.moneydj.com/Z/ZB/ZBA/CZBA1.DJBCD?a=EB155000
2026-05-27,TPEX,建材營造,EB155000,440.19,172.85,0.07,moneydj,https://www.moneydj.com/Z/ZB/ZBA/CZBA1.DJBCD?a=EB155000
2026-05-28,TPEX,建材營造,EB155000,432.48,172.24,0.04,moneydj,https://www.moneydj.com/Z/ZB/ZBA/CZBA1.DJBCD?a=EB155000
2026-05-29,TPEX,建材營造,EB155000,443.64,172.59,0.04,moneydj,https://www.moneydj.com/Z/ZB/ZBA/CZBA1.DJBCD?a=EB155000
2026-06-01,TPEX,建材營造,EB155000,446.02,174.02,0.06,moneydj,https://www.moneydj.com/Z/ZB/ZBA/CZBA1.DJBCD?a=EB155000
2026-06-02,TPEX,建材營造,EB155000,440.64,175.2,0.05,moneydj,https://www.moneydj.com/Z/ZB/ZBA/CZBA1.DJBCD?a=EB155000
2026-06-03,TPEX,建材營造,EB155000,446.82,178.02,0.1,moneydj,https://www.moneydj.com/Z/ZB/ZBA/CZBA1.DJBCD?a=EB155000
2026-06-04,TPEX,建材營造,EB155000,440.1,179.47,0.17,moneydj,https://www.moneydj.com/Z/ZB/ZBA/CZBA1.DJBCD?a=EB155000
2026-06-05,TPEX,建材營造,EB155000,431.07,180.96,0.11,moneydj,https://www.moneydj.com/Z/ZB/ZBA/CZBA1.DJBCD?a=EB155000
2026-06-08,TPEX,建材營造,EB155000,412.57,175.01,0.1,moneydj,https://www.moneydj.com/Z/ZB/ZBA/CZBA1.DJBCD?a=EB155000
2026-06-09,TPEX,建材營造,EB155000,424.71,175.41,0.06,moneydj,https://www.moneydj.com/Z/ZB/ZBA/CZBA1.DJBCD?a=EB155000
2026-03-13,TPEX,航運業,EB156000,312.9,174.12,0.05,moneydj,https://www.moneydj.com/Z/ZB/ZBA/CZBA1.DJBCD?a=EB156000
2026-03-16,TPEX,航運業,EB156000,317.19,175.23,0.04,moneydj,https://www.moneydj.com/Z/ZB/ZBA/CZBA1.DJBCD?a=EB156000
2026-03-17,TPEX,航運業,EB156000,321.03,174.76,0.04,moneydj,https://www.moneydj.com/Z/ZB/ZBA/CZBA1.DJBCD?a=EB156000
2026-03-18,TPEX,航運業,EB156000,329.4,173.99,0.03,moneydj,https://www.moneydj.com/Z/ZB/ZBA/CZBA1.DJBCD?a=EB156000
2026-03-19,TPEX,航運業,EB156000,329.79,173.84,0.03,moneydj,https://www.moneydj.com/Z/ZB/ZBA/CZBA1.DJBCD?a=EB156000
2026-03-20,TPEX,航運業,EB156000,328.4,172.95,0.02,moneydj,https://www.moneydj.com/Z/ZB/ZBA/CZBA1.DJBCD?a=EB156000
2026-03-23,TPEX,航運業,EB156000,317.02,170.57,0.03,moneydj,https://www.moneydj.com/Z/ZB/ZBA/CZBA1.DJBCD?a=EB156000
2026-03-24,TPEX,航運業,EB156000,312.74,171.09,0.01,moneydj,https://www.moneydj.com/Z/ZB/ZBA/CZBA1.DJBCD?a=EB156000
2026-03-25,TPEX,航運業,EB156000,324.87,171.45,0.02,moneydj,https://www.moneydj.com/Z/ZB/ZBA/CZBA1.DJBCD?a=EB156000
2026-03-26,TPEX,航運業,EB156000,322.8,170.79,0.01,moneydj,https://www.moneydj.com/Z/ZB/ZBA/CZBA1.DJBCD?a=EB156000
2026-03-27,TPEX,航運業,EB156000,325.0,170.57,0.02,moneydj,https://www.moneydj.com/Z/ZB/ZBA/CZBA1.DJBCD?a=EB156000
2026-03-30,TPEX,航運業,EB156000,320.4,170.19,0.02,moneydj,https://www.moneydj.com/Z/ZB/ZBA/CZBA1.DJBCD?a=EB156000
2026-03-31,TPEX,航運業,EB156000,307.73,168.27,0.02,moneydj,https://www.moneydj.com/Z/ZB/ZBA/CZBA1.DJBCD?a=EB156000
2026-04-01,TPEX,航運業,EB156000,321.19,171.4,0.02,moneydj,https://www.moneydj.com/Z/ZB/ZBA/CZBA1.DJBCD?a=EB156000
2026-04-02,TPEX,航運業,EB156000,317.9,170.25,0.01,moneydj,https://www.moneydj.com/Z/ZB/ZBA/CZBA1.DJBCD?a=EB156000
2026-04-07,TPEX,航運業,EB156000,325.61,170.1,0.01,moneydj,https://www.moneydj.com/Z/ZB/ZBA/CZBA1.DJBCD?a=EB156000
2026-04-08,TPEX,航運業,EB156000,341.2,170.41,0.02,moneydj,https://www.moneydj.com/Z/ZB/ZBA/CZBA1.DJBCD?a=EB156000
2026-04-09,TPEX,航運業,EB156000,342.57,170.11,0.01,moneydj,https://www.moneydj.com/Z/ZB/ZBA/CZBA1.DJBCD?a=EB156000
2026-04-10,TPEX,航運業,EB156000,349.5,170.85,0.01,moneydj,https://www.moneydj.com/Z/ZB/ZBA/CZBA1.DJBCD?a=EB156000
2026-04-13,TPEX,航運業,EB156000,352.23,170.25,0.01,moneydj,https://www.moneydj.com/Z/ZB/ZBA/CZBA1.DJBCD?a=EB156000
2026-04-14,TPEX,航運業,EB156000,356.0,170.6,0.01,moneydj,https://www.moneydj.com/Z/ZB/ZBA/CZBA1.DJBCD?a=EB156000
2026-04-15,TPEX,航運業,EB156000,359.86,170.75,0.02,moneydj,https://www.moneydj.com/Z/ZB/ZBA/CZBA1.DJBCD?a=EB156000
2026-04-16,TPEX,航運業,EB156000,365.96,171.38,0.02,moneydj,https://www.moneydj.com/Z/ZB/ZBA/CZBA1.DJBCD?a=EB156000
2026-04-17,TPEX,航運業,EB156000,372.34,171.55,0.01,moneydj,https://www.moneydj.com/Z/ZB/ZBA/CZBA1.DJBCD?a=EB156000
2026-04-20,TPEX,航運業,EB156000,383.5,169.7,0.02,moneydj,https://www.moneydj.com/Z/ZB/ZBA/CZBA1.DJBCD?a=EB156000
2026-04-21,TPEX,航運業,EB156000,390.57,170.0,0.01,moneydj,https://www.moneydj.com/Z/ZB/ZBA/CZBA1.DJBCD?a=EB156000
2026-04-22,TPEX,航運業,EB156000,395.08,169.82,0.01,moneydj,https://www.moneydj.com/Z/ZB/ZBA/CZBA1.DJBCD?a=EB156000
2026-04-23,TPEX,航運業,EB156000,381.32,167.82,0.02,moneydj,https://www.moneydj.com/Z/ZB/ZBA/CZBA1.DJBCD?a=EB156000
2026-04-24,TPEX,航運業,EB156000,381.54,166.68,0.01,moneydj,https://www.moneydj.com/Z/ZB/ZBA/CZBA1.DJBCD?a=EB156000
2026-04-27,TPEX,航運業,EB156000,377.05,165.25,0.02,moneydj,https://www.moneydj.com/Z/ZB/ZBA/CZBA1.DJBCD?a=EB156000
2026-04-28,TPEX,航運業,EB156000,382.06,165.77,0.01,moneydj,https://www.moneydj.com/Z/ZB/ZBA/CZBA1.DJBCD?a=EB156000
2026-04-29,TPEX,航運業,EB156000,382.75,165.65,0.02,moneydj,https://www.moneydj.com/Z/ZB/ZBA/CZBA1.DJBCD?a=EB156000
2026-04-30,TPEX,航運業,EB156000,384.58,166.06,0.01,moneydj,https://www.moneydj.com/Z/ZB/ZBA/CZBA1.DJBCD?a=EB156000
2026-05-04,TPEX,航運業,EB156000,398.25,165.71,0.03,moneydj,https://www.moneydj.com/Z/ZB/ZBA/CZBA1.DJBCD?a=EB156000
2026-05-05,TPEX,航運業,EB156000,407.44,166.19,0.01,moneydj,https://www.moneydj.com/Z/ZB/ZBA/CZBA1.DJBCD?a=EB156000
2026-05-06,TPEX,航運業,EB156000,410.29,167.17,0.01,moneydj,https://www.moneydj.com/Z/ZB/ZBA/CZBA1.DJBCD?a=EB156000
2026-05-07,TPEX,航運業,EB156000,416.41,170.24,0.03,moneydj,https://www.moneydj.com/Z/ZB/ZBA/CZBA1.DJBCD?a=EB156000
2026-05-08,TPEX,航運業,EB156000,409.44,169.15,0.01,moneydj,https://www.moneydj.com/Z/ZB/ZBA/CZBA1.DJBCD?a=EB156000
2026-05-11,TPEX,航運業,EB156000,422.01,168.83,0.02,moneydj,https://www.moneydj.com/Z/ZB/ZBA/CZBA1.DJBCD?a=EB156000
2026-05-12,TPEX,航運業,EB156000,425.71,168.51,0.01,moneydj,https://www.moneydj.com/Z/ZB/ZBA/CZBA1.DJBCD?a=EB156000
2026-05-13,TPEX,航運業,EB156000,420.54,167.57,0.02,moneydj,https://www.moneydj.com/Z/ZB/ZBA/CZBA1.DJBCD?a=EB156000
2026-05-14,TPEX,航運業,EB156000,426.57,169.13,0.02,moneydj,https://www.moneydj.com/Z/ZB/ZBA/CZBA1.DJBCD?a=EB156000
2026-05-15,TPEX,航運業,EB156000,411.18,166.97,0.02,moneydj,https://www.moneydj.com/Z/ZB/ZBA/CZBA1.DJBCD?a=EB156000
2026-05-18,TPEX,航運業,EB156000,409.63,167.72,0.01,moneydj,https://www.moneydj.com/Z/ZB/ZBA/CZBA1.DJBCD?a=EB156000
2026-05-19,TPEX,航運業,EB156000,398.18,167.32,0.01,moneydj,https://www.moneydj.com/Z/ZB/ZBA/CZBA1.DJBCD?a=EB156000
2026-05-20,TPEX,航運業,EB156000,396.42,167.95,0.01,moneydj,https://www.moneydj.com/Z/ZB/ZBA/CZBA1.DJBCD?a=EB156000
2026-05-21,TPEX,航運業,EB156000,409.8,169.23,0.02,moneydj,https://www.moneydj.com/Z/ZB/ZBA/CZBA1.DJBCD?a=EB156000
2026-05-22,TPEX,航運業,EB156000,423.25,168.62,0.02,moneydj,https://www.moneydj.com/Z/ZB/ZBA/CZBA1.DJBCD?a=EB156000
2026-05-25,TPEX,航運業,EB156000,434.99,168.65,0.02,moneydj,https://www.moneydj.com/Z/ZB/ZBA/CZBA1.DJBCD?a=EB156000
2026-05-26,TPEX,航運業,EB156000,439.3,168.56,0.02,moneydj,https://www.moneydj.com/Z/ZB/ZBA/CZBA1.DJBCD?a=EB156000
2026-05-27,TPEX,航運業,EB156000,440.19,166.99,0.02,moneydj,https://www.moneydj.com/Z/ZB/ZBA/CZBA1.DJBCD?a=EB156000
2026-05-28,TPEX,航運業,EB156000,432.48,166.41,0.02,moneydj,https://www.moneydj.com/Z/ZB/ZBA/CZBA1.DJBCD?a=EB156000
2026-05-29,TPEX,航運業,EB156000,443.64,167.44,0.02,moneydj,https://www.moneydj.com/Z/ZB/ZBA/CZBA1.DJBCD?a=EB156000
2026-06-01,TPEX,航運業,EB156000,446.02,171.97,0.09,moneydj,https://www.moneydj.com/Z/ZB/ZBA/CZBA1.DJBCD?a=EB156000
2026-06-02,TPEX,航運業,EB156000,440.64,173.19,0.08,moneydj,https://www.moneydj.com/Z/ZB/ZBA/CZBA1.DJBCD?a=EB156000
2026-06-03,TPEX,航運業,EB156000,446.82,174.09,0.06,moneydj,https://www.moneydj.com/Z/ZB/ZBA/CZBA1.DJBCD?a=EB156000
2026-06-04,TPEX,航運業,EB156000,440.1,174.62,0.04,moneydj,https://www.moneydj.com/Z/ZB/ZBA/CZBA1.DJBCD?a=EB156000
2026-06-05,TPEX,航運業,EB156000,431.07,173.0,0.11,moneydj,https://www.moneydj.com/Z/ZB/ZBA/CZBA1.DJBCD?a=EB156000
2026-06-08,TPEX,航運業,EB156000,412.57,171.47,0.05,moneydj,https://www.moneydj.com/Z/ZB/ZBA/CZBA1.DJBCD?a=EB156000
2026-06-09,TPEX,航運業,EB156000,424.71,173.9,0.06,moneydj,https://www.moneydj.com/Z/ZB/ZBA/CZBA1.DJBCD?a=EB156000
2026-03-13,TPEX,觀光餐旅,EB157000,312.9,76.63,0.06,moneydj,https://www.moneydj.com/Z/ZB/ZBA/CZBA1.DJBCD?a=EB157000
2026-03-16,TPEX,觀光餐旅,EB157000,317.19,76.54,0.06,moneydj,https://www.moneydj.com/Z/ZB/ZBA/CZBA1.DJBCD?a=EB157000
2026-03-17,TPEX,觀光餐旅,EB157000,321.03,76.44,0.04,moneydj,https://www.moneydj.com/Z/ZB/ZBA/CZBA1.DJBCD?a=EB157000
2026-03-18,TPEX,觀光餐旅,EB157000,329.4,76.56,0.06,moneydj,https://www.moneydj.com/Z/ZB/ZBA/CZBA1.DJBCD?a=EB157000
2026-03-19,TPEX,觀光餐旅,EB157000,329.79,76.18,0.04,moneydj,https://www.moneydj.com/Z/ZB/ZBA/CZBA1.DJBCD?a=EB157000
2026-03-20,TPEX,觀光餐旅,EB157000,328.4,76.13,0.03,moneydj,https://www.moneydj.com/Z/ZB/ZBA/CZBA1.DJBCD?a=EB157000
2026-03-23,TPEX,觀光餐旅,EB157000,317.02,75.47,0.04,moneydj,https://www.moneydj.com/Z/ZB/ZBA/CZBA1.DJBCD?a=EB157000
2026-03-24,TPEX,觀光餐旅,EB157000,312.74,75.92,0.04,moneydj,https://www.moneydj.com/Z/ZB/ZBA/CZBA1.DJBCD?a=EB157000
2026-03-25,TPEX,觀光餐旅,EB157000,324.87,76.43,0.06,moneydj,https://www.moneydj.com/Z/ZB/ZBA/CZBA1.DJBCD?a=EB157000
2026-03-26,TPEX,觀光餐旅,EB157000,322.8,76.72,0.03,moneydj,https://www.moneydj.com/Z/ZB/ZBA/CZBA1.DJBCD?a=EB157000
2026-03-27,TPEX,觀光餐旅,EB157000,325.0,76.72,0.03,moneydj,https://www.moneydj.com/Z/ZB/ZBA/CZBA1.DJBCD?a=EB157000
2026-03-30,TPEX,觀光餐旅,EB157000,320.4,76.71,0.04,moneydj,https://www.moneydj.com/Z/ZB/ZBA/CZBA1.DJBCD?a=EB157000
2026-03-31,TPEX,觀光餐旅,EB157000,307.73,76.81,0.05,moneydj,https://www.moneydj.com/Z/ZB/ZBA/CZBA1.DJBCD?a=EB157000
2026-04-01,TPEX,觀光餐旅,EB157000,321.19,77.69,0.06,moneydj,https://www.moneydj.com/Z/ZB/ZBA/CZBA1.DJBCD?a=EB157000
2026-04-02,TPEX,觀光餐旅,EB157000,317.9,77.35,0.03,moneydj,https://www.moneydj.com/Z/ZB/ZBA/CZBA1.DJBCD?a=EB157000
2026-04-07,TPEX,觀光餐旅,EB157000,325.61,77.07,0.05,moneydj,https://www.moneydj.com/Z/ZB/ZBA/CZBA1.DJBCD?a=EB157000
2026-04-08,TPEX,觀光餐旅,EB157000,341.2,77.16,0.05,moneydj,https://www.moneydj.com/Z/ZB/ZBA/CZBA1.DJBCD?a=EB157000
2026-04-09,TPEX,觀光餐旅,EB157000,342.57,75.16,0.04,moneydj,https://www.moneydj.com/Z/ZB/ZBA/CZBA1.DJBCD?a=EB157000
2026-04-10,TPEX,觀光餐旅,EB157000,349.5,74.93,0.03,moneydj,https://www.moneydj.com/Z/ZB/ZBA/CZBA1.DJBCD?a=EB157000
2026-04-13,TPEX,觀光餐旅,EB157000,352.23,76.55,0.16,moneydj,https://www.moneydj.com/Z/ZB/ZBA/CZBA1.DJBCD?a=EB157000
2026-04-14,TPEX,觀光餐旅,EB157000,356.0,76.04,0.09,moneydj,https://www.moneydj.com/Z/ZB/ZBA/CZBA1.DJBCD?a=EB157000
2026-04-15,TPEX,觀光餐旅,EB157000,359.86,75.42,0.04,moneydj,https://www.moneydj.com/Z/ZB/ZBA/CZBA1.DJBCD?a=EB157000
2026-04-16,TPEX,觀光餐旅,EB157000,365.96,75.72,0.02,moneydj,https://www.moneydj.com/Z/ZB/ZBA/CZBA1.DJBCD?a=EB157000
2026-04-17,TPEX,觀光餐旅,EB157000,372.34,75.88,0.03,moneydj,https://www.moneydj.com/Z/ZB/ZBA/CZBA1.DJBCD?a=EB157000
2026-04-20,TPEX,觀光餐旅,EB157000,383.5,75.41,0.03,moneydj,https://www.moneydj.com/Z/ZB/ZBA/CZBA1.DJBCD?a=EB157000
2026-04-21,TPEX,觀光餐旅,EB157000,390.57,74.96,0.03,moneydj,https://www.moneydj.com/Z/ZB/ZBA/CZBA1.DJBCD?a=EB157000
2026-04-22,TPEX,觀光餐旅,EB157000,395.08,74.93,0.03,moneydj,https://www.moneydj.com/Z/ZB/ZBA/CZBA1.DJBCD?a=EB157000
2026-04-23,TPEX,觀光餐旅,EB157000,381.32,74.21,0.03,moneydj,https://www.moneydj.com/Z/ZB/ZBA/CZBA1.DJBCD?a=EB157000
2026-04-24,TPEX,觀光餐旅,EB157000,381.54,74.04,0.02,moneydj,https://www.moneydj.com/Z/ZB/ZBA/CZBA1.DJBCD?a=EB157000
2026-04-27,TPEX,觀光餐旅,EB157000,377.05,73.65,0.04,moneydj,https://www.moneydj.com/Z/ZB/ZBA/CZBA1.DJBCD?a=EB157000
2026-04-28,TPEX,觀光餐旅,EB157000,382.06,73.66,0.03,moneydj,https://www.moneydj.com/Z/ZB/ZBA/CZBA1.DJBCD?a=EB157000
2026-04-29,TPEX,觀光餐旅,EB157000,382.75,73.45,0.02,moneydj,https://www.moneydj.com/Z/ZB/ZBA/CZBA1.DJBCD?a=EB157000
2026-04-30,TPEX,觀光餐旅,EB157000,384.58,73.6,0.02,moneydj,https://www.moneydj.com/Z/ZB/ZBA/CZBA1.DJBCD?a=EB157000
2026-05-04,TPEX,觀光餐旅,EB157000,398.25,73.47,0.04,moneydj,https://www.moneydj.com/Z/ZB/ZBA/CZBA1.DJBCD?a=EB157000
2026-05-05,TPEX,觀光餐旅,EB157000,407.44,73.2,0.04,moneydj,https://www.moneydj.com/Z/ZB/ZBA/CZBA1.DJBCD?a=EB157000
2026-05-06,TPEX,觀光餐旅,EB157000,410.29,72.72,0.02,moneydj,https://www.moneydj.com/Z/ZB/ZBA/CZBA1.DJBCD?a=EB157000
2026-05-07,TPEX,觀光餐旅,EB157000,416.41,72.87,0.03,moneydj,https://www.moneydj.com/Z/ZB/ZBA/CZBA1.DJBCD?a=EB157000
2026-05-08,TPEX,觀光餐旅,EB157000,409.44,73.06,0.03,moneydj,https://www.moneydj.com/Z/ZB/ZBA/CZBA1.DJBCD?a=EB157000
2026-05-11,TPEX,觀光餐旅,EB157000,422.01,73.26,0.04,moneydj,https://www.moneydj.com/Z/ZB/ZBA/CZBA1.DJBCD?a=EB157000
2026-05-12,TPEX,觀光餐旅,EB157000,425.71,73.14,0.02,moneydj,https://www.moneydj.com/Z/ZB/ZBA/CZBA1.DJBCD?a=EB157000
2026-05-13,TPEX,觀光餐旅,EB157000,420.54,72.95,0.03,moneydj,https://www.moneydj.com/Z/ZB/ZBA/CZBA1.DJBCD?a=EB157000
2026-05-14,TPEX,觀光餐旅,EB157000,426.57,72.59,0.03,moneydj,https://www.moneydj.com/Z/ZB/ZBA/CZBA1.DJBCD?a=EB157000
2026-05-15,TPEX,觀光餐旅,EB157000,411.18,72.25,0.03,moneydj,https://www.moneydj.com/Z/ZB/ZBA/CZBA1.DJBCD?a=EB157000
2026-05-18,TPEX,觀光餐旅,EB157000,409.63,71.74,0.03,moneydj,https://www.moneydj.com/Z/ZB/ZBA/CZBA1.DJBCD?a=EB157000
2026-05-19,TPEX,觀光餐旅,EB157000,398.18,71.75,0.03,moneydj,https://www.moneydj.com/Z/ZB/ZBA/CZBA1.DJBCD?a=EB157000
2026-05-20,TPEX,觀光餐旅,EB157000,396.42,72.31,0.08,moneydj,https://www.moneydj.com/Z/ZB/ZBA/CZBA1.DJBCD?a=EB157000
2026-05-21,TPEX,觀光餐旅,EB157000,409.8,72.46,0.08,moneydj,https://www.moneydj.com/Z/ZB/ZBA/CZBA1.DJBCD?a=EB157000
2026-05-22,TPEX,觀光餐旅,EB157000,423.25,72.36,0.03,moneydj,https://www.moneydj.com/Z/ZB/ZBA/CZBA1.DJBCD?a=EB157000
2026-05-25,TPEX,觀光餐旅,EB157000,434.99,71.91,0.03,moneydj,https://www.moneydj.com/Z/ZB/ZBA/CZBA1.DJBCD?a=EB157000
2026-05-26,TPEX,觀光餐旅,EB157000,439.3,71.84,0.03,moneydj,https://www.moneydj.com/Z/ZB/ZBA/CZBA1.DJBCD?a=EB157000
2026-05-27,TPEX,觀光餐旅,EB157000,440.19,71.51,0.02,moneydj,https://www.moneydj.com/Z/ZB/ZBA/CZBA1.DJBCD?a=EB157000
2026-05-28,TPEX,觀光餐旅,EB157000,432.48,71.53,0.02,moneydj,https://www.moneydj.com/Z/ZB/ZBA/CZBA1.DJBCD?a=EB157000
2026-05-29,TPEX,觀光餐旅,EB157000,443.64,71.99,0.02,moneydj,https://www.moneydj.com/Z/ZB/ZBA/CZBA1.DJBCD?a=EB157000
2026-06-01,TPEX,觀光餐旅,EB157000,446.02,72.28,0.04,moneydj,https://www.moneydj.com/Z/ZB/ZBA/CZBA1.DJBCD?a=EB157000
2026-06-02,TPEX,觀光餐旅,EB157000,440.64,72.43,0.03,moneydj,https://www.moneydj.com/Z/ZB/ZBA/CZBA1.DJBCD?a=EB157000
2026-06-03,TPEX,觀光餐旅,EB157000,446.82,72.79,0.04,moneydj,https://www.moneydj.com/Z/ZB/ZBA/CZBA1.DJBCD?a=EB157000
2026-06-04,TPEX,觀光餐旅,EB157000,440.1,73.39,0.07,moneydj,https://www.moneydj.com/Z/ZB/ZBA/CZBA1.DJBCD?a=EB157000
2026-06-05,TPEX,觀光餐旅,EB157000,431.07,73.28,0.06,moneydj,https://www.moneydj.com/Z/ZB/ZBA/CZBA1.DJBCD?a=EB157000
2026-06-08,TPEX,觀光餐旅,EB157000,412.57,72.4,0.05,moneydj,https://www.moneydj.com/Z/ZB/ZBA/CZBA1.DJBCD?a=EB157000
2026-06-09,TPEX,觀光餐旅,EB157000,424.71,72.34,0.05,moneydj,https://www.moneydj.com/Z/ZB/ZBA/CZBA1.DJBCD?a=EB157000
2026-03-13,TPEX,文化創意,EB170000,312.9,238.74,0.74,moneydj,https://www.moneydj.com/Z/ZB/ZBA/CZBA1.DJBCD?a=EB170000
2026-03-16,TPEX,文化創意,EB170000,317.19,238.76,0.64,moneydj,https://www.moneydj.com/Z/ZB/ZBA/CZBA1.DJBCD?a=EB170000
2026-03-17,TPEX,文化創意,EB170000,321.03,241.54,0.61,moneydj,https://www.moneydj.com/Z/ZB/ZBA/CZBA1.DJBCD?a=EB170000
2026-03-18,TPEX,文化創意,EB170000,329.4,245.63,1.03,moneydj,https://www.moneydj.com/Z/ZB/ZBA/CZBA1.DJBCD?a=EB170000
2026-03-19,TPEX,文化創意,EB170000,329.79,245.13,0.55,moneydj,https://www.moneydj.com/Z/ZB/ZBA/CZBA1.DJBCD?a=EB170000
2026-03-20,TPEX,文化創意,EB170000,328.4,245.74,0.64,moneydj,https://www.moneydj.com/Z/ZB/ZBA/CZBA1.DJBCD?a=EB170000
2026-03-23,TPEX,文化創意,EB170000,317.02,240.7,0.57,moneydj,https://www.moneydj.com/Z/ZB/ZBA/CZBA1.DJBCD?a=EB170000
2026-03-24,TPEX,文化創意,EB170000,312.74,241.43,0.57,moneydj,https://www.moneydj.com/Z/ZB/ZBA/CZBA1.DJBCD?a=EB170000
2026-03-25,TPEX,文化創意,EB170000,324.87,244.9,0.83,moneydj,https://www.moneydj.com/Z/ZB/ZBA/CZBA1.DJBCD?a=EB170000
2026-03-26,TPEX,文化創意,EB170000,322.8,252.67,2.08,moneydj,https://www.moneydj.com/Z/ZB/ZBA/CZBA1.DJBCD?a=EB170000
2026-03-27,TPEX,文化創意,EB170000,325.0,255.59,1.34,moneydj,https://www.moneydj.com/Z/ZB/ZBA/CZBA1.DJBCD?a=EB170000
2026-03-30,TPEX,文化創意,EB170000,320.4,243.46,1.5,moneydj,https://www.moneydj.com/Z/ZB/ZBA/CZBA1.DJBCD?a=EB170000
2026-03-31,TPEX,文化創意,EB170000,307.73,243.36,1.03,moneydj,https://www.moneydj.com/Z/ZB/ZBA/CZBA1.DJBCD?a=EB170000
2026-04-01,TPEX,文化創意,EB170000,321.19,247.5,1.03,moneydj,https://www.moneydj.com/Z/ZB/ZBA/CZBA1.DJBCD?a=EB170000
2026-04-02,TPEX,文化創意,EB170000,317.9,244.47,0.5,moneydj,https://www.moneydj.com/Z/ZB/ZBA/CZBA1.DJBCD?a=EB170000
2026-04-07,TPEX,文化創意,EB170000,325.61,249.88,0.7,moneydj,https://www.moneydj.com/Z/ZB/ZBA/CZBA1.DJBCD?a=EB170000
2026-04-08,TPEX,文化創意,EB170000,341.2,249.5,0.86,moneydj,https://www.moneydj.com/Z/ZB/ZBA/CZBA1.DJBCD?a=EB170000
2026-04-09,TPEX,文化創意,EB170000,342.57,247.26,0.77,moneydj,https://www.moneydj.com/Z/ZB/ZBA/CZBA1.DJBCD?a=EB170000
2026-04-10,TPEX,文化創意,EB170000,349.5,248.9,0.61,moneydj,https://www.moneydj.com/Z/ZB/ZBA/CZBA1.DJBCD?a=EB170000
2026-04-13,TPEX,文化創意,EB170000,352.23,247.92,0.32,moneydj,https://www.moneydj.com/Z/ZB/ZBA/CZBA1.DJBCD?a=EB170000
2026-04-14,TPEX,文化創意,EB170000,356.0,246.29,0.49,moneydj,https://www.moneydj.com/Z/ZB/ZBA/CZBA1.DJBCD?a=EB170000
2026-04-15,TPEX,文化創意,EB170000,359.86,243.66,0.58,moneydj,https://www.moneydj.com/Z/ZB/ZBA/CZBA1.DJBCD?a=EB170000
2026-04-16,TPEX,文化創意,EB170000,365.96,248.58,0.57,moneydj,https://www.moneydj.com/Z/ZB/ZBA/CZBA1.DJBCD?a=EB170000
2026-04-17,TPEX,文化創意,EB170000,372.34,249.98,0.6,moneydj,https://www.moneydj.com/Z/ZB/ZBA/CZBA1.DJBCD?a=EB170000
2026-04-20,TPEX,文化創意,EB170000,383.5,253.05,0.54,moneydj,https://www.moneydj.com/Z/ZB/ZBA/CZBA1.DJBCD?a=EB170000
2026-04-21,TPEX,文化創意,EB170000,390.57,252.21,0.37,moneydj,https://www.moneydj.com/Z/ZB/ZBA/CZBA1.DJBCD?a=EB170000
2026-04-22,TPEX,文化創意,EB170000,395.08,255.91,0.52,moneydj,https://www.moneydj.com/Z/ZB/ZBA/CZBA1.DJBCD?a=EB170000
2026-04-23,TPEX,文化創意,EB170000,381.32,247.63,0.61,moneydj,https://www.moneydj.com/Z/ZB/ZBA/CZBA1.DJBCD?a=EB170000
2026-04-24,TPEX,文化創意,EB170000,381.54,245.8,0.38,moneydj,https://www.moneydj.com/Z/ZB/ZBA/CZBA1.DJBCD?a=EB170000
2026-04-27,TPEX,文化創意,EB170000,377.05,243.54,0.57,moneydj,https://www.moneydj.com/Z/ZB/ZBA/CZBA1.DJBCD?a=EB170000
2026-04-28,TPEX,文化創意,EB170000,382.06,245.14,0.45,moneydj,https://www.moneydj.com/Z/ZB/ZBA/CZBA1.DJBCD?a=EB170000
2026-04-29,TPEX,文化創意,EB170000,382.75,245.18,0.39,moneydj,https://www.moneydj.com/Z/ZB/ZBA/CZBA1.DJBCD?a=EB170000
2026-04-30,TPEX,文化創意,EB170000,384.58,242.97,0.62,moneydj,https://www.moneydj.com/Z/ZB/ZBA/CZBA1.DJBCD?a=EB170000
2026-05-04,TPEX,文化創意,EB170000,398.25,242.23,0.38,moneydj,https://www.moneydj.com/Z/ZB/ZBA/CZBA1.DJBCD?a=EB170000
2026-05-05,TPEX,文化創意,EB170000,407.44,241.86,0.34,moneydj,https://www.moneydj.com/Z/ZB/ZBA/CZBA1.DJBCD?a=EB170000
2026-05-06,TPEX,文化創意,EB170000,410.29,240.3,0.39,moneydj,https://www.moneydj.com/Z/ZB/ZBA/CZBA1.DJBCD?a=EB170000
2026-05-07,TPEX,文化創意,EB170000,416.41,237.28,0.59,moneydj,https://www.moneydj.com/Z/ZB/ZBA/CZBA1.DJBCD?a=EB170000
2026-05-08,TPEX,文化創意,EB170000,409.44,240.44,0.4,moneydj,https://www.moneydj.com/Z/ZB/ZBA/CZBA1.DJBCD?a=EB170000
2026-05-11,TPEX,文化創意,EB170000,422.01,239.71,0.32,moneydj,https://www.moneydj.com/Z/ZB/ZBA/CZBA1.DJBCD?a=EB170000
2026-05-12,TPEX,文化創意,EB170000,425.71,240.98,0.44,moneydj,https://www.moneydj.com/Z/ZB/ZBA/CZBA1.DJBCD?a=EB170000
2026-05-13,TPEX,文化創意,EB170000,420.54,236.9,0.41,moneydj,https://www.moneydj.com/Z/ZB/ZBA/CZBA1.DJBCD?a=EB170000
2026-05-14,TPEX,文化創意,EB170000,426.57,237.01,0.31,moneydj,https://www.moneydj.com/Z/ZB/ZBA/CZBA1.DJBCD?a=EB170000
2026-05-15,TPEX,文化創意,EB170000,411.18,236.6,0.46,moneydj,https://www.moneydj.com/Z/ZB/ZBA/CZBA1.DJBCD?a=EB170000
2026-05-18,TPEX,文化創意,EB170000,409.63,236.07,0.51,moneydj,https://www.moneydj.com/Z/ZB/ZBA/CZBA1.DJBCD?a=EB170000
2026-05-19,TPEX,文化創意,EB170000,398.18,238.51,0.69,moneydj,https://www.moneydj.com/Z/ZB/ZBA/CZBA1.DJBCD?a=EB170000
2026-05-20,TPEX,文化創意,EB170000,396.42,239.04,0.55,moneydj,https://www.moneydj.com/Z/ZB/ZBA/CZBA1.DJBCD?a=EB170000
2026-05-21,TPEX,文化創意,EB170000,409.8,242.18,0.51,moneydj,https://www.moneydj.com/Z/ZB/ZBA/CZBA1.DJBCD?a=EB170000
2026-05-22,TPEX,文化創意,EB170000,423.25,244.21,0.67,moneydj,https://www.moneydj.com/Z/ZB/ZBA/CZBA1.DJBCD?a=EB170000
2026-05-25,TPEX,文化創意,EB170000,434.99,241.92,0.54,moneydj,https://www.moneydj.com/Z/ZB/ZBA/CZBA1.DJBCD?a=EB170000
2026-05-26,TPEX,文化創意,EB170000,439.3,240.28,0.42,moneydj,https://www.moneydj.com/Z/ZB/ZBA/CZBA1.DJBCD?a=EB170000
2026-05-27,TPEX,文化創意,EB170000,440.19,243.87,0.98,moneydj,https://www.moneydj.com/Z/ZB/ZBA/CZBA1.DJBCD?a=EB170000
2026-05-28,TPEX,文化創意,EB170000,432.48,241.87,0.61,moneydj,https://www.moneydj.com/Z/ZB/ZBA/CZBA1.DJBCD?a=EB170000
2026-05-29,TPEX,文化創意,EB170000,443.64,243.27,0.53,moneydj,https://www.moneydj.com/Z/ZB/ZBA/CZBA1.DJBCD?a=EB170000
2026-06-01,TPEX,文化創意,EB170000,446.02,247.68,0.58,moneydj,https://www.moneydj.com/Z/ZB/ZBA/CZBA1.DJBCD?a=EB170000
2026-06-02,TPEX,文化創意,EB170000,440.64,256.93,1.31,moneydj,https://www.moneydj.com/Z/ZB/ZBA/CZBA1.DJBCD?a=EB170000
2026-06-03,TPEX,文化創意,EB170000,446.82,255.2,1.09,moneydj,https://www.moneydj.com/Z/ZB/ZBA/CZBA1.DJBCD?a=EB170000
2026-06-04,TPEX,文化創意,EB170000,440.1,257.27,1.25,moneydj,https://www.moneydj.com/Z/ZB/ZBA/CZBA1.DJBCD?a=EB170000
2026-06-05,TPEX,文化創意,EB170000,431.07,254.92,1.05,moneydj,https://www.moneydj.com/Z/ZB/ZBA/CZBA1.DJBCD?a=EB170000
2026-06-08,TPEX,文化創意,EB170000,412.57,251.88,1.36,moneydj,https://www.moneydj.com/Z/ZB/ZBA/CZBA1.DJBCD?a=EB170000
2026-06-09,TPEX,文化創意,EB170000,424.71,256.87,1.05,moneydj,https://www.moneydj.com/Z/ZB/ZBA/CZBA1.DJBCD?a=EB170000
2026-03-13,TPEX,綠能環保,EB173000,312.9,113.79,0.23,moneydj,https://www.moneydj.com/Z/ZB/ZBA/CZBA1.DJBCD?a=EB173000
2026-03-16,TPEX,綠能環保,EB173000,317.19,112.96,0.2,moneydj,https://www.moneydj.com/Z/ZB/ZBA/CZBA1.DJBCD?a=EB173000
2026-03-17,TPEX,綠能環保,EB173000,321.03,113.52,0.16,moneydj,https://www.moneydj.com/Z/ZB/ZBA/CZBA1.DJBCD?a=EB173000
2026-03-18,TPEX,綠能環保,EB173000,329.4,115.15,0.23,moneydj,https://www.moneydj.com/Z/ZB/ZBA/CZBA1.DJBCD?a=EB173000
2026-03-19,TPEX,綠能環保,EB173000,329.79,113.85,0.23,moneydj,https://www.moneydj.com/Z/ZB/ZBA/CZBA1.DJBCD?a=EB173000
2026-03-20,TPEX,綠能環保,EB173000,328.4,113.13,0.11,moneydj,https://www.moneydj.com/Z/ZB/ZBA/CZBA1.DJBCD?a=EB173000
2026-03-23,TPEX,綠能環保,EB173000,317.02,111.3,0.21,moneydj,https://www.moneydj.com/Z/ZB/ZBA/CZBA1.DJBCD?a=EB173000
2026-03-24,TPEX,綠能環保,EB173000,312.74,112.14,0.2,moneydj,https://www.moneydj.com/Z/ZB/ZBA/CZBA1.DJBCD?a=EB173000
2026-03-25,TPEX,綠能環保,EB173000,324.87,113.88,0.21,moneydj,https://www.moneydj.com/Z/ZB/ZBA/CZBA1.DJBCD?a=EB173000
2026-03-26,TPEX,綠能環保,EB173000,322.8,111.54,0.14,moneydj,https://www.moneydj.com/Z/ZB/ZBA/CZBA1.DJBCD?a=EB173000
2026-03-27,TPEX,綠能環保,EB173000,325.0,111.27,0.13,moneydj,https://www.moneydj.com/Z/ZB/ZBA/CZBA1.DJBCD?a=EB173000
2026-03-30,TPEX,綠能環保,EB173000,320.4,109.41,0.15,moneydj,https://www.moneydj.com/Z/ZB/ZBA/CZBA1.DJBCD?a=EB173000
2026-03-31,TPEX,綠能環保,EB173000,307.73,106.49,0.16,moneydj,https://www.moneydj.com/Z/ZB/ZBA/CZBA1.DJBCD?a=EB173000
2026-04-01,TPEX,綠能環保,EB173000,321.19,108.26,0.13,moneydj,https://www.moneydj.com/Z/ZB/ZBA/CZBA1.DJBCD?a=EB173000
2026-04-02,TPEX,綠能環保,EB173000,317.9,106.92,0.11,moneydj,https://www.moneydj.com/Z/ZB/ZBA/CZBA1.DJBCD?a=EB173000
2026-04-07,TPEX,綠能環保,EB173000,325.61,108.07,0.1,moneydj,https://www.moneydj.com/Z/ZB/ZBA/CZBA1.DJBCD?a=EB173000
2026-04-08,TPEX,綠能環保,EB173000,341.2,110.75,0.1,moneydj,https://www.moneydj.com/Z/ZB/ZBA/CZBA1.DJBCD?a=EB173000
2026-04-09,TPEX,綠能環保,EB173000,342.57,112.66,0.11,moneydj,https://www.moneydj.com/Z/ZB/ZBA/CZBA1.DJBCD?a=EB173000
2026-04-10,TPEX,綠能環保,EB173000,349.5,112.6,0.19,moneydj,https://www.moneydj.com/Z/ZB/ZBA/CZBA1.DJBCD?a=EB173000
2026-04-13,TPEX,綠能環保,EB173000,352.23,111.55,0.27,moneydj,https://www.moneydj.com/Z/ZB/ZBA/CZBA1.DJBCD?a=EB173000
2026-04-14,TPEX,綠能環保,EB173000,356.0,112.7,0.37,moneydj,https://www.moneydj.com/Z/ZB/ZBA/CZBA1.DJBCD?a=EB173000
2026-04-15,TPEX,綠能環保,EB173000,359.86,112.73,0.4,moneydj,https://www.moneydj.com/Z/ZB/ZBA/CZBA1.DJBCD?a=EB173000
2026-04-16,TPEX,綠能環保,EB173000,365.96,112.89,0.15,moneydj,https://www.moneydj.com/Z/ZB/ZBA/CZBA1.DJBCD?a=EB173000
2026-04-17,TPEX,綠能環保,EB173000,372.34,112.31,0.16,moneydj,https://www.moneydj.com/Z/ZB/ZBA/CZBA1.DJBCD?a=EB173000
2026-04-20,TPEX,綠能環保,EB173000,383.5,113.65,0.42,moneydj,https://www.moneydj.com/Z/ZB/ZBA/CZBA1.DJBCD?a=EB173000
2026-04-21,TPEX,綠能環保,EB173000,390.57,113.8,0.32,moneydj,https://www.moneydj.com/Z/ZB/ZBA/CZBA1.DJBCD?a=EB173000
2026-04-22,TPEX,綠能環保,EB173000,395.08,113.66,0.42,moneydj,https://www.moneydj.com/Z/ZB/ZBA/CZBA1.DJBCD?a=EB173000
2026-04-23,TPEX,綠能環保,EB173000,381.32,110.77,0.24,moneydj,https://www.moneydj.com/Z/ZB/ZBA/CZBA1.DJBCD?a=EB173000
2026-04-24,TPEX,綠能環保,EB173000,381.54,111.95,0.24,moneydj,https://www.moneydj.com/Z/ZB/ZBA/CZBA1.DJBCD?a=EB173000
2026-04-27,TPEX,綠能環保,EB173000,377.05,110.46,0.26,moneydj,https://www.moneydj.com/Z/ZB/ZBA/CZBA1.DJBCD?a=EB173000
2026-04-28,TPEX,綠能環保,EB173000,382.06,110.58,0.16,moneydj,https://www.moneydj.com/Z/ZB/ZBA/CZBA1.DJBCD?a=EB173000
2026-04-29,TPEX,綠能環保,EB173000,382.75,109.68,0.11,moneydj,https://www.moneydj.com/Z/ZB/ZBA/CZBA1.DJBCD?a=EB173000
2026-04-30,TPEX,綠能環保,EB173000,384.58,109.62,0.09,moneydj,https://www.moneydj.com/Z/ZB/ZBA/CZBA1.DJBCD?a=EB173000
2026-05-04,TPEX,綠能環保,EB173000,398.25,110.03,0.13,moneydj,https://www.moneydj.com/Z/ZB/ZBA/CZBA1.DJBCD?a=EB173000
2026-05-05,TPEX,綠能環保,EB173000,407.44,111.64,0.22,moneydj,https://www.moneydj.com/Z/ZB/ZBA/CZBA1.DJBCD?a=EB173000
2026-05-06,TPEX,綠能環保,EB173000,410.29,111.49,0.21,moneydj,https://www.moneydj.com/Z/ZB/ZBA/CZBA1.DJBCD?a=EB173000
2026-05-07,TPEX,綠能環保,EB173000,416.41,112.37,0.3,moneydj,https://www.moneydj.com/Z/ZB/ZBA/CZBA1.DJBCD?a=EB173000
2026-05-08,TPEX,綠能環保,EB173000,409.44,112.42,0.44,moneydj,https://www.moneydj.com/Z/ZB/ZBA/CZBA1.DJBCD?a=EB173000
2026-05-11,TPEX,綠能環保,EB173000,422.01,114.65,0.53,moneydj,https://www.moneydj.com/Z/ZB/ZBA/CZBA1.DJBCD?a=EB173000
2026-05-12,TPEX,綠能環保,EB173000,425.71,114.92,0.39,moneydj,https://www.moneydj.com/Z/ZB/ZBA/CZBA1.DJBCD?a=EB173000
2026-05-13,TPEX,綠能環保,EB173000,420.54,114.7,0.23,moneydj,https://www.moneydj.com/Z/ZB/ZBA/CZBA1.DJBCD?a=EB173000
2026-05-14,TPEX,綠能環保,EB173000,426.57,114.67,0.26,moneydj,https://www.moneydj.com/Z/ZB/ZBA/CZBA1.DJBCD?a=EB173000
2026-05-15,TPEX,綠能環保,EB173000,411.18,114.22,0.27,moneydj,https://www.moneydj.com/Z/ZB/ZBA/CZBA1.DJBCD?a=EB173000
2026-05-18,TPEX,綠能環保,EB173000,409.63,113.9,0.21,moneydj,https://www.moneydj.com/Z/ZB/ZBA/CZBA1.DJBCD?a=EB173000
2026-05-19,TPEX,綠能環保,EB173000,398.18,112.77,0.2,moneydj,https://www.moneydj.com/Z/ZB/ZBA/CZBA1.DJBCD?a=EB173000
2026-05-20,TPEX,綠能環保,EB173000,396.42,111.81,0.16,moneydj,https://www.moneydj.com/Z/ZB/ZBA/CZBA1.DJBCD?a=EB173000
2026-05-21,TPEX,綠能環保,EB173000,409.8,113.89,0.22,moneydj,https://www.moneydj.com/Z/ZB/ZBA/CZBA1.DJBCD?a=EB173000
2026-05-22,TPEX,綠能環保,EB173000,423.25,114.47,0.22,moneydj,https://www.moneydj.com/Z/ZB/ZBA/CZBA1.DJBCD?a=EB173000
2026-05-25,TPEX,綠能環保,EB173000,434.99,114.92,0.23,moneydj,https://www.moneydj.com/Z/ZB/ZBA/CZBA1.DJBCD?a=EB173000
2026-05-26,TPEX,綠能環保,EB173000,439.3,114.93,0.15,moneydj,https://www.moneydj.com/Z/ZB/ZBA/CZBA1.DJBCD?a=EB173000
2026-05-27,TPEX,綠能環保,EB173000,440.19,115.2,0.18,moneydj,https://www.moneydj.com/Z/ZB/ZBA/CZBA1.DJBCD?a=EB173000
2026-05-28,TPEX,綠能環保,EB173000,432.48,115.05,0.44,moneydj,https://www.moneydj.com/Z/ZB/ZBA/CZBA1.DJBCD?a=EB173000
2026-05-29,TPEX,綠能環保,EB173000,443.64,117.06,0.41,moneydj,https://www.moneydj.com/Z/ZB/ZBA/CZBA1.DJBCD?a=EB173000
2026-06-01,TPEX,綠能環保,EB173000,446.02,117.41,0.23,moneydj,https://www.moneydj.com/Z/ZB/ZBA/CZBA1.DJBCD?a=EB173000
2026-06-02,TPEX,綠能環保,EB173000,440.64,116.12,0.18,moneydj,https://www.moneydj.com/Z/ZB/ZBA/CZBA1.DJBCD?a=EB173000
2026-06-03,TPEX,綠能環保,EB173000,446.82,116.52,0.13,moneydj,https://www.moneydj.com/Z/ZB/ZBA/CZBA1.DJBCD?a=EB173000
2026-06-04,TPEX,綠能環保,EB173000,440.1,116.75,0.2,moneydj,https://www.moneydj.com/Z/ZB/ZBA/CZBA1.DJBCD?a=EB173000
2026-06-05,TPEX,綠能環保,EB173000,431.07,115.91,0.14,moneydj,https://www.moneydj.com/Z/ZB/ZBA/CZBA1.DJBCD?a=EB173000
2026-06-08,TPEX,綠能環保,EB173000,412.57,112.31,0.22,moneydj,https://www.moneydj.com/Z/ZB/ZBA/CZBA1.DJBCD?a=EB173000
2026-06-09,TPEX,綠能環保,EB173000,424.71,114.17,0.17,moneydj,https://www.moneydj.com/Z/ZB/ZBA/CZBA1.DJBCD?a=EB173000
2026-03-13,TPEX,數位雲端,EB174000,312.9,81.41,0.25,moneydj,https://www.moneydj.com/Z/ZB/ZBA/CZBA1.DJBCD?a=EB174000
2026-03-16,TPEX,數位雲端,EB174000,317.19,81.93,0.43,moneydj,https://www.moneydj.com/Z/ZB/ZBA/CZBA1.DJBCD?a=EB174000
2026-03-17,TPEX,數位雲端,EB174000,321.03,81.68,0.15,moneydj,https://www.moneydj.com/Z/ZB/ZBA/CZBA1.DJBCD?a=EB174000
2026-03-18,TPEX,數位雲端,EB174000,329.4,81.56,0.14,moneydj,https://www.moneydj.com/Z/ZB/ZBA/CZBA1.DJBCD?a=EB174000
2026-03-19,TPEX,數位雲端,EB174000,329.79,81.22,0.14,moneydj,https://www.moneydj.com/Z/ZB/ZBA/CZBA1.DJBCD?a=EB174000
2026-03-20,TPEX,數位雲端,EB174000,328.4,80.99,0.15,moneydj,https://www.moneydj.com/Z/ZB/ZBA/CZBA1.DJBCD?a=EB174000
2026-03-23,TPEX,數位雲端,EB174000,317.02,80.05,0.13,moneydj,https://www.moneydj.com/Z/ZB/ZBA/CZBA1.DJBCD?a=EB174000
2026-03-24,TPEX,數位雲端,EB174000,312.74,80.13,0.17,moneydj,https://www.moneydj.com/Z/ZB/ZBA/CZBA1.DJBCD?a=EB174000
2026-03-25,TPEX,數位雲端,EB174000,324.87,81.51,0.18,moneydj,https://www.moneydj.com/Z/ZB/ZBA/CZBA1.DJBCD?a=EB174000
2026-03-26,TPEX,數位雲端,EB174000,322.8,83.39,0.25,moneydj,https://www.moneydj.com/Z/ZB/ZBA/CZBA1.DJBCD?a=EB174000
2026-03-27,TPEX,數位雲端,EB174000,325.0,83.94,0.3,moneydj,https://www.moneydj.com/Z/ZB/ZBA/CZBA1.DJBCD?a=EB174000
2026-03-30,TPEX,數位雲端,EB174000,320.4,82.65,0.22,moneydj,https://www.moneydj.com/Z/ZB/ZBA/CZBA1.DJBCD?a=EB174000
2026-03-31,TPEX,數位雲端,EB174000,307.73,81.3,0.2,moneydj,https://www.moneydj.com/Z/ZB/ZBA/CZBA1.DJBCD?a=EB174000
2026-04-01,TPEX,數位雲端,EB174000,321.19,82.7,0.32,moneydj,https://www.moneydj.com/Z/ZB/ZBA/CZBA1.DJBCD?a=EB174000
2026-04-02,TPEX,數位雲端,EB174000,317.9,81.5,0.29,moneydj,https://www.moneydj.com/Z/ZB/ZBA/CZBA1.DJBCD?a=EB174000
2026-04-07,TPEX,數位雲端,EB174000,325.61,81.39,0.15,moneydj,https://www.moneydj.com/Z/ZB/ZBA/CZBA1.DJBCD?a=EB174000
2026-04-08,TPEX,數位雲端,EB174000,341.2,82.27,0.13,moneydj,https://www.moneydj.com/Z/ZB/ZBA/CZBA1.DJBCD?a=EB174000
2026-04-09,TPEX,數位雲端,EB174000,342.57,81.65,0.1,moneydj,https://www.moneydj.com/Z/ZB/ZBA/CZBA1.DJBCD?a=EB174000
2026-04-10,TPEX,數位雲端,EB174000,349.5,81.41,0.1,moneydj,https://www.moneydj.com/Z/ZB/ZBA/CZBA1.DJBCD?a=EB174000
2026-04-13,TPEX,數位雲端,EB174000,352.23,80.99,0.15,moneydj,https://www.moneydj.com/Z/ZB/ZBA/CZBA1.DJBCD?a=EB174000
2026-04-14,TPEX,數位雲端,EB174000,356.0,81.52,0.1,moneydj,https://www.moneydj.com/Z/ZB/ZBA/CZBA1.DJBCD?a=EB174000
2026-04-15,TPEX,數位雲端,EB174000,359.86,81.93,0.09,moneydj,https://www.moneydj.com/Z/ZB/ZBA/CZBA1.DJBCD?a=EB174000
2026-04-16,TPEX,數位雲端,EB174000,365.96,82.32,0.08,moneydj,https://www.moneydj.com/Z/ZB/ZBA/CZBA1.DJBCD?a=EB174000
2026-04-17,TPEX,數位雲端,EB174000,372.34,82.59,0.09,moneydj,https://www.moneydj.com/Z/ZB/ZBA/CZBA1.DJBCD?a=EB174000
2026-04-20,TPEX,數位雲端,EB174000,383.5,84.25,0.16,moneydj,https://www.moneydj.com/Z/ZB/ZBA/CZBA1.DJBCD?a=EB174000
2026-04-21,TPEX,數位雲端,EB174000,390.57,83.77,0.24,moneydj,https://www.moneydj.com/Z/ZB/ZBA/CZBA1.DJBCD?a=EB174000
2026-04-22,TPEX,數位雲端,EB174000,395.08,83.8,0.18,moneydj,https://www.moneydj.com/Z/ZB/ZBA/CZBA1.DJBCD?a=EB174000
2026-04-23,TPEX,數位雲端,EB174000,381.32,82.31,0.18,moneydj,https://www.moneydj.com/Z/ZB/ZBA/CZBA1.DJBCD?a=EB174000
2026-04-24,TPEX,數位雲端,EB174000,381.54,81.93,0.09,moneydj,https://www.moneydj.com/Z/ZB/ZBA/CZBA1.DJBCD?a=EB174000
2026-04-27,TPEX,數位雲端,EB174000,377.05,80.86,0.12,moneydj,https://www.moneydj.com/Z/ZB/ZBA/CZBA1.DJBCD?a=EB174000
2026-04-28,TPEX,數位雲端,EB174000,382.06,80.99,0.06,moneydj,https://www.moneydj.com/Z/ZB/ZBA/CZBA1.DJBCD?a=EB174000
2026-04-29,TPEX,數位雲端,EB174000,382.75,80.83,0.09,moneydj,https://www.moneydj.com/Z/ZB/ZBA/CZBA1.DJBCD?a=EB174000
2026-04-30,TPEX,數位雲端,EB174000,384.58,81.32,0.07,moneydj,https://www.moneydj.com/Z/ZB/ZBA/CZBA1.DJBCD?a=EB174000
2026-05-04,TPEX,數位雲端,EB174000,398.25,82.29,0.13,moneydj,https://www.moneydj.com/Z/ZB/ZBA/CZBA1.DJBCD?a=EB174000
2026-05-05,TPEX,數位雲端,EB174000,407.44,82.74,0.1,moneydj,https://www.moneydj.com/Z/ZB/ZBA/CZBA1.DJBCD?a=EB174000
2026-05-06,TPEX,數位雲端,EB174000,410.29,82.53,0.1,moneydj,https://www.moneydj.com/Z/ZB/ZBA/CZBA1.DJBCD?a=EB174000
2026-05-07,TPEX,數位雲端,EB174000,416.41,82.14,0.09,moneydj,https://www.moneydj.com/Z/ZB/ZBA/CZBA1.DJBCD?a=EB174000
2026-05-08,TPEX,數位雲端,EB174000,409.44,81.88,0.09,moneydj,https://www.moneydj.com/Z/ZB/ZBA/CZBA1.DJBCD?a=EB174000
2026-05-11,TPEX,數位雲端,EB174000,422.01,82.39,0.13,moneydj,https://www.moneydj.com/Z/ZB/ZBA/CZBA1.DJBCD?a=EB174000
2026-05-12,TPEX,數位雲端,EB174000,425.71,82.05,0.08,moneydj,https://www.moneydj.com/Z/ZB/ZBA/CZBA1.DJBCD?a=EB174000
2026-05-13,TPEX,數位雲端,EB174000,420.54,81.71,0.1,moneydj,https://www.moneydj.com/Z/ZB/ZBA/CZBA1.DJBCD?a=EB174000
2026-05-14,TPEX,數位雲端,EB174000,426.57,81.7,0.09,moneydj,https://www.moneydj.com/Z/ZB/ZBA/CZBA1.DJBCD?a=EB174000
2026-05-15,TPEX,數位雲端,EB174000,411.18,80.79,0.15,moneydj,https://www.moneydj.com/Z/ZB/ZBA/CZBA1.DJBCD?a=EB174000
2026-05-18,TPEX,數位雲端,EB174000,409.63,80.97,0.11,moneydj,https://www.moneydj.com/Z/ZB/ZBA/CZBA1.DJBCD?a=EB174000
2026-05-19,TPEX,數位雲端,EB174000,398.18,81.07,0.21,moneydj,https://www.moneydj.com/Z/ZB/ZBA/CZBA1.DJBCD?a=EB174000
2026-05-20,TPEX,數位雲端,EB174000,396.42,81.5,0.17,moneydj,https://www.moneydj.com/Z/ZB/ZBA/CZBA1.DJBCD?a=EB174000
2026-05-21,TPEX,數位雲端,EB174000,409.8,83.19,0.19,moneydj,https://www.moneydj.com/Z/ZB/ZBA/CZBA1.DJBCD?a=EB174000
2026-05-22,TPEX,數位雲端,EB174000,423.25,84.9,0.3,moneydj,https://www.moneydj.com/Z/ZB/ZBA/CZBA1.DJBCD?a=EB174000
2026-05-25,TPEX,數位雲端,EB174000,434.99,84.79,0.19,moneydj,https://www.moneydj.com/Z/ZB/ZBA/CZBA1.DJBCD?a=EB174000
2026-05-26,TPEX,數位雲端,EB174000,439.3,84.55,0.13,moneydj,https://www.moneydj.com/Z/ZB/ZBA/CZBA1.DJBCD?a=EB174000
2026-05-27,TPEX,數位雲端,EB174000,440.19,84.54,0.1,moneydj,https://www.moneydj.com/Z/ZB/ZBA/CZBA1.DJBCD?a=EB174000
2026-05-28,TPEX,數位雲端,EB174000,432.48,84.66,0.18,moneydj,https://www.moneydj.com/Z/ZB/ZBA/CZBA1.DJBCD?a=EB174000
2026-05-29,TPEX,數位雲端,EB174000,443.64,85.73,0.15,moneydj,https://www.moneydj.com/Z/ZB/ZBA/CZBA1.DJBCD?a=EB174000
2026-06-01,TPEX,數位雲端,EB174000,446.02,88.22,0.37,moneydj,https://www.moneydj.com/Z/ZB/ZBA/CZBA1.DJBCD?a=EB174000
2026-06-02,TPEX,數位雲端,EB174000,440.64,88.77,0.27,moneydj,https://www.moneydj.com/Z/ZB/ZBA/CZBA1.DJBCD?a=EB174000
2026-06-03,TPEX,數位雲端,EB174000,446.82,88.06,0.33,moneydj,https://www.moneydj.com/Z/ZB/ZBA/CZBA1.DJBCD?a=EB174000
2026-06-04,TPEX,數位雲端,EB174000,440.1,86.87,0.31,moneydj,https://www.moneydj.com/Z/ZB/ZBA/CZBA1.DJBCD?a=EB174000
2026-06-05,TPEX,數位雲端,EB174000,431.07,88.06,0.41,moneydj,https://www.moneydj.com/Z/ZB/ZBA/CZBA1.DJBCD?a=EB174000
2026-06-08,TPEX,數位雲端,EB174000,412.57,86.49,0.65,moneydj,https://www.moneydj.com/Z/ZB/ZBA/CZBA1.DJBCD?a=EB174000
2026-06-09,TPEX,數位雲端,EB174000,424.71,87.31,0.5,moneydj,https://www.moneydj.com/Z/ZB/ZBA/CZBA1.DJBCD?a=EB174000
2026-03-13,TPEX,居家生活,EB176000,312.9,88.65,0.14,moneydj,https://www.moneydj.com/Z/ZB/ZBA/CZBA1.DJBCD?a=EB176000
2026-03-16,TPEX,居家生活,EB176000,317.19,89.15,0.22,moneydj,https://www.moneydj.com/Z/ZB/ZBA/CZBA1.DJBCD?a=EB176000
2026-03-17,TPEX,居家生活,EB176000,321.03,89.49,0.19,moneydj,https://www.moneydj.com/Z/ZB/ZBA/CZBA1.DJBCD?a=EB176000
2026-03-18,TPEX,居家生活,EB176000,329.4,89.2,0.1,moneydj,https://www.moneydj.com/Z/ZB/ZBA/CZBA1.DJBCD?a=EB176000
2026-03-19,TPEX,居家生活,EB176000,329.79,89.41,0.14,moneydj,https://www.moneydj.com/Z/ZB/ZBA/CZBA1.DJBCD?a=EB176000
2026-03-20,TPEX,居家生活,EB176000,328.4,89.19,0.14,moneydj,https://www.moneydj.com/Z/ZB/ZBA/CZBA1.DJBCD?a=EB176000
2026-03-23,TPEX,居家生活,EB176000,317.02,89.05,0.11,moneydj,https://www.moneydj.com/Z/ZB/ZBA/CZBA1.DJBCD?a=EB176000
2026-03-24,TPEX,居家生活,EB176000,312.74,89.12,0.08,moneydj,https://www.moneydj.com/Z/ZB/ZBA/CZBA1.DJBCD?a=EB176000
2026-03-25,TPEX,居家生活,EB176000,324.87,89.62,0.13,moneydj,https://www.moneydj.com/Z/ZB/ZBA/CZBA1.DJBCD?a=EB176000
2026-03-26,TPEX,居家生活,EB176000,322.8,89.1,0.05,moneydj,https://www.moneydj.com/Z/ZB/ZBA/CZBA1.DJBCD?a=EB176000
2026-03-27,TPEX,居家生活,EB176000,325.0,88.78,0.06,moneydj,https://www.moneydj.com/Z/ZB/ZBA/CZBA1.DJBCD?a=EB176000
2026-03-30,TPEX,居家生活,EB176000,320.4,87.95,0.08,moneydj,https://www.moneydj.com/Z/ZB/ZBA/CZBA1.DJBCD?a=EB176000
2026-03-31,TPEX,居家生活,EB176000,307.73,87.36,0.15,moneydj,https://www.moneydj.com/Z/ZB/ZBA/CZBA1.DJBCD?a=EB176000
2026-04-01,TPEX,居家生活,EB176000,321.19,88.39,0.21,moneydj,https://www.moneydj.com/Z/ZB/ZBA/CZBA1.DJBCD?a=EB176000
2026-04-02,TPEX,居家生活,EB176000,317.9,87.84,0.09,moneydj,https://www.moneydj.com/Z/ZB/ZBA/CZBA1.DJBCD?a=EB176000
2026-04-07,TPEX,居家生活,EB176000,325.61,88.48,0.07,moneydj,https://www.moneydj.com/Z/ZB/ZBA/CZBA1.DJBCD?a=EB176000
2026-04-08,TPEX,居家生活,EB176000,341.2,88.98,0.07,moneydj,https://www.moneydj.com/Z/ZB/ZBA/CZBA1.DJBCD?a=EB176000
2026-04-09,TPEX,居家生活,EB176000,342.57,89.3,0.05,moneydj,https://www.moneydj.com/Z/ZB/ZBA/CZBA1.DJBCD?a=EB176000
2026-04-10,TPEX,居家生活,EB176000,349.5,88.91,0.07,moneydj,https://www.moneydj.com/Z/ZB/ZBA/CZBA1.DJBCD?a=EB176000
2026-04-13,TPEX,居家生活,EB176000,352.23,88.85,0.08,moneydj,https://www.moneydj.com/Z/ZB/ZBA/CZBA1.DJBCD?a=EB176000
2026-04-14,TPEX,居家生活,EB176000,356.0,88.73,0.05,moneydj,https://www.moneydj.com/Z/ZB/ZBA/CZBA1.DJBCD?a=EB176000
2026-04-15,TPEX,居家生活,EB176000,359.86,88.33,0.07,moneydj,https://www.moneydj.com/Z/ZB/ZBA/CZBA1.DJBCD?a=EB176000
2026-04-16,TPEX,居家生活,EB176000,365.96,88.23,0.07,moneydj,https://www.moneydj.com/Z/ZB/ZBA/CZBA1.DJBCD?a=EB176000
2026-04-17,TPEX,居家生活,EB176000,372.34,89.1,0.16,moneydj,https://www.moneydj.com/Z/ZB/ZBA/CZBA1.DJBCD?a=EB176000
2026-04-20,TPEX,居家生活,EB176000,383.5,89.75,0.14,moneydj,https://www.moneydj.com/Z/ZB/ZBA/CZBA1.DJBCD?a=EB176000
2026-04-21,TPEX,居家生活,EB176000,390.57,91.56,0.15,moneydj,https://www.moneydj.com/Z/ZB/ZBA/CZBA1.DJBCD?a=EB176000
2026-04-22,TPEX,居家生活,EB176000,395.08,91.88,0.19,moneydj,https://www.moneydj.com/Z/ZB/ZBA/CZBA1.DJBCD?a=EB176000
2026-04-23,TPEX,居家生活,EB176000,381.32,90.4,0.09,moneydj,https://www.moneydj.com/Z/ZB/ZBA/CZBA1.DJBCD?a=EB176000
2026-04-24,TPEX,居家生活,EB176000,381.54,90.95,0.05,moneydj,https://www.moneydj.com/Z/ZB/ZBA/CZBA1.DJBCD?a=EB176000
2026-04-27,TPEX,居家生活,EB176000,377.05,89.38,0.1,moneydj,https://www.moneydj.com/Z/ZB/ZBA/CZBA1.DJBCD?a=EB176000
2026-04-28,TPEX,居家生活,EB176000,382.06,91.01,0.31,moneydj,https://www.moneydj.com/Z/ZB/ZBA/CZBA1.DJBCD?a=EB176000
2026-04-29,TPEX,居家生活,EB176000,382.75,91.83,0.17,moneydj,https://www.moneydj.com/Z/ZB/ZBA/CZBA1.DJBCD?a=EB176000
2026-04-30,TPEX,居家生活,EB176000,384.58,93.09,0.18,moneydj,https://www.moneydj.com/Z/ZB/ZBA/CZBA1.DJBCD?a=EB176000
2026-05-04,TPEX,居家生活,EB176000,398.25,92.95,0.13,moneydj,https://www.moneydj.com/Z/ZB/ZBA/CZBA1.DJBCD?a=EB176000
2026-05-05,TPEX,居家生活,EB176000,407.44,92.8,0.1,moneydj,https://www.moneydj.com/Z/ZB/ZBA/CZBA1.DJBCD?a=EB176000
2026-05-06,TPEX,居家生活,EB176000,410.29,94.7,0.1,moneydj,https://www.moneydj.com/Z/ZB/ZBA/CZBA1.DJBCD?a=EB176000
2026-05-07,TPEX,居家生活,EB176000,416.41,93.72,0.07,moneydj,https://www.moneydj.com/Z/ZB/ZBA/CZBA1.DJBCD?a=EB176000
2026-05-08,TPEX,居家生活,EB176000,409.44,93.81,0.03,moneydj,https://www.moneydj.com/Z/ZB/ZBA/CZBA1.DJBCD?a=EB176000
2026-05-11,TPEX,居家生活,EB176000,422.01,93.17,0.08,moneydj,https://www.moneydj.com/Z/ZB/ZBA/CZBA1.DJBCD?a=EB176000
2026-05-12,TPEX,居家生活,EB176000,425.71,92.01,0.06,moneydj,https://www.moneydj.com/Z/ZB/ZBA/CZBA1.DJBCD?a=EB176000
2026-05-13,TPEX,居家生活,EB176000,420.54,92.14,0.08,moneydj,https://www.moneydj.com/Z/ZB/ZBA/CZBA1.DJBCD?a=EB176000
2026-05-14,TPEX,居家生活,EB176000,426.57,91.42,0.06,moneydj,https://www.moneydj.com/Z/ZB/ZBA/CZBA1.DJBCD?a=EB176000
2026-05-15,TPEX,居家生活,EB176000,411.18,91.12,0.14,moneydj,https://www.moneydj.com/Z/ZB/ZBA/CZBA1.DJBCD?a=EB176000
2026-05-18,TPEX,居家生活,EB176000,409.63,90.15,0.11,moneydj,https://www.moneydj.com/Z/ZB/ZBA/CZBA1.DJBCD?a=EB176000
2026-05-19,TPEX,居家生活,EB176000,398.18,91.28,0.11,moneydj,https://www.moneydj.com/Z/ZB/ZBA/CZBA1.DJBCD?a=EB176000
2026-05-20,TPEX,居家生活,EB176000,396.42,91.48,0.12,moneydj,https://www.moneydj.com/Z/ZB/ZBA/CZBA1.DJBCD?a=EB176000
2026-05-21,TPEX,居家生活,EB176000,409.8,91.69,0.13,moneydj,https://www.moneydj.com/Z/ZB/ZBA/CZBA1.DJBCD?a=EB176000
2026-05-22,TPEX,居家生活,EB176000,423.25,92.29,0.12,moneydj,https://www.moneydj.com/Z/ZB/ZBA/CZBA1.DJBCD?a=EB176000
2026-05-25,TPEX,居家生活,EB176000,434.99,91.49,0.14,moneydj,https://www.moneydj.com/Z/ZB/ZBA/CZBA1.DJBCD?a=EB176000
2026-05-26,TPEX,居家生活,EB176000,439.3,90.81,0.06,moneydj,https://www.moneydj.com/Z/ZB/ZBA/CZBA1.DJBCD?a=EB176000
2026-05-27,TPEX,居家生活,EB176000,440.19,91.1,0.08,moneydj,https://www.moneydj.com/Z/ZB/ZBA/CZBA1.DJBCD?a=EB176000
2026-05-28,TPEX,居家生活,EB176000,432.48,90.66,0.05,moneydj,https://www.moneydj.com/Z/ZB/ZBA/CZBA1.DJBCD?a=EB176000
2026-05-29,TPEX,居家生活,EB176000,443.64,92.13,0.07,moneydj,https://www.moneydj.com/Z/ZB/ZBA/CZBA1.DJBCD?a=EB176000
2026-06-01,TPEX,居家生活,EB176000,446.02,91.63,0.06,moneydj,https://www.moneydj.com/Z/ZB/ZBA/CZBA1.DJBCD?a=EB176000
2026-06-02,TPEX,居家生活,EB176000,440.64,91.74,0.05,moneydj,https://www.moneydj.com/Z/ZB/ZBA/CZBA1.DJBCD?a=EB176000
2026-06-03,TPEX,居家生活,EB176000,446.82,92.09,0.07,moneydj,https://www.moneydj.com/Z/ZB/ZBA/CZBA1.DJBCD?a=EB176000
2026-06-04,TPEX,居家生活,EB176000,440.1,93.29,0.09,moneydj,https://www.moneydj.com/Z/ZB/ZBA/CZBA1.DJBCD?a=EB176000
2026-06-05,TPEX,居家生活,EB176000,431.07,92.93,0.1,moneydj,https://www.moneydj.com/Z/ZB/ZBA/CZBA1.DJBCD?a=EB176000
2026-06-08,TPEX,居家生活,EB176000,412.57,92.76,0.21,moneydj,https://www.moneydj.com/Z/ZB/ZBA/CZBA1.DJBCD?a=EB176000
2026-06-09,TPEX,居家生活,EB176000,424.71,95.89,0.24,moneydj,https://www.moneydj.com/Z/ZB/ZBA/CZBA1.DJBCD?a=EB176000
2026-03-13,TPEX,其他,EB189000,312.9,166.59,0.66,moneydj,https://www.moneydj.com/Z/ZB/ZBA/CZBA1.DJBCD?a=EB189000
2026-03-16,TPEX,其他,EB189000,317.19,168.08,0.72,moneydj,https://www.moneydj.com/Z/ZB/ZBA/CZBA1.DJBCD?a=EB189000
2026-03-17,TPEX,其他,EB189000,321.03,168.53,0.87,moneydj,https://www.moneydj.com/Z/ZB/ZBA/CZBA1.DJBCD?a=EB189000
2026-03-18,TPEX,其他,EB189000,329.4,166.2,0.82,moneydj,https://www.moneydj.com/Z/ZB/ZBA/CZBA1.DJBCD?a=EB189000
2026-03-19,TPEX,其他,EB189000,329.79,164.76,0.6,moneydj,https://www.moneydj.com/Z/ZB/ZBA/CZBA1.DJBCD?a=EB189000
2026-03-20,TPEX,其他,EB189000,328.4,163.38,0.48,moneydj,https://www.moneydj.com/Z/ZB/ZBA/CZBA1.DJBCD?a=EB189000
2026-03-23,TPEX,其他,EB189000,317.02,161.4,0.8,moneydj,https://www.moneydj.com/Z/ZB/ZBA/CZBA1.DJBCD?a=EB189000
2026-03-24,TPEX,其他,EB189000,312.74,160.92,0.38,moneydj,https://www.moneydj.com/Z/ZB/ZBA/CZBA1.DJBCD?a=EB189000
2026-03-25,TPEX,其他,EB189000,324.87,164.42,0.65,moneydj,https://www.moneydj.com/Z/ZB/ZBA/CZBA1.DJBCD?a=EB189000
2026-03-26,TPEX,其他,EB189000,322.8,163.43,0.46,moneydj,https://www.moneydj.com/Z/ZB/ZBA/CZBA1.DJBCD?a=EB189000
2026-03-27,TPEX,其他,EB189000,325.0,163.43,0.32,moneydj,https://www.moneydj.com/Z/ZB/ZBA/CZBA1.DJBCD?a=EB189000
2026-03-30,TPEX,其他,EB189000,320.4,164.53,0.78,moneydj,https://www.moneydj.com/Z/ZB/ZBA/CZBA1.DJBCD?a=EB189000
2026-03-31,TPEX,其他,EB189000,307.73,160.97,0.72,moneydj,https://www.moneydj.com/Z/ZB/ZBA/CZBA1.DJBCD?a=EB189000
2026-04-01,TPEX,其他,EB189000,321.19,162.51,0.48,moneydj,https://www.moneydj.com/Z/ZB/ZBA/CZBA1.DJBCD?a=EB189000
2026-04-02,TPEX,其他,EB189000,317.9,160.74,0.34,moneydj,https://www.moneydj.com/Z/ZB/ZBA/CZBA1.DJBCD?a=EB189000
2026-04-07,TPEX,其他,EB189000,325.61,161.98,0.37,moneydj,https://www.moneydj.com/Z/ZB/ZBA/CZBA1.DJBCD?a=EB189000
2026-04-08,TPEX,其他,EB189000,341.2,163.33,0.32,moneydj,https://www.moneydj.com/Z/ZB/ZBA/CZBA1.DJBCD?a=EB189000
2026-04-09,TPEX,其他,EB189000,342.57,163.4,0.38,moneydj,https://www.moneydj.com/Z/ZB/ZBA/CZBA1.DJBCD?a=EB189000
2026-04-10,TPEX,其他,EB189000,349.5,162.69,0.44,moneydj,https://www.moneydj.com/Z/ZB/ZBA/CZBA1.DJBCD?a=EB189000
2026-04-13,TPEX,其他,EB189000,352.23,162.36,0.33,moneydj,https://www.moneydj.com/Z/ZB/ZBA/CZBA1.DJBCD?a=EB189000
2026-04-14,TPEX,其他,EB189000,356.0,163.88,0.37,moneydj,https://www.moneydj.com/Z/ZB/ZBA/CZBA1.DJBCD?a=EB189000
2026-04-15,TPEX,其他,EB189000,359.86,163.23,0.28,moneydj,https://www.moneydj.com/Z/ZB/ZBA/CZBA1.DJBCD?a=EB189000
2026-04-16,TPEX,其他,EB189000,365.96,163.63,0.48,moneydj,https://www.moneydj.com/Z/ZB/ZBA/CZBA1.DJBCD?a=EB189000
2026-04-17,TPEX,其他,EB189000,372.34,164.29,0.34,moneydj,https://www.moneydj.com/Z/ZB/ZBA/CZBA1.DJBCD?a=EB189000
2026-04-20,TPEX,其他,EB189000,383.5,166.97,0.48,moneydj,https://www.moneydj.com/Z/ZB/ZBA/CZBA1.DJBCD?a=EB189000
2026-04-21,TPEX,其他,EB189000,390.57,168.88,0.52,moneydj,https://www.moneydj.com/Z/ZB/ZBA/CZBA1.DJBCD?a=EB189000
2026-04-22,TPEX,其他,EB189000,395.08,170.28,0.42,moneydj,https://www.moneydj.com/Z/ZB/ZBA/CZBA1.DJBCD?a=EB189000
2026-04-23,TPEX,其他,EB189000,381.32,166.72,0.5,moneydj,https://www.moneydj.com/Z/ZB/ZBA/CZBA1.DJBCD?a=EB189000
2026-04-24,TPEX,其他,EB189000,381.54,164.46,0.51,moneydj,https://www.moneydj.com/Z/ZB/ZBA/CZBA1.DJBCD?a=EB189000
2026-04-27,TPEX,其他,EB189000,377.05,161.58,0.46,moneydj,https://www.moneydj.com/Z/ZB/ZBA/CZBA1.DJBCD?a=EB189000
2026-04-28,TPEX,其他,EB189000,382.06,162.51,0.26,moneydj,https://www.moneydj.com/Z/ZB/ZBA/CZBA1.DJBCD?a=EB189000
2026-04-29,TPEX,其他,EB189000,382.75,162.86,0.27,moneydj,https://www.moneydj.com/Z/ZB/ZBA/CZBA1.DJBCD?a=EB189000
2026-04-30,TPEX,其他,EB189000,384.58,161.45,0.33,moneydj,https://www.moneydj.com/Z/ZB/ZBA/CZBA1.DJBCD?a=EB189000
2026-05-04,TPEX,其他,EB189000,398.25,162.5,0.49,moneydj,https://www.moneydj.com/Z/ZB/ZBA/CZBA1.DJBCD?a=EB189000
2026-05-05,TPEX,其他,EB189000,407.44,164.47,0.4,moneydj,https://www.moneydj.com/Z/ZB/ZBA/CZBA1.DJBCD?a=EB189000
2026-05-06,TPEX,其他,EB189000,410.29,163.21,0.31,moneydj,https://www.moneydj.com/Z/ZB/ZBA/CZBA1.DJBCD?a=EB189000
2026-05-07,TPEX,其他,EB189000,416.41,164.01,0.32,moneydj,https://www.moneydj.com/Z/ZB/ZBA/CZBA1.DJBCD?a=EB189000
2026-05-08,TPEX,其他,EB189000,409.44,163.2,0.31,moneydj,https://www.moneydj.com/Z/ZB/ZBA/CZBA1.DJBCD?a=EB189000
2026-05-11,TPEX,其他,EB189000,422.01,162.77,0.44,moneydj,https://www.moneydj.com/Z/ZB/ZBA/CZBA1.DJBCD?a=EB189000
2026-05-12,TPEX,其他,EB189000,425.71,162.43,0.28,moneydj,https://www.moneydj.com/Z/ZB/ZBA/CZBA1.DJBCD?a=EB189000
2026-05-13,TPEX,其他,EB189000,420.54,163.27,0.32,moneydj,https://www.moneydj.com/Z/ZB/ZBA/CZBA1.DJBCD?a=EB189000
2026-05-14,TPEX,其他,EB189000,426.57,164.55,0.6,moneydj,https://www.moneydj.com/Z/ZB/ZBA/CZBA1.DJBCD?a=EB189000
2026-05-15,TPEX,其他,EB189000,411.18,163.22,0.7,moneydj,https://www.moneydj.com/Z/ZB/ZBA/CZBA1.DJBCD?a=EB189000
2026-05-18,TPEX,其他,EB189000,409.63,162.8,0.39,moneydj,https://www.moneydj.com/Z/ZB/ZBA/CZBA1.DJBCD?a=EB189000
2026-05-19,TPEX,其他,EB189000,398.18,161.79,0.51,moneydj,https://www.moneydj.com/Z/ZB/ZBA/CZBA1.DJBCD?a=EB189000
2026-05-20,TPEX,其他,EB189000,396.42,162.09,0.51,moneydj,https://www.moneydj.com/Z/ZB/ZBA/CZBA1.DJBCD?a=EB189000
2026-05-21,TPEX,其他,EB189000,409.8,163.73,0.68,moneydj,https://www.moneydj.com/Z/ZB/ZBA/CZBA1.DJBCD?a=EB189000
2026-05-22,TPEX,其他,EB189000,423.25,163.11,0.45,moneydj,https://www.moneydj.com/Z/ZB/ZBA/CZBA1.DJBCD?a=EB189000
2026-05-25,TPEX,其他,EB189000,434.99,164.48,0.53,moneydj,https://www.moneydj.com/Z/ZB/ZBA/CZBA1.DJBCD?a=EB189000
2026-05-26,TPEX,其他,EB189000,439.3,161.54,0.41,moneydj,https://www.moneydj.com/Z/ZB/ZBA/CZBA1.DJBCD?a=EB189000
2026-05-27,TPEX,其他,EB189000,440.19,159.7,0.27,moneydj,https://www.moneydj.com/Z/ZB/ZBA/CZBA1.DJBCD?a=EB189000
2026-05-28,TPEX,其他,EB189000,432.48,158.35,0.41,moneydj,https://www.moneydj.com/Z/ZB/ZBA/CZBA1.DJBCD?a=EB189000
2026-05-29,TPEX,其他,EB189000,443.64,160.71,0.47,moneydj,https://www.moneydj.com/Z/ZB/ZBA/CZBA1.DJBCD?a=EB189000
2026-06-01,TPEX,其他,EB189000,446.02,162.8,0.54,moneydj,https://www.moneydj.com/Z/ZB/ZBA/CZBA1.DJBCD?a=EB189000
2026-06-02,TPEX,其他,EB189000,440.64,161.36,0.28,moneydj,https://www.moneydj.com/Z/ZB/ZBA/CZBA1.DJBCD?a=EB189000
2026-06-03,TPEX,其他,EB189000,446.82,165.37,0.35,moneydj,https://www.moneydj.com/Z/ZB/ZBA/CZBA1.DJBCD?a=EB189000
2026-06-04,TPEX,其他,EB189000,440.1,166.66,0.72,moneydj,https://www.moneydj.com/Z/ZB/ZBA/CZBA1.DJBCD?a=EB189000
2026-06-05,TPEX,其他,EB189000,431.07,165.61,1.3,moneydj,https://www.moneydj.com/Z/ZB/ZBA/CZBA1.DJBCD?a=EB189000
2026-06-08,TPEX,其他,EB189000,412.57,160.95,0.86,moneydj,https://www.moneydj.com/Z/ZB/ZBA/CZBA1.DJBCD?a=EB189000
2026-06-09,TPEX,其他,EB189000,424.71,162.88,0.38,moneydj,https://www.moneydj.com/Z/ZB/ZBA/CZBA1.DJBCD?a=EB189000
